code,name,url
110000.0,北京市,https://www.beijing.gov.cn
110101.0,北京市东城区,https://www.bjdch.gov.cn
110102.0,北京市西城区,https://www.bjxch.gov.cn
110105.0,北京市朝阳区,http://www.bjchy.gov.cn
110106.0,北京市丰台区,http://www.bjft.gov.cn
110107.0,北京市石景山区,https://www.bjsjs.gov.cn
110108.0,北京市海淀区,https://www.bjhd.gov.cn
110109.0,北京市门头沟区,https://www.bjmtg.gov.cn
110111.0,北京市房山区,https://www.bjfsh.gov.cn
110112.0,北京市通州区,https://www.bjtzh.gov.cn
110113.0,北京市顺义区,https://www.bjshy.gov.cn
110114.0,北京市昌平区,https://www.bjchp.gov.cn
110115.0,北京市大兴区,https://www.bjdx.gov.cn
110116.0,北京市怀柔区,https://www.bjhr.gov.cn
110117.0,北京市平谷区,http://www.bjpg.gov.cn
110118.0,北京市密云区,https://www.bjmy.gov.cn
110119.0,北京市延庆区,http://www.bjyq.gov.cn
120000.0,天津市,https://www.tj.gov.cn
120101.0,天津市和平区,https://www.tjhp.gov.cn
120102.0,天津市河东区,https://www.tjhd.gov.cn
120103.0,天津市河西区,https://www.tjhx.gov.cn
120104.0,天津市南开区,https://www.tjnk.gov.cn
120105.0,天津市河北区,http://www.tjhb.gov.cn
120106.0,天津市红桥区,http://www.tjhq.gov.cn
120110.0,天津市东丽区,https://www.tjdl.gov.cn
120111.0,天津市西青区,https://www.tjxq.gov.cn
120112.0,天津市津南区,https://www.tjjn.gov.cn
120113.0,天津市北辰区,https://www.tjbc.gov.cn
120114.0,天津市武清区,https://www.tjwq.gov.cn
120115.0,天津市宝坻区,https://www.tjbd.gov.cn
120116.0,天津市滨海新区,https://www.tjbh.gov.cn
120117.0,天津市宁河区,https://www.tjnh.gov.cn
120118.0,天津市静海区,http://www.tjjh.gov.cn
120119.0,天津市蓟州区,https://www.tjjz.gov.cn
130000.0,河北省,https://www.hebei.gov.cn
130100.0,河北省石家庄市,https://www.sjz.gov.cn
130102.0,河北省石家庄市长安区,http://sjzca.gov.cn
130104.0,河北省石家庄市桥西区,http://www.sjzqx.gov.cn
130105.0,河北省石家庄市新华区,http://www.xhqsjz.gov.cn
130107.0,河北省石家庄市井陉矿区,http://www.sjzjx.gov.cn
130108.0,河北省石家庄市裕华区,http://www.yuhuaqu.gov.cn
130109.0,河北省石家庄市藁城区,https://gc.gov.cn
130110.0,河北省石家庄市鹿泉区,https://www.sjzlq.gov.cn
130111.0,河北省石家庄市栾城区,http://www.luancheng.gov.cn
130121.0,河北省石家庄市井陉县,
130123.0,河北省石家庄市正定县,http://www.zd.gov.cn
130125.0,河北省石家庄市行唐县,http://www.xingtang.gov.cn
130126.0,河北省石家庄市灵寿县,http://lingshou.gov.cn
130127.0,河北省石家庄市高邑县,http://www.gyx.gov.cn
130128.0,河北省石家庄市深泽县,http://www.shenze.gov.cn
130129.0,河北省石家庄市赞皇县,http://www.zanhuang.gov.cn
130130.0,河北省石家庄市无极县,https://ggzyfw.beijing.gov.cn
130131.0,河北省石家庄市平山县,http://www.sjzps.gov.cn
130132.0,河北省石家庄市元氏县,http://www.yuanshi.gov.cn
130133.0,河北省石家庄市赵县,http://zhaoxian.gov.cn
130181.0,河北省石家庄市辛集市,https://www.xinji.gov.cn
130183.0,河北省石家庄市晋州市,https://www.jzs.gov.cn
130184.0,河北省石家庄市新乐市,http://www.xinle.gov.cn
130200.0,河北省唐山市,https://www.tangshan.gov.cn
130202.0,河北省唐山市路南区,http://www.lunan.gov.cn
130203.0,河北省唐山市路北区,http://www.tslb.gov.cn
130204.0,河北省唐山市古冶区,http://www.guye.gov.cn
130205.0,河北省唐山市开平区,https://www.tskaiping.gov.cn
130207.0,河北省唐山市丰南区,https://www.fengnanqu.gov.cn
130208.0,河北省唐山市丰润区,http://www.fengrun.gov.cn
130209.0,河北省唐山市曹妃甸区,https://www.caofeidian.gov.cn
130224.0,河北省唐山市滦南县,https://www.luannan.gov.cn
130225.0,河北省唐山市乐亭县,https://www.laoting.gov.cn
130227.0,河北省唐山市迁西县,http://www.qianxi.gov.cn
130229.0,河北省唐山市玉田县,https://www.yutian.gov.cn
130281.0,河北省唐山市遵化市,http://www.zunhua.gov.cn
130283.0,河北省唐山市迁安市,http://www.qianan.gov.cn
130284.0,河北省唐山市滦州市,http://www.luanxian.gov.cn
130300.0,河北省秦皇岛市,http://www.qhd.gov.cn
130302.0,河北省秦皇岛市海港区,http://www.qhdhgq.gov.cn
130303.0,河北省秦皇岛市山海关区,http://info.shanhaiguan.gov.cn
130304.0,河北省秦皇岛市北戴河区,http://www.beidaihe.gov.cn
130306.0,河北省秦皇岛市抚宁区,https://www.chinafuning.gov.cn
130321.0,河北省秦皇岛市青龙满族自治县,https://www.chinaqinglong.gov.cn
130322.0,河北省秦皇岛市昌黎县,https://www.gov.cn
130324.0,河北省秦皇岛市卢龙县,https://www.lulong.gov.cn
130400.0,河北省邯郸市,https://www.hd.gov.cn
130402.0,河北省邯郸市邯山区,http://hdhs.gov.cn
130403.0,河北省邯郸市丛台区,http://www.hdct.gov.cn
130404.0,河北省邯郸市复兴区,https://www.hdfx.gov.cn
130406.0,河北省邯郸市峰峰矿区,http://www.ff.gov.cn
130407.0,河北省邯郸市肥乡区,https://www.fxq.gov.cn
130408.0,河北省邯郸市永年区,https://www.hdyn.gov.cn
130423.0,河北省邯郸市临漳县,http://www.linzhang.gov.cn
130424.0,河北省邯郸市成安县,http://www.chengan.gov.cn
130425.0,河北省邯郸市大名县,http://www.daming.gov.cn
130426.0,河北省邯郸市涉县,http://shexian.gov.cn
130427.0,河北省邯郸市磁县,http://www.cixian.gov.cn
130430.0,河北省邯郸市邱县,http://www.qiuxian.gov.cn
130431.0,河北省邯郸市鸡泽县,http://www.jize.gov.cn
130432.0,河北省邯郸市广平县,https://www.gpx.gov.cn
130433.0,河北省邯郸市馆陶县,http://www.guantao.gov.cn
130434.0,河北省邯郸市魏县,https://wei.gov.cn
130435.0,河北省邯郸市曲周县,http://www.qzx.gov.cn
130481.0,河北省邯郸市武安市,http://www.wuan.gov.cn
130500.0,河北省邢台市,http://info.xingtai.gov.cn
130502.0,河北省邢台市襄都区,https://www.xiangdu.gov.cn
130503.0,河北省邢台市信都区,https://www.xinduqu.gov.cn
130505.0,河北省邢台市任泽区,https://www.renze.gov.cn
130506.0,河北省邢台市南和区,http://info.nanhe.gov.cn
130522.0,河北省邢台市临城县,https://www.lincheng.gov.cn
130523.0,河北省邢台市内丘县,https://xingtai.gov.cn
130524.0,河北省邢台市柏乡县,https://www.baixiangxian.gov.cn
130525.0,河北省邢台市隆尧县,https://www.longyao.gov.cn
130528.0,河北省邢台市宁晋县,https://www.ningjin.gov.cn
130529.0,河北省邢台市巨鹿县,http://www.xingtai.gov.cn
130530.0,河北省邢台市新河县,http://www.xinhe.gov.cn:81
130531.0,河北省邢台市广宗县,https://www.gzx.gov.cn
130532.0,河北省邢台市平乡县,https://www.pingxiangxian.gov.cn
130533.0,河北省邢台市威县,https://www.weixian.gov.cn
130534.0,河北省邢台市清河县,http://info.qinghexian.gov.cn
130535.0,河北省邢台市临西县,http://info.linxi.gov.cn
130581.0,河北省邢台市南宫市,http://info.nangong.gov.cn
130582.0,河北省邢台市沙河市,https://www.shaheshi.gov.cn
130600.0,河北省保定市,https://www.baoding.gov.cn
130602.0,河北省保定市竞秀区,http://www.jingxiu.gov.cn
130606.0,河北省保定市莲池区,https://www.lianchi.gov.cn
130607.0,河北省保定市满城区,http://www.mancheng.gov.cn
130608.0,河北省保定市清苑区,https://qingyuanqu.gov.cn
130609.0,河北省保定市徐水区,https://xushui.gov.cn
130623.0,河北省保定市涞水县,https://www.laishui.gov.cn
130624.0,河北省保定市阜平县,https://www.bdfuping.gov.cn
130626.0,河北省保定市定兴县,http://www.dingxing.gov.cn
130627.0,河北省保定市唐县,https://www.tangxian.gov.cn
130628.0,河北省保定市高阳县,https://gaoyang.gov.cn
130629.0,河北省保定市容城县,https://www.hbrc.gov.cn
130630.0,河北省保定市涞源县,http://1493.laiyuan.gov.cn
130631.0,河北省保定市望都县,https://www.wangdu.gov.cn
130632.0,河北省保定市安新县,https://www.anxin.gov.cn
130633.0,河北省保定市易县,https://bdyixian.gov.cn
130634.0,河北省保定市曲阳县,https://www.quyang.gov.cn
130635.0,河北省保定市蠡县,https://www.lixian.gov.cn
130636.0,河北省保定市顺平县,http://www.shunping.gov.cn
130637.0,河北省保定市博野县,https://www.boye.gov.cn
130638.0,河北省保定市雄县,http://www.xiongxian.gov.cn
130681.0,河北省保定市涿州市,https://www.zhuozhou.gov.cn
130682.0,河北省保定市定州市,http://www.dzs.gov.cn
130683.0,河北省保定市安国市,https://anguo.gov.cn
130684.0,河北省保定市高碑店市,http://gaobeidian.gov.cn
130700.0,河北省张家口市,https://www.zjk.gov.cn
130702.0,河北省张家口市桥东区,http://www.zjkqd.gov.cn
130703.0,河北省张家口市桥西区,
130705.0,河北省张家口市宣化区,http://www.zjkxuanhua.gov.cn
130706.0,河北省张家口市下花园区,http://www.zjkxhy.gov.cn
130708.0,河北省张家口市万全区,http://www.zjkwq.gov.cn
130709.0,河北省张家口市崇礼区,http://www.zjkcl.gov.cn
130722.0,河北省张家口市张北县,https://www.hebjgbz.gov.cn
130723.0,河北省张家口市康保县,http://www.zjkkb.gov.cn
130724.0,河北省张家口市沽源县,http://www.zjkgy.gov.cn
130725.0,河北省张家口市尚义县,http://www.zjksy.gov.cn
130726.0,河北省张家口市蔚县,http://www.zjkyx.gov.cn
130727.0,河北省张家口市阳原县,http://www.zjkyy.gov.cn
130728.0,河北省张家口市怀安县,
130730.0,河北省张家口市怀来县,http://www.huailai.gov.cn
130731.0,河北省张家口市涿鹿县,https://hebwb.hebei.gov.cn
130732.0,河北省张家口市赤城县,http://www.ccx.gov.cn
130800.0,河北省承德市,https://www.chengde.gov.cn
130802.0,河北省承德市双桥区,https://www.sqq.gov.cn
130803.0,河北省承德市双滦区,http://www.slq.gov.cn
130804.0,河北省承德市鹰手营子矿区,https://www.ysyz.gov.cn
130821.0,河北省承德市承德县,http://www.cdx.gov.cn
130822.0,河北省承德市兴隆县,https://www.hbxl.gov.cn
130824.0,河北省承德市滦平县,http://www.lpx.gov.cn
130825.0,河北省承德市隆化县,http://www.hebeilonghua.gov.cn
130826.0,河北省承德市丰宁满族自治县,https://www.fengning.gov.cn
130827.0,河北省承德市宽城满族自治县,https://www.hbkc.gov.cn
130828.0,河北省承德市围场满族蒙古族自治县,https://www.weichang.gov.cn
130881.0,河北省承德市平泉市,https://www.pingquan.gov.cn
130900.0,河北省沧州市,https://www.cangzhou.gov.cn
130902.0,河北省沧州市新华区,http://www.czxh.gov.cn
130903.0,河北省沧州市运河区,http://www.czyh.gov.cn
130921.0,河北省沧州市沧县,http://www.cangxian.gov.cn
130922.0,河北省沧州市青县,https://www.qingxian.gov.cn
130923.0,河北省沧州市东光县,http://www.dongguang.gov.cn
130924.0,河北省沧州市海兴县,https://www.haixing.gov.cn
130925.0,河北省沧州市盐山县,https://www.chinayanshan.gov.cn
130926.0,河北省沧州市肃宁县,https://suning.gov.cn
130927.0,河北省沧州市南皮县,http://www.nanpi.gov.cn
130928.0,河北省沧州市吴桥县,
130929.0,河北省沧州市献县,https://www.xianxian.gov.cn
130930.0,河北省沧州市孟村回族自治县,https://www.mengcun.gov.cn
130981.0,河北省沧州市泊头市,http://www.botou.gov.cn
130982.0,河北省沧州市任丘市,https://www.renqiu.gov.cn
130983.0,河北省沧州市黄骅市,http://www.huanghua.gov.cn
130984.0,河北省沧州市河间市,http://www.hejian.gov.cn
131000.0,河北省廊坊市,https://www.lf.gov.cn
131002.0,河北省廊坊市安次区,https://www.anci.gov.cn
131003.0,河北省廊坊市广阳区,http://www.guangyang.gov.cn
131022.0,河北省廊坊市固安县,http://xxgk.guan.gov.cn:88
131023.0,河北省廊坊市永清县,https://www.yongqing.gov.cn
131024.0,河北省廊坊市香河县,http://xxgk.xianghe.gov.cn:8088
131025.0,河北省廊坊市大城县,http://xxgk.dacheng.gov.cn
131026.0,河北省廊坊市文安县,https://www.wenan.gov.cn
131028.0,河北省廊坊市大厂回族自治县,https://www.lfdc.gov.cn
131081.0,河北省廊坊市霸州市,http://www.bazhou.gov.cn
131082.0,河北省廊坊市三河市,http://www.san-he.gov.cn
131100.0,河北省衡水市,http://www.hengshui.gov.cn
131102.0,河北省衡水市桃城区,http://www.taocheng.gov.cn
131103.0,河北省衡水市冀州区,http://jzq.hengshui.gov.cn
131121.0,河北省衡水市枣强县,http://www.zaoqiang.gov.cn
131122.0,河北省衡水市武邑县,http://www.wuyi.gov.cn
131123.0,河北省衡水市武强县,http://www.wuqiang.gov.cn
131124.0,河北省衡水市饶阳县,http://www.raoyang.gov.cn
131125.0,河北省衡水市安平县,http://www.anping.gov.cn
131126.0,河北省衡水市故城县,http://www.gucheng.gov.cn
131127.0,河北省衡水市景县,http://jx.hengshui.gov.cn
131128.0,河北省衡水市阜城县,http://www.hbfcx.gov.cn
131182.0,河北省衡水市深州市,http://www.shenzhou.gov.cn
140000.0,山西省,https://www.shanxi.gov.cn
140100.0,山西省太原市,https://taiyuan.gov.cn
140105.0,山西省太原市小店区,https://www.tyxd.gov.cn
140106.0,山西省太原市迎泽区,https://www.yingze.gov.cn
140107.0,山西省太原市杏花岭区,https://www.sxtyxhl.gov.cn
140108.0,山西省太原市尖草坪区,https://www.tyjcp.gov.cn
140109.0,山西省太原市万柏林区,https://www.sxtywbl.gov.cn
140110.0,山西省太原市晋源区,https://www.jinyuan.gov.cn
140121.0,山西省太原市清徐县,https://www.qx.gov.cn
140122.0,山西省太原市阳曲县,https://www.sxyangqu.gov.cn
140123.0,山西省太原市娄烦县,https://www.sxlf.gov.cn
140181.0,山西省太原市古交市,https://www.sxgujiao.gov.cn
140200.0,山西省大同市,https://www.dt.gov.cn
140212.0,山西省大同市新荣区,http://www.xr.gov.cn
140213.0,山西省大同市平城区,https://www.pingcheng.gov.cn
140214.0,山西省大同市云冈区,http://www.yungang.gov.cn
140215.0,山西省大同市云州区,http://yunzhou.gov.cn
140221.0,山西省大同市阳高县,http://www.dtyg.gov.cn
140222.0,山西省大同市天镇县,http://www.dttz.gov.cn
140223.0,山西省大同市广灵县,http://www.sx-guangling.gov.cn
140224.0,山西省大同市灵丘县,http://www.lingqiu.gov.cn
140225.0,山西省大同市浑源县,http://www.hunyuan.gov.cn
140226.0,山西省大同市左云县,https://www.zuoyun.gov.cn
140300.0,山西省阳泉市,http://www.yq.gov.cn
140302.0,山西省阳泉市城区,http://www.yqcq.gov.cn
140303.0,山西省阳泉市矿区,http://yqkq.gov.cn
140311.0,山西省阳泉市郊区,http://www.yqjq.gov.cn
140321.0,山西省阳泉市平定县,http://www.pd.gov.cn
140322.0,山西省阳泉市盂县,http://www.sxyx.gov.cn
140400.0,山西省长治市,https://swj.changzhi.gov.cn
140403.0,山西省长治市潞州区,http://www.luzhouqu.gov.cn
140404.0,山西省长治市上党区,http://www.shangdangqu.gov.cn
140405.0,山西省长治市屯留区,http://www.tunliu.gov.cn
140406.0,山西省长治市潞城区,http://www.lc.gov.cn
140423.0,山西省长治市襄垣县,http://www.xiangyuan.gov.cn
140425.0,山西省长治市平顺县,http://www.pingshun.gov.cn
140426.0,山西省长治市黎城县,https://www.changzhi.gov.cn
140427.0,山西省长治市壶关县,
140428.0,山西省长治市长子县,http://www.zhangzi.gov.cn
140429.0,山西省长治市武乡县,http://www.wuxiang.gov.cn
140430.0,山西省长治市沁县,http://www.qinxian.gov.cn
140431.0,山西省长治市沁源县,https://www.qinyuan.gov.cn
140500.0,山西省晋城市,https://jcgov.gov.cn
140502.0,山西省晋城市城区,http://www.jccq.gov.cn
140521.0,山西省晋城市沁水县,https://www.qinshui.gov.cn
140522.0,山西省晋城市阳城县,https://xxgk.yczf.gov.cn
140524.0,山西省晋城市陵川县,https://www.lczf.gov.cn
140525.0,山西省晋城市泽州县,http://www.zezhou.gov.cn
140581.0,山西省晋城市高平市,https://www.sxgp.gov.cn
140600.0,山西省朔州市,http://www.shuozhou.gov.cn
140602.0,山西省朔州市朔城区,http://www.szscq.gov.cn
140603.0,山西省朔州市平鲁区,http://www.szpinglu.gov.cn
140621.0,山西省朔州市山阴县,http://www.shanyin.gov.cn
140622.0,山西省朔州市应县,http://www.yingxian.gov.cn
140623.0,山西省朔州市右玉县,http://szxxgk.shuozhou.gov.cn
140681.0,山西省朔州市怀仁市,http://www.zghr.gov.cn
140700.0,山西省晋中市,https://sxjz.gov.cn
140702.0,山西省晋中市榆次区,http://www.yuci.gov.cn
140703.0,山西省晋中市太谷区,http://taigu.gov.cn
140721.0,山西省晋中市榆社县,http://www.yushe.gov.cn
140722.0,山西省晋中市左权县,http://www.jzzq.gov.cn
140723.0,山西省晋中市和顺县,https://www.sxjz.gov.cn
140724.0,山西省晋中市昔阳县,https://www.xiyang.gov.cn
140725.0,山西省晋中市寿阳县,http://www.shouyang.gov.cn
140727.0,山西省晋中市祁县,http://www.qixian.gov.cn
140728.0,山西省晋中市平遥县,
140729.0,山西省晋中市灵石县,http://www.lingshi.gov.cn
140781.0,山西省晋中市介休市,https://www.jiexiu.gov.cn
140800.0,山西省运城市,https://www.yuncheng.gov.cn
140802.0,山西省运城市盐湖区,http://www.yanhu.gov.cn
140821.0,山西省运城市临猗县,https://www.sxly.gov.cn
140822.0,山西省运城市万荣县,https://www.wanrong.gov.cn
140823.0,山西省运城市闻喜县,http://www.wenxi.gov.cn
140824.0,山西省运城市稷山县,http://www.jishan.gov.cn
140825.0,山西省运城市新绛县,http://www.jiangzhou.gov.cn
140826.0,山西省运城市绛县,http://www.jiangxian.gov.cn
140827.0,山西省运城市垣曲县,http://www.yuanqu.gov.cn
140828.0,山西省运城市夏县,http://www.sxxiaxian.gov.cn
140829.0,山西省运城市平陆县,http://www.pinglu.gov.cn
140830.0,山西省运城市芮城县,http://rcx.gov.cn
140881.0,山西省运城市永济市,http://www.yongji.gov.cn
140882.0,山西省运城市河津市,http://www.sxhj.gov.cn
140900.0,山西省忻州市,https://www.sxxz.gov.cn
140902.0,山西省忻州市忻府区,http://www.xzxfq.gov.cn
140921.0,山西省忻州市定襄县,http://www.dingxiang.gov.cn
140922.0,山西省忻州市五台县,http://www.wutai.gov.cn
140923.0,山西省忻州市代县,http://daixian.gov.cn
140924.0,山西省忻州市繁峙县,http://www.fanshi.gov.cn
140925.0,山西省忻州市宁武县,http://www.ningwu.gov.cn
140926.0,山西省忻州市静乐县,http://sxjl.gov.cn
140927.0,山西省忻州市神池县,http://www.shenchi.gov.cn
140928.0,山西省忻州市五寨县,http://www.xzwz.gov.cn
140929.0,山西省忻州市岢岚县,http://www.xzkl.gov.cn
140930.0,山西省忻州市河曲县,http://www.hequ.gov.cn
140931.0,山西省忻州市保德县,http://www.baode.gov.cn
140932.0,山西省忻州市偏关县,http://www.pianguan.gov.cn
140981.0,山西省忻州市原平市,http://www.yuanping.gov.cn
141000.0,山西省临汾市,http://www.linfen.gov.cn
141002.0,山西省临汾市尧都区,http://www.yaodu.gov.cn
141021.0,山西省临汾市曲沃县,http://www.quwo.gov.cn
141022.0,山西省临汾市翼城县,http://www.yicheng.gov.cn
141023.0,山西省临汾市襄汾县,http://www.xiangfen.gov.cn
141024.0,山西省临汾市洪洞县,http://www.hongtong.gov.cn
141025.0,山西省临汾市古县,http://www.guxian.gov.cn
141026.0,山西省临汾市安泽县,http://www.anze.gov.cn
141027.0,山西省临汾市浮山县,http://www.fushan.gov.cn
141028.0,山西省临汾市吉县,http://www.zgjx.gov.cn
141029.0,山西省临汾市乡宁县,http://www.xiangning.gov.cn
141030.0,山西省临汾市大宁县,http://www.daning.gov.cn
141031.0,山西省临汾市隰县,http://www.sxxx.gov.cn
141032.0,山西省临汾市永和县,http://www.sxyh.gov.cn
141033.0,山西省临汾市蒲县,http://www.puxian.gov.cn
141034.0,山西省临汾市汾西县,http://www.fenxi.gov.cn
141081.0,山西省临汾市侯马市,http://rsj.linfen.gov.cn
141082.0,山西省临汾市霍州市,http://www.huozhou.gov.cn
141100.0,山西省吕梁市,http://www.lvliang.gov.cn
141102.0,山西省吕梁市离石区,http://www.lishi.gov.cn
141121.0,山西省吕梁市文水县,http://www.wenshui.gov.cn
141122.0,山西省吕梁市交城县,http://www.sx-jc.gov.cn
141123.0,山西省吕梁市兴县,http://www.sxxingxian.gov.cn
141124.0,山西省吕梁市临县,http://www.linxian.gov.cn
141125.0,山西省吕梁市柳林县,http://www.liulin.gov.cn
141126.0,山西省吕梁市石楼县,http://sxshilou.gov.cn
141127.0,山西省吕梁市岚县,http://www.lanxian.gov.cn
141128.0,山西省吕梁市方山县,http://www.fangshan.gov.cn
141129.0,山西省吕梁市中阳县,http://www.sxzhongyang.gov.cn
141130.0,山西省吕梁市交口县,http://www.jiaokou.gov.cn
141181.0,山西省吕梁市孝义市,http://www.xiaoyi.gov.cn
141182.0,山西省吕梁市汾阳市,http://www.fenyang.gov.cn
150000.0,内蒙古自治区,https://www.nmg.gov.cn
150100.0,内蒙古自治区呼和浩特市,http://www.huhhot.gov.cn
150102.0,内蒙古自治区呼和浩特市新城区,http://www.xinchengqu.gov.cn
150103.0,内蒙古自治区呼和浩特市回民区,http://www.huiminqu.gov.cn
150104.0,内蒙古自治区呼和浩特市玉泉区,http://www.yuquan.gov.cn
150105.0,内蒙古自治区呼和浩特市赛罕区,https://www.saihan.gov.cn
150121.0,内蒙古自治区呼和浩特市土默特左旗,http://www.tmtzq.gov.cn
150122.0,内蒙古自治区呼和浩特市托克托县,http://www.tuoxian.gov.cn
150123.0,内蒙古自治区呼和浩特市和林格尔县,http://www.helin.gov.cn
150124.0,内蒙古自治区呼和浩特市清水河县,http://www.qingshuihe.gov.cn
150125.0,内蒙古自治区呼和浩特市武川县,http://mgl.wuchuan.gov.cn
150200.0,内蒙古自治区包头市,https://www.baotou.gov.cn
150202.0,内蒙古自治区包头市东河区,http://mgl.donghe.gov.cn
150203.0,内蒙古自治区包头市昆都仑区,https://www.kdl.gov.cn
150204.0,内蒙古自治区包头市青山区,http://mgl.qsq.gov.cn
150205.0,内蒙古自治区包头市石拐区,https://www.shiguai.gov.cn
150206.0,内蒙古自治区包头市白云鄂博矿区,http://mgl.byeb.gov.cn
150207.0,内蒙古自治区包头市九原区,https://www.jiuyuanqu.gov.cn
150221.0,内蒙古自治区包头市土默特右旗,http://mgl.tmtyq.gov.cn
150222.0,内蒙古自治区包头市固阳县,http://www.guyang.gov.cn
150223.0,内蒙古自治区包头市达尔罕茂明安联合旗,http://mgl.dmlhq.gov.cn
150300.0,内蒙古自治区乌海市,http://www.wuhai.gov.cn
150302.0,内蒙古自治区乌海市海勃湾区,https://www.haibowan.gov.cn
150303.0,内蒙古自治区乌海市海南区,https://www.hainanqu.gov.cn
150304.0,内蒙古自治区乌海市乌达区,https://www.wuda.gov.cn
150400.0,内蒙古自治区赤峰市,http://www.chifeng.gov.cn
150402.0,内蒙古自治区赤峰市红山区,http://www.hongshanqu.gov.cn
150403.0,内蒙古自治区赤峰市元宝山区,http://www.ybs.gov.cn
150404.0,内蒙古自治区赤峰市松山区,http://www.ssq.gov.cn
150421.0,内蒙古自治区赤峰市阿鲁科尔沁旗,http://www.alkeqq.gov.cn
150422.0,内蒙古自治区赤峰市巴林左旗,http://www.blzq.gov.cn
150423.0,内蒙古自治区赤峰市巴林右旗,http://www.blyq.gov.cn
150424.0,内蒙古自治区赤峰市林西县,http://www.linxixian.gov.cn
150425.0,内蒙古自治区赤峰市克什克腾旗,http://www.kskt.gov.cn
150426.0,内蒙古自治区赤峰市翁牛特旗,http://www.wnt.gov.cn
150428.0,内蒙古自治区赤峰市喀喇沁旗,http://www.klq.gov.cn
150429.0,内蒙古自治区赤峰市宁城县,http://www.ningchengxian.gov.cn
150430.0,内蒙古自治区赤峰市敖汉旗,http://www.ahq.gov.cn
150500.0,内蒙古自治区通辽市,https://www.tongliao.gov.cn
150502.0,内蒙古自治区通辽市科尔沁区,http://mgl.keerqin.gov.cn
150521.0,内蒙古自治区通辽市科尔沁左翼中旗,http://www.kzzq.gov.cn
150522.0,内蒙古自治区通辽市科尔沁左翼后旗,
150523.0,内蒙古自治区通辽市开鲁县,http://www.kailu.gov.cn
150524.0,内蒙古自治区通辽市库伦旗,http://www.kulun.gov.cn
150525.0,内蒙古自治区通辽市奈曼旗,http://mgl.naimanqi.gov.cn
150526.0,内蒙古自治区通辽市扎鲁特旗,http://www.zhalute.gov.cn
150581.0,内蒙古自治区通辽市霍林郭勒市,http://mgl.hlgls.gov.cn
150600.0,内蒙古自治区鄂尔多斯市,https://www.ordos.gov.cn
150602.0,内蒙古自治区鄂尔多斯市东胜区,https://www.ds.gov.cn
150603.0,内蒙古自治区鄂尔多斯市康巴什区,https://www.kbs.gov.cn
150621.0,内蒙古自治区鄂尔多斯市达拉特旗,https://www.dlt.gov.cn
150622.0,内蒙古自治区鄂尔多斯市准格尔旗,https://www.zge.gov.cn
150623.0,内蒙古自治区鄂尔多斯市鄂托克前旗,http://mgl.etkqq.gov.cn
150624.0,内蒙古自治区鄂尔多斯市鄂托克旗,http://mgl.eq.gov.cn
150625.0,内蒙古自治区鄂尔多斯市杭锦旗,http://www.hjq.gov.cn
150626.0,内蒙古自治区鄂尔多斯市乌审旗,http://mgl.wsq.gov.cn
150627.0,内蒙古自治区鄂尔多斯市伊金霍洛旗,https://www.yjhl.gov.cn
150700.0,内蒙古自治区呼伦贝尔市,https://www.hlbe.gov.cn
150702.0,内蒙古自治区呼伦贝尔市海拉尔区,https://www.hailar.gov.cn
150703.0,内蒙古自治区呼伦贝尔市扎赉诺尔区,http://mgl.zhalainuoer.gov.cn
150721.0,内蒙古自治区呼伦贝尔市阿荣旗,http://www.arq.gov.cn
150722.0,内蒙古自治区呼伦贝尔市莫力达瓦达斡尔族自治旗,http://www.mldw.gov.cn
150723.0,内蒙古自治区呼伦贝尔市鄂伦春自治旗,http://www.elc.gov.cn
150724.0,内蒙古自治区呼伦贝尔市鄂温克族自治旗,https://www.ewenke.gov.cn
150725.0,内蒙古自治区呼伦贝尔市陈巴尔虎旗,http://www.cbrhq.gov.cn
150726.0,内蒙古自治区呼伦贝尔市新巴尔虎左旗,https://www.xzq.gov.cn
150727.0,内蒙古自治区呼伦贝尔市新巴尔虎右旗,http://xbehyq.gov.cn
150781.0,内蒙古自治区呼伦贝尔市满洲里市,https://www.manzhouli.gov.cn
150782.0,内蒙古自治区呼伦贝尔市牙克石市,http://www.yks.gov.cn
150783.0,内蒙古自治区呼伦贝尔市扎兰屯市,https://www.zhalantun.gov.cn
150784.0,内蒙古自治区呼伦贝尔市额尔古纳市,http://www.eegn.gov.cn
150785.0,内蒙古自治区呼伦贝尔市根河市,http://www.genhe.gov.cn
150800.0,内蒙古自治区巴彦淖尔市,https://www.bynr.gov.cn
150802.0,内蒙古自治区巴彦淖尔市临河区,http://www.linhe.gov.cn
150821.0,内蒙古自治区巴彦淖尔市五原县,http://www.wuyuan.gov.cn
150822.0,内蒙古自治区巴彦淖尔市磴口县,http://nmgdk.gov.cn
150823.0,内蒙古自治区巴彦淖尔市乌拉特前旗,http://www.wltqq.gov.cn
150824.0,内蒙古自治区巴彦淖尔市乌拉特中旗,https://www.wltzq.gov.cn
150825.0,内蒙古自治区巴彦淖尔市乌拉特后旗,http://www.wlthq.gov.cn
150826.0,内蒙古自治区巴彦淖尔市杭锦后旗,http://www.hjhq.gov.cn
150900.0,内蒙古自治区乌兰察布市,https://www.wulanchabu.gov.cn
150902.0,内蒙古自治区乌兰察布市集宁区,https://www.jnq.gov.cn
150921.0,内蒙古自治区乌兰察布市卓资县,http://mgl.zhuozi.gov.cn
150922.0,内蒙古自治区乌兰察布市化德县,https://www.huade.gov.cn
150923.0,内蒙古自治区乌兰察布市商都县,https://www.shangdu.gov.cn
150924.0,内蒙古自治区乌兰察布市兴和县,http://mgl.xinghe.gov.cn
150925.0,内蒙古自治区乌兰察布市凉城县,https://www.liangcheng.gov.cn
150926.0,内蒙古自治区乌兰察布市察哈尔右翼前旗,https://mgl.cyqq.gov.cn
150927.0,内蒙古自治区乌兰察布市察哈尔右翼中旗,http://mgl.cyzq.gov.cn
150928.0,内蒙古自治区乌兰察布市察哈尔右翼后旗,http://mgl.cyhq.gov.cn
150929.0,内蒙古自治区乌兰察布市四子王旗,https://www.szwq.gov.cn
150981.0,内蒙古自治区乌兰察布市丰镇市,http://mgl.fengzhen.gov.cn
152200.0,内蒙古自治区兴安盟,https://www.xam.gov.cn
152201.0,内蒙古自治区兴安盟乌兰浩特市,http://www.xam.gov.cn:8030
152202.0,内蒙古自治区兴安盟阿尔山市,http://www.aes.gov.cn
152221.0,内蒙古自治区兴安盟科尔沁右翼前旗,http://kyqq.gov.cn
152222.0,内蒙古自治区兴安盟科尔沁右翼中旗,https://www.kyzq.gov.cn
152223.0,内蒙古自治区兴安盟扎赉特旗,http://mgl.zltq.gov.cn
152224.0,内蒙古自治区兴安盟突泉县,http://zltq.gov.cn:8030
152500.0,内蒙古自治区锡林郭勒盟,https://www.xlgl.gov.cn
152501.0,内蒙古自治区锡林郭勒盟二连浩特市,http://www.elht.gov.cn
152502.0,内蒙古自治区锡林郭勒盟锡林浩特市,https://www.xilinhaote.gov.cn
152522.0,内蒙古自治区锡林郭勒盟阿巴嘎旗,http://www.abg.gov.cn
152523.0,内蒙古自治区锡林郭勒盟苏尼特左旗,https://www.sntzq.gov.cn
152524.0,内蒙古自治区锡林郭勒盟苏尼特右旗,http://www.sntyq.gov.cn
152525.0,内蒙古自治区锡林郭勒盟东乌珠穆沁旗,
152526.0,内蒙古自治区锡林郭勒盟西乌珠穆沁旗,https://www.xwq.gov.cn
152527.0,内蒙古自治区锡林郭勒盟太仆寺旗,https://www.tpsq.gov.cn
152528.0,内蒙古自治区锡林郭勒盟镶黄旗,https://www.nmxhq.gov.cn
152529.0,内蒙古自治区锡林郭勒盟正镶白旗,https://www.zxbq.gov.cn
152530.0,内蒙古自治区锡林郭勒盟正蓝旗,https://www.zlq.gov.cn
152531.0,内蒙古自治区锡林郭勒盟多伦县,http://mgl.dlx.gov.cn
152900.0,内蒙古自治区阿拉善盟,https://www.als.gov.cn
152921.0,内蒙古自治区阿拉善盟阿拉善左旗,http://mgl.alszq.gov.cn
152922.0,内蒙古自治区阿拉善盟阿拉善右旗,https://www.alsyq.gov.cn
152923.0,内蒙古自治区阿拉善盟额济纳旗,http://mgl.ejnq.gov.cn
210000.0,辽宁省,https://www.ln.gov.cn
210100.0,辽宁省沈阳市,
210102.0,辽宁省沈阳市和平区,https://www.syhp.gov.cn
210103.0,辽宁省沈阳市沈河区,https://www.shenhe.gov.cn
210104.0,辽宁省沈阳市大东区,https://www.sydd.gov.cn
210105.0,辽宁省沈阳市皇姑区,https://www.syhg.gov.cn
210106.0,辽宁省沈阳市铁西区,https://www.tiexi.gov.cn
210111.0,辽宁省沈阳市苏家屯区,https://www.sjtq.gov.cn
210112.0,辽宁省沈阳市浑南区,http://www.hunnan.gov.cn
210113.0,辽宁省沈阳市沈北新区,https://www.nsy.gov.cn
210114.0,辽宁省沈阳市于洪区,https://www.syyh.gov.cn
210115.0,辽宁省沈阳市辽中区,https://www.liaozhong.gov.cn
210123.0,辽宁省沈阳市康平县,https://www.kangping.gov.cn
210124.0,辽宁省沈阳市法库县,http://faku.gov.cn
210181.0,辽宁省沈阳市新民市,https://www.xinmin.gov.cn
210200.0,辽宁省大连市,https://www.dl.gov.cn
210202.0,辽宁省大连市中山区,https://www.dlzs.gov.cn
210203.0,辽宁省大连市西岗区,https://www.dlxg.gov.cn
210204.0,辽宁省大连市沙河口区,http://www.dlshk.gov.cn
210211.0,辽宁省大连市甘井子区,
210212.0,辽宁省大连市旅顺口区,http://www.lsk.gov.cn
210213.0,辽宁省大连市金州区,https://www.dljp.gov.cn
210214.0,辽宁省大连市普兰店区,
210224.0,辽宁省大连市长海县,https://www.dlch.gov.cn
210281.0,辽宁省大连市瓦房店市,https://www.dlwfd.gov.cn
210283.0,辽宁省大连市庄河市,http://dlzh.gov.cn
210300.0,辽宁省鞍山市,http://www.anshan.gov.cn
210302.0,辽宁省鞍山市铁东区,http://www.tiedong.gov.cn
210303.0,辽宁省鞍山市铁西区,http://txqxxgk.siping.gov.cn
210304.0,辽宁省鞍山市立山区,http://www.lishan.gov.cn
210311.0,辽宁省鞍山市千山区,http://www.qianshan.gov.cn
210321.0,辽宁省鞍山市台安县,http://www.lntaian.gov.cn
210323.0,辽宁省鞍山市岫岩满族自治县,http://www.xiuyan.gov.cn
210381.0,辽宁省鞍山市海城市,http://www.haicheng.gov.cn
210400.0,辽宁省抚顺市,https://www.fushun.gov.cn
210402.0,辽宁省抚顺市新抚区,http://www.fsxf.gov.cn
210403.0,辽宁省抚顺市东洲区,http://fsdz.gov.cn
210404.0,辽宁省抚顺市望花区,https://fswh.gov.cn
210411.0,辽宁省抚顺市顺城区,http://www.fssc.gov.cn
210421.0,辽宁省抚顺市抚顺县,http://www.lnfsx.gov.cn
210422.0,辽宁省抚顺市新宾满族自治县,http://www.xinbin.gov.cn
210423.0,辽宁省抚顺市清原满族自治县,http://www.qingyuan.gov.cn
210500.0,辽宁省本溪市,https://rsj.benxi.gov.cn
210502.0,辽宁省本溪市平山区,http://www.pingshan.gov.cn
210503.0,辽宁省本溪市溪湖区,http://xihu.gov.cn
210504.0,辽宁省本溪市明山区,http://www.mingshan.gov.cn
210505.0,辽宁省本溪市南芬区,https://nf.benxi.gov.cn
210521.0,辽宁省本溪市本溪满族自治县,https://www.benxi.gov.cn
210522.0,辽宁省本溪市桓仁满族自治县,http://www.hr.gov.cn
210600.0,辽宁省丹东市,https://www.dandong.gov.cn
210602.0,辽宁省丹东市元宝区,https://www.yuanbao.gov.cn
210603.0,辽宁省丹东市振兴区,https://www.zhenxing.gov.cn
210604.0,辽宁省丹东市振安区,https://www.zaq.gov.cn
210624.0,辽宁省丹东市宽甸满族自治县,https://jhzx.dandong.gov.cn
210681.0,辽宁省丹东市东港市,https://www.donggang.gov.cn
210682.0,辽宁省丹东市凤城市,https://www.lnfc.gov.cn
210700.0,辽宁省锦州市,https://www.jz.gov.cn
210702.0,辽宁省锦州市古塔区,http://www.jzgtq.gov.cn
210703.0,辽宁省锦州市凌河区,http://www.jz.gov.cn
210711.0,辽宁省锦州市太和区,http://www.jzth.gov.cn
210726.0,辽宁省锦州市黑山县,http://www.heishan.gov.cn
210727.0,辽宁省锦州市义县,http://www.lnyx.gov.cn
210781.0,辽宁省锦州市凌海市,
210782.0,辽宁省锦州市北镇市,https://www.bzs.gov.cn
210800.0,辽宁省营口市,https://www.yingkou.gov.cn
210802.0,辽宁省营口市站前区,http://www.ykzq.gov.cn
210803.0,辽宁省营口市西市区,http://www.ykxs.gov.cn
210804.0,辽宁省营口市鲅鱼圈区,http://www.ykdz.gov.cn
210811.0,辽宁省营口市老边区,http://www.laobian.gov.cn
210881.0,辽宁省营口市盖州市,http://www.gaizhou.gov.cn
210882.0,辽宁省营口市大石桥市,http://www.dsq.gov.cn
210900.0,辽宁省阜新市,https://www.fuxin.gov.cn
210902.0,辽宁省阜新市海州区,https://www.fxhz.gov.cn
210903.0,辽宁省阜新市新邱区,https://www.fxxq.gov.cn
210904.0,辽宁省阜新市太平区,https://www.fxtp.gov.cn
210905.0,辽宁省阜新市清河门区,https://www.fxqhm.gov.cn
210911.0,辽宁省阜新市细河区,
210921.0,辽宁省阜新市阜新蒙古族自治县,http://www.fmx.gov.cn
210922.0,辽宁省阜新市彰武县,https://www.zhangwu.gov.cn
211000.0,辽宁省辽阳市,http://www.liaoyang.gov.cn
211002.0,辽宁省辽阳市白塔区,http://www.lybtq.gov.cn
211003.0,辽宁省辽阳市文圣区,http://www.wensheng.gov.cn
211004.0,辽宁省辽阳市宏伟区,http://www.lyhw.gov.cn
211005.0,辽宁省辽阳市弓长岭区,http://wt.lnxf.gov.cn
211011.0,辽宁省辽阳市太子河区,
211021.0,辽宁省辽阳市辽阳县,
211081.0,辽宁省辽阳市灯塔市,
211100.0,辽宁省盘锦市,https://www.panjin.gov.cn
211102.0,辽宁省盘锦市双台子区,https://www.stq.gov.cn
211103.0,辽宁省盘锦市兴隆台区,http://www.xlt.gov.cn
211104.0,辽宁省盘锦市大洼区,http://www.dawa.gov.cn
211122.0,辽宁省盘锦市盘山县,http://www.panshan.gov.cn
211200.0,辽宁省铁岭市,http://www.tieling.gov.cn
211202.0,辽宁省铁岭市银州区,http://www.tlyz.gov.cn
211204.0,辽宁省铁岭市清河区,http://www.tlqh.gov.cn
211221.0,辽宁省铁岭市铁岭县,http://www.tielingxian.gov.cn
211223.0,辽宁省铁岭市西丰县,http://www.lntlxf.gov.cn
211224.0,辽宁省铁岭市昌图县,http://www.changtu.gov.cn
211281.0,辽宁省铁岭市调兵山市,http://www.lndbss.gov.cn
211282.0,辽宁省铁岭市开原市,http://www.lnky.gov.cn
211300.0,辽宁省朝阳市,https://chaoyang.gov.cn
211302.0,辽宁省朝阳市双塔区,https://www.lnst.gov.cn
211303.0,辽宁省朝阳市龙城区,https://cylc.gov.cn
211321.0,辽宁省朝阳市朝阳县,https://www.cyx.gov.cn
211322.0,辽宁省朝阳市建平县,https://www.lnjp.gov.cn
211324.0,辽宁省朝阳市喀喇沁左翼蒙古族自治县,https://www.kazuo.gov.cn
211381.0,辽宁省朝阳市北票市,https://www.bp.gov.cn
211382.0,辽宁省朝阳市凌源市,https://www.lingyuan.gov.cn
211400.0,辽宁省葫芦岛市,https://www.hld.gov.cn
211402.0,辽宁省葫芦岛市连山区,https://www.lianshan.gov.cn
211403.0,辽宁省葫芦岛市龙港区,https://www.lgq.gov.cn
211404.0,辽宁省葫芦岛市南票区,https://www.npq.gov.cn
211421.0,辽宁省葫芦岛市绥中县,https://www.szx.gov.cn
211422.0,辽宁省葫芦岛市建昌县,https://www.jianchang.gov.cn
211481.0,辽宁省葫芦岛市兴城市,https://www.zg-xc.gov.cn
220000.0,吉林省,http://ai.jl.gov.cn:8509
220100.0,吉林省长春市,http://www.changchun.gov.cn
220102.0,吉林省长春市南关区,http://www.nanguan.gov.cn
220103.0,吉林省长春市宽城区,http://www.jckc.gov.cn
220104.0,吉林省长春市朝阳区,http://www.ccchaoyang.gov.cn
220105.0,吉林省长春市二道区,http://zwgk.changchun.gov.cn
220106.0,吉林省长春市绿园区,http://www.luyuan.gov.cn
220112.0,吉林省长春市双阳区,http://www.shuangyang.gov.cn
220113.0,吉林省长春市九台区,http://www.jiutai.gov.cn
220122.0,吉林省长春市农安县,http://www.nongan.gov.cn
220182.0,吉林省长春市榆树市,http://www.yushu.gov.cn
220183.0,吉林省长春市德惠市,http://www.dehui.gov.cn
220184.0,吉林省长春市公主岭市,http://www.gongzhuling.gov.cn
220200.0,吉林省吉林市,http://www.jlcity.gov.cn
220202.0,吉林省吉林市昌邑区,http://xxgk.jlscy.gov.cn
220203.0,吉林省吉林市龙潭区,http://www.longtan.gov.cn
220204.0,吉林省吉林市船营区,http://xxgk.jlcy.gov.cn
220211.0,吉林省吉林市丰满区,http://xxgk.jlfm.gov.cn
220221.0,吉林省吉林市永吉县,http://www.jlyj.gov.cn
220281.0,吉林省吉林市蛟河市,http://xxgk.jiaohe.gov.cn
220282.0,吉林省吉林市桦甸市,http://www.huadian.gov.cn
220283.0,吉林省吉林市舒兰市,http://www.shulan.gov.cn
220284.0,吉林省吉林市磐石市,http://www.panshi.gov.cn
220300.0,吉林省四平市,http://xxgk.siping.gov.cn
220302.0,吉林省四平市铁西区,http://txq.siping.gov.cn
220303.0,吉林省四平市铁东区,http://tdq.siping.gov.cn
220322.0,吉林省四平市梨树县,http://www.siping.gov.cn
220323.0,吉林省四平市伊通满族自治县,http://www.yitong.gov.cn
220382.0,吉林省四平市双辽市,http://mwr.siping.gov.cn
220400.0,吉林省辽源市,http://www.liaoyuan.gov.cn
220402.0,吉林省辽源市龙山区,http://zwgk.jllyls.gov.cn
220403.0,吉林省辽源市西安区,http://www.lyxa.gov.cn
220421.0,吉林省辽源市东丰县,http://www.dongfeng.gov.cn
220422.0,吉林省辽源市东辽县,http://www.dongliao.gov.cn
220500.0,吉林省通化市,https://www.jl.gov.cn
220502.0,吉林省通化市东昌区,http://www.dc.gov.cn
220503.0,吉林省通化市二道江区,http://edj.gov.cn
220521.0,吉林省通化市通化县,http://www.tonghuaxian.gov.cn
220523.0,吉林省通化市辉南县,http://www.huinanxian.gov.cn
220524.0,吉林省通化市柳河县,http://www.jllh.gov.cn
220581.0,吉林省通化市梅河口市,http://mhk.gov.cn
220582.0,吉林省通化市集安市,http://www.tonghua.gov.cn
220600.0,吉林省白山市,http://www.cbs.gov.cn
220602.0,吉林省白山市浑江区,http://www.hunjiang.gov.cn
220605.0,吉林省白山市江源区,http://jy.cbs.gov.cn
220621.0,吉林省白山市抚松县,http://xxgk-fs.cbs.gov.cn
220622.0,吉林省白山市靖宇县,http://jyx.cbs.gov.cn
220623.0,吉林省白山市长白朝鲜族自治县,http://www.changbai.gov.cn
220681.0,吉林省白山市临江市,http://www.linjiang.gov.cn
220700.0,吉林省松原市,https://www.jlsy.gov.cn
220702.0,吉林省松原市宁江区,http://zw.ningjiang.gov.cn
220721.0,吉林省松原市前郭尔罗斯蒙古族自治县,http://qianguo.gov.cn
220722.0,吉林省松原市长岭县,http://www.jlcl.gov.cn
220723.0,吉林省松原市乾安县,http://www.jlqa.gov.cn
220781.0,吉林省松原市扶余市,http://www.jlfy.gov.cn
220800.0,吉林省白城市,https://xxgk.jl.gov.cn
220802.0,吉林省白城市洮北区,http://xxgk.taobei.gov.cn
220821.0,吉林省白城市镇赉县,http://www.jlzhenlai.gov.cn
220822.0,吉林省白城市通榆县,http://www.jlbc.gov.cn
220881.0,吉林省白城市洮南市,http://www.taonan.gov.cn
220882.0,吉林省白城市大安市,http://www.daan.gov.cn
222400.0,吉林省延边朝鲜族自治州,http://www.yanji.gov.cn
222401.0,吉林省延边朝鲜族自治州延吉市,
222402.0,吉林省延边朝鲜族自治州图们市,http://www.yanbian.gov.cn
222403.0,吉林省延边朝鲜族自治州敦化市,http://www.dunhua.gov.cn
222404.0,吉林省延边朝鲜族自治州珲春市,http://www.hunchun.gov.cn
222405.0,吉林省延边朝鲜族自治州龙井市,http://longjing.gov.cn
222406.0,吉林省延边朝鲜族自治州和龙市,
222424.0,吉林省延边朝鲜族自治州汪清县,http://yanbian.gov.cn
222426.0,吉林省延边朝鲜族自治州安图县,http://www.antu.gov.cn
230000.0,黑龙江省,https://www.hlj.gov.cn
230100.0,黑龙江省哈尔滨市,https://www.harbin.gov.cn
230102.0,黑龙江省哈尔滨市道里区,
230103.0,黑龙江省哈尔滨市南岗区,https://www.hrbng.gov.cn
230104.0,黑龙江省哈尔滨市道外区,http://www.hrbdw.gov.cn
230108.0,黑龙江省哈尔滨市平房区,https://www.hrbpf.gov.cn
230109.0,黑龙江省哈尔滨市松北区,https://www.songbei.gov.cn
230110.0,黑龙江省哈尔滨市香坊区,http://www.hrbxf.gov.cn
230111.0,黑龙江省哈尔滨市呼兰区,http://www.hulan.gov.cn
230112.0,黑龙江省哈尔滨市阿城区,http://www.acheng.gov.cn
230113.0,黑龙江省哈尔滨市双城区,http://www.hrbsc.gov.cn
230123.0,黑龙江省哈尔滨市依兰县,
230124.0,黑龙江省哈尔滨市方正县,http://www.hrbfz.gov.cn
230125.0,黑龙江省哈尔滨市宾县,http://www.chinabx.gov.cn
230126.0,黑龙江省哈尔滨市巴彦县,https://www.bayan.gov.cn
230127.0,黑龙江省哈尔滨市木兰县,https://www.mulan.gov.cn
230128.0,黑龙江省哈尔滨市通河县,http://www.hrbtonghe.gov.cn
230129.0,黑龙江省哈尔滨市延寿县,https://www.hrbyanshou.gov.cn
230183.0,黑龙江省哈尔滨市尚志市,http://www.shangzhi.gov.cn
230184.0,黑龙江省哈尔滨市五常市,http://www.hljwch.gov.cn
230200.0,黑龙江省齐齐哈尔市,https://www.qqhr.gov.cn
230202.0,黑龙江省齐齐哈尔市龙沙区,https://qqhrlsq.gov.cn
230203.0,黑龙江省齐齐哈尔市建华区,https://www.jhq.gov.cn
230204.0,黑龙江省齐齐哈尔市铁锋区,https://www.tfqzf.gov.cn
230205.0,黑龙江省齐齐哈尔市昂昂溪区,https://www.aax.gov.cn
230206.0,黑龙江省齐齐哈尔市富拉尔基区,https://www.flej.gov.cn
230207.0,黑龙江省齐齐哈尔市碾子山区,https://www.nzs.gov.cn
230208.0,黑龙江省齐齐哈尔市梅里斯达斡尔族区,https://www.mls.gov.cn
230221.0,黑龙江省齐齐哈尔市龙江县,https://www.ljxrmzfw.gov.cn
230223.0,黑龙江省齐齐哈尔市依安县,https://www.hljyian.gov.cn
230224.0,黑龙江省齐齐哈尔市泰来县,http://www.tailai.gov.cn
230225.0,黑龙江省齐齐哈尔市甘南县,http://www.gannan.gov.cn
230227.0,黑龙江省齐齐哈尔市富裕县,https://www.fuyu.gov.cn
230229.0,黑龙江省齐齐哈尔市克山县,https://www.keshan.gov.cn
230230.0,黑龙江省齐齐哈尔市克东县,https://www.kedong.gov.cn
230231.0,黑龙江省齐齐哈尔市拜泉县,https://www.baiquan.gov.cn
230281.0,黑龙江省齐齐哈尔市讷河市,https://nehe.gov.cn
230300.0,黑龙江省鸡西市,https://www.jixi.gov.cn
230302.0,黑龙江省鸡西市鸡冠区,http://www.jgq.gov.cn
230303.0,黑龙江省鸡西市恒山区,http://jixi.gov.cn
230304.0,黑龙江省鸡西市滴道区,http://www.didaoqu.gov.cn
230305.0,黑龙江省鸡西市梨树区,https://jixilishu.gov.cn
230306.0,黑龙江省鸡西市城子河区,https://www.czh.gov.cn
230307.0,黑龙江省鸡西市麻山区,https://www.jiximashan.gov.cn
230321.0,黑龙江省鸡西市鸡东县,http://www.jidong.gov.cn
230381.0,黑龙江省鸡西市虎林市,https://www.hljhulin.gov.cn
230382.0,黑龙江省鸡西市密山市,
230400.0,黑龙江省鹤岗市,https://www.hegang.gov.cn
230402.0,黑龙江省鹤岗市向阳区,http://hgxyq.gov.cn
230403.0,黑龙江省鹤岗市工农区,https://www.hggn.gov.cn
230404.0,黑龙江省鹤岗市南山区,https://www.hgns.gov.cn
230405.0,黑龙江省鹤岗市兴安区,https://www.hgxa.gov.cn
230406.0,黑龙江省鹤岗市东山区,https://www.hgds.gov.cn
230407.0,黑龙江省鹤岗市兴山区,https://www.hgxs.gov.cn
230421.0,黑龙江省鹤岗市萝北县,https://www.luobei.gov.cn
230422.0,黑龙江省鹤岗市绥滨县,https://www.suibin.gov.cn
230500.0,黑龙江省双鸭山市,http://www.shuangyashan.gov.cn
230502.0,黑龙江省双鸭山市尖山区,http://www.sysjs.gov.cn
230503.0,黑龙江省双鸭山市岭东区,http://www.sysld.gov.cn
230505.0,黑龙江省双鸭山市四方台区,http://www.syssft.gov.cn
230506.0,黑龙江省双鸭山市宝山区,http://www.sysbsq.gov.cn
230521.0,黑龙江省双鸭山市集贤县,http://www.jixian.gov.cn
230522.0,黑龙江省双鸭山市友谊县,https://www.hljyy.gov.cn
230523.0,黑龙江省双鸭山市宝清县,https://hlbaoqing.gov.cn
230524.0,黑龙江省双鸭山市饶河县,http://www.raohe.gov.cn
230600.0,黑龙江省大庆市,https://www.daqing.gov.cn
230602.0,黑龙江省大庆市萨尔图区,https://www.saertu.gov.cn
230603.0,黑龙江省大庆市龙凤区,https://www.dqlf.gov.cn
230604.0,黑龙江省大庆市让胡路区,https://www.dqrhl.gov.cn
230605.0,黑龙江省大庆市红岗区,https://www.honggang.gov.cn
230606.0,黑龙江省大庆市大同区,https://www.dqdt.gov.cn
230621.0,黑龙江省大庆市肇州县,https://www.zhaozhou.gov.cn
230622.0,黑龙江省大庆市肇源县,https://www.zgzy.gov.cn
230623.0,黑龙江省大庆市林甸县,https://www.lindian.gov.cn
230624.0,黑龙江省大庆市杜尔伯特蒙古族自治县,https://www.drbt.gov.cn
230700.0,黑龙江省伊春市,https://www.yc.gov.cn
230717.0,黑龙江省伊春市伊美区,https://www.ycym.gov.cn
230718.0,黑龙江省伊春市乌翠区,https://www.ycwc.gov.cn
230719.0,黑龙江省伊春市友好区,https://www.yhq.gov.cn
230722.0,黑龙江省伊春市嘉荫县,https://www.jyx.gov.cn
230723.0,黑龙江省伊春市汤旺县,https://www.yctwx.gov.cn
230724.0,黑龙江省伊春市丰林县,https://www.ycfl.gov.cn
230725.0,黑龙江省伊春市大箐山县,https://www.ycdqs.gov.cn
230726.0,黑龙江省伊春市南岔县,https://www.nancha.gov.cn
230751.0,黑龙江省伊春市金林区,https://www.ycjl.gov.cn
230781.0,黑龙江省伊春市铁力市,https://www.tls.gov.cn
230800.0,黑龙江省佳木斯市,https://www.jms.gov.cn
230803.0,黑龙江省佳木斯市向阳区,https://www.xyq.gov.cn
230804.0,黑龙江省佳木斯市前进区,https://www.jmsqjq.gov.cn
230805.0,黑龙江省佳木斯市东风区,https://jmsdf.gov.cn
230811.0,黑龙江省佳木斯市郊区,https://www.jmsjqzf.gov.cn
230822.0,黑龙江省佳木斯市桦南县,http://www.huanan.gov.cn
230826.0,黑龙江省佳木斯市桦川县,https://www.huachuan.gov.cn
230828.0,黑龙江省佳木斯市汤原县,http://tangyuan.gov.cn
230881.0,黑龙江省佳木斯市同江市,https://www.tongjiang.gov.cn
230882.0,黑龙江省佳木斯市富锦市,https://www.fujin.gov.cn
230883.0,黑龙江省佳木斯市抚远市,http://www.hljfy.gov.cn
230900.0,黑龙江省七台河市,https://www.qth.gov.cn
230902.0,黑龙江省七台河市新兴区,
230903.0,黑龙江省七台河市桃山区,https://www.hljtsq.gov.cn
230904.0,黑龙江省七台河市茄子河区,http://www.hljqzh.gov.cn
230921.0,黑龙江省七台河市勃利县,
231000.0,黑龙江省牡丹江市,https://www.jiangxi.gov.cn
231002.0,黑龙江省牡丹江市东安区,http://www.donganqu.gov.cn
231003.0,黑龙江省牡丹江市阳明区,http://www.yangming.gov.cn
231004.0,黑龙江省牡丹江市爱民区,
231005.0,黑龙江省牡丹江市西安区,http://mdjxa.gov.cn
231025.0,黑龙江省牡丹江市林口县,
231081.0,黑龙江省牡丹江市绥芬河市,https://www.suifenhe.gov.cn
231083.0,黑龙江省牡丹江市海林市,https://www.hailin.gov.cn
231084.0,黑龙江省牡丹江市宁安市,http://www.ningan.gov.cn
231085.0,黑龙江省牡丹江市穆棱市,https://www.muling.gov.cn
231086.0,黑龙江省牡丹江市东宁市,https://www.dongning.gov.cn
231100.0,黑龙江省黑河市,https://www.heihe.gov.cn
231102.0,黑龙江省黑河市爱辉区,https://www.aihui.gov.cn
231123.0,黑龙江省黑河市逊克县,https://www.xunke.gov.cn
231124.0,黑龙江省黑河市孙吴县,https://www.hljsunwu.gov.cn
231181.0,黑龙江省黑河市北安市,https://www.hljba.gov.cn
231182.0,黑龙江省黑河市五大连池市,
231183.0,黑龙江省黑河市嫩江市,https://www.nenjiang.gov.cn
231200.0,黑龙江省绥化市,https://suihua.gov.cn
231202.0,黑龙江省绥化市北林区,https://www.suihua.gov.cn
231221.0,黑龙江省绥化市望奎县,
231222.0,黑龙江省绥化市兰西县,https://www.hljlanxi.gov.cn
231223.0,黑龙江省绥化市青冈县,https://www.qgnet.gov.cn
231224.0,黑龙江省绥化市庆安县,https://www.hljqingan.gov.cn
231225.0,黑龙江省绥化市明水县,https://www.mingshui.gov.cn
231226.0,黑龙江省绥化市绥棱县,https://suiling.gov.cn
231281.0,黑龙江省绥化市安达市,https://www.hlanda.gov.cn
231282.0,黑龙江省绥化市肇东市,https://www.hljzhaodong.gov.cn
231283.0,黑龙江省绥化市海伦市,https://www.hailun.gov.cn
232700.0,黑龙江省大兴安岭地区,http://www.dxal.gov.cn
232701.0,黑龙江省大兴安岭地区漠河市,https://www.dxal.gov.cn
232721.0,黑龙江省大兴安岭地区呼玛县,http://huma.gov.cn
232722.0,黑龙江省大兴安岭地区塔河县,https://dxal.gov.cn
310000.0,上海市,https://zwdt.sh.gov.cn
310101.0,上海市黄浦区,https://www.shhuangpu.gov.cn
310104.0,上海市徐汇区,https://www.xuhui.gov.cn
310105.0,上海市长宁区,https://www.shcn.gov.cn
310106.0,上海市静安区,https://www.jingan.gov.cn
310107.0,上海市普陀区,https://www.shanghai.gov.cn
310109.0,上海市虹口区,https://www.shhk.gov.cn
310110.0,上海市杨浦区,https://www.shyp.gov.cn
310112.0,上海市闵行区,https://www.shmh.gov.cn
310113.0,上海市宝山区,https://xxgk.shbsq.gov.cn
310114.0,上海市嘉定区,https://www.jiading.gov.cn
310115.0,上海市浦东新区,https://www.pudong.gov.cn
310116.0,上海市金山区,https://www.jinshan.gov.cn
310117.0,上海市松江区,https://www.songjiang.gov.cn
310118.0,上海市青浦区,https://www.shqp.gov.cn
310120.0,上海市奉贤区,https://www.fengxian.gov.cn
310151.0,上海市崇明区,https://www.shcm.gov.cn
320000.0,江苏省,https://www.jiangsu.gov.cn
320100.0,江苏省南京市,https://www.nanjing.gov.cn
320102.0,江苏省南京市玄武区,https://www.xwzf.gov.cn
320104.0,江苏省南京市秦淮区,http://www.njqh.gov.cn
320105.0,江苏省南京市建邺区,https://www.njjy.gov.cn
320106.0,江苏省南京市鼓楼区,http://www.njgl.gov.cn
320111.0,江苏省南京市浦口区,http://www.pukou.gov.cn
320113.0,江苏省南京市栖霞区,https://www.njqxq.gov.cn
320114.0,江苏省南京市雨花台区,http://www.njyh.gov.cn
320115.0,江苏省南京市江宁区,http://www.jiangning.gov.cn
320116.0,江苏省南京市六合区,http://www.njlh.gov.cn
320117.0,江苏省南京市溧水区,http://www.njls.gov.cn
320118.0,江苏省南京市高淳区,http://www.njgc.gov.cn
320200.0,江苏省无锡市,https://www.wuxi.gov.cn
320205.0,江苏省无锡市锡山区,https://www.jsxishan.gov.cn
320206.0,江苏省无锡市惠山区,https://www.huishan.gov.cn
320211.0,江苏省无锡市滨湖区,https://www.wxbh.gov.cn
320213.0,江苏省无锡市梁溪区,https://www.wxlx.gov.cn
320214.0,江苏省无锡市新吴区,https://www.wnd.gov.cn
320281.0,江苏省无锡市江阴市,https://www.jiangyin.gov.cn
320282.0,江苏省无锡市宜兴市,https://www.yixing.gov.cn
320300.0,江苏省徐州市,https://www.xz.gov.cn
320302.0,江苏省徐州市鼓楼区,http://www.xzgl.gov.cn
320303.0,江苏省徐州市云龙区,http://www.xzyl.gov.cn
320305.0,江苏省徐州市贾汪区,http://www.xzjw.gov.cn
320311.0,江苏省徐州市泉山区,http://xzqs.gov.cn
320312.0,江苏省徐州市铜山区,http://www.zgts.gov.cn
320321.0,江苏省徐州市丰县,http://www.chinafx.gov.cn
320322.0,江苏省徐州市沛县,http://www.px.gov.cn
320324.0,江苏省徐州市睢宁县,http://www.cnsn.gov.cn
320381.0,江苏省徐州市新沂市,http://www.xy.gov.cn
320382.0,江苏省徐州市邳州市,http://www.pz.gov.cn
320400.0,江苏省常州市,https://www.changzhou.gov.cn
320402.0,江苏省常州市天宁区,https://www.cztn.gov.cn
320404.0,江苏省常州市钟楼区,https://www.zhonglou.gov.cn
320411.0,江苏省常州市新北区,https://www.cznd.gov.cn
320412.0,江苏省常州市武进区,https://www.wj.gov.cn
320413.0,江苏省常州市金坛区,http://www.jtfy.gov.cn
320481.0,江苏省常州市溧阳市,https://www.liyang.gov.cn
320500.0,江苏省苏州市,https://www.suzhou.gov.cn
320505.0,江苏省苏州市虎丘区,http://www.snd.gov.cn
320506.0,江苏省苏州市吴中区,http://www.szwz.gov.cn
320507.0,江苏省苏州市相城区,http://www.szxc.gov.cn
320508.0,江苏省苏州市姑苏区,https://www.gusu.gov.cn
320509.0,江苏省苏州市吴江区,https://www.wujiang.gov.cn
320581.0,江苏省苏州市常熟市,https://www.changshu.gov.cn
320582.0,江苏省苏州市张家港市,https://www.zjg.gov.cn
320583.0,江苏省苏州市昆山市,https://www.ks.gov.cn
320585.0,江苏省苏州市太仓市,https://www.taicang.gov.cn
320600.0,江苏省南通市,https://www.nantong.gov.cn
320612.0,江苏省南通市通州区,http://www.tongzhou.gov.cn
320613.0,江苏省南通市崇川区,https://www.chongchuan.gov.cn
320614.0,江苏省南通市海门区,https://www.haimen.gov.cn
320623.0,江苏省南通市如东县,https://www.rudong.gov.cn
320681.0,江苏省南通市启东市,http://www.qidong.gov.cn
320682.0,江苏省南通市如皋市,https://www.rugao.gov.cn
320685.0,江苏省南通市海安市,https://www.haian.gov.cn
320700.0,江苏省连云港市,https://www.lyg.gov.cn
320703.0,江苏省连云港市连云区,http://www.lianyun.gov.cn
320706.0,江苏省连云港市海州区,http://www.lyghz.gov.cn
320707.0,江苏省连云港市赣榆区,https://www.ganyu.gov.cn
320722.0,江苏省连云港市东海县,http://dh.jsdh.gov.cn
320723.0,江苏省连云港市灌云县,http://www.guanyun.gov.cn
320724.0,江苏省连云港市灌南县,http://www.guannan.gov.cn
320800.0,江苏省淮安市,https://ssl.huaian.gov.cn
320803.0,江苏省淮安市淮安区,http://www.huaian.gov.cn
320804.0,江苏省淮安市淮阴区,http://www.zghy.gov.cn
320812.0,江苏省淮安市清江浦区,http://www.zghaq.gov.cn
320813.0,江苏省淮安市洪泽区,http://www.hongze.gov.cn
320826.0,江苏省淮安市涟水县,http://www.lianshui.gov.cn
320830.0,江苏省淮安市盱眙县,http://www.xuyi.gov.cn
320831.0,江苏省淮安市金湖县,http://www.jinhu.gov.cn
320900.0,江苏省盐城市,https://www.yancheng.gov.cn
320902.0,江苏省盐城市亭湖区,https://www.tinghu.gov.cn
320903.0,江苏省盐城市盐都区,https://www.yandu.gov.cn
320904.0,江苏省盐城市大丰区,https://www.dafeng.gov.cn
320921.0,江苏省盐城市响水县,https://www.xiangshui.gov.cn
320922.0,江苏省盐城市滨海县,https://www.binhai.gov.cn
320923.0,江苏省盐城市阜宁县,https://www.funing.gov.cn
320924.0,江苏省盐城市射阳县,https://www.sheyang.gov.cn
320925.0,江苏省盐城市建湖县,https://www.jianhu.gov.cn
320981.0,江苏省盐城市东台市,https://www.dongtai.gov.cn
321000.0,江苏省扬州市,https://yangzhou.gov.cn
321002.0,江苏省扬州市广陵区,https://gl.yangzhou.gov.cn
321003.0,江苏省扬州市邗江区,https://www.hj.gov.cn
321012.0,江苏省扬州市江都区,http://www.jiangdu.gov.cn
321023.0,江苏省扬州市宝应县,https://baoying.yangzhou.gov.cn
321081.0,江苏省扬州市仪征市,https://yizheng.yangzhou.gov.cn
321084.0,江苏省扬州市高邮市,https://gaoyou.yangzhou.gov.cn
321100.0,江苏省镇江市,http://www.zhenjiang.gov.cn
321102.0,江苏省镇江市京口区,https://www.zhenjiang.gov.cn
321111.0,江苏省镇江市润州区,http://www.runzhou.gov.cn
321112.0,江苏省镇江市丹徒区,https://www.dantu.gov.cn
321181.0,江苏省镇江市丹阳市,http://www.danyang.gov.cn
321182.0,江苏省镇江市扬中市,http://www.yz.gov.cn
321183.0,江苏省镇江市句容市,https://www.jurong.gov.cn
321200.0,江苏省泰州市,https://jss.taizhou.gov.cn
321202.0,江苏省泰州市海陵区,https://www.tzhl.gov.cn
321203.0,江苏省泰州市高港区,https://gaogang.taizhou.gov.cn
321204.0,江苏省泰州市姜堰区,https://www.jiangyan.gov.cn
321281.0,江苏省泰州市兴化市,https://www.xinghua.gov.cn
321282.0,江苏省泰州市靖江市,https://www.jingjiang.gov.cn
321283.0,江苏省泰州市泰兴市,http://taixing.taizhou.gov.cn
321300.0,江苏省宿迁市,http://suqian.gov.cn
321302.0,江苏省宿迁市宿城区,http://www.sqsc.gov.cn
321311.0,江苏省宿迁市宿豫区,https://suqian.gov.cn
321322.0,江苏省宿迁市沭阳县,http://www.shuyang.gov.cn
321323.0,江苏省宿迁市泗阳县,http://www.siyang.gov.cn
321324.0,江苏省宿迁市泗洪县,http://www.sihong.gov.cn
330000.0,浙江省,https://www.zj.gov.cn
330100.0,浙江省杭州市,https://www.hangzhou.gov.cn
330102.0,浙江省杭州市上城区,https://www.hzsc.gov.cn
330105.0,浙江省杭州市拱墅区,https://www.gongshu.gov.cn
330106.0,浙江省杭州市西湖区,https://www.hzxh.gov.cn
330108.0,浙江省杭州市滨江区,
330109.0,浙江省杭州市萧山区,https://www.xiaoshan.gov.cn
330110.0,浙江省杭州市余杭区,https://www.yuhang.gov.cn
330111.0,浙江省杭州市富阳区,http://www.fuyang.gov.cn
330112.0,浙江省杭州市临安区,https://www.linan.gov.cn
330113.0,浙江省杭州市临平区,https://www.linping.gov.cn
330114.0,浙江省杭州市钱塘区,https://www.qiantang.gov.cn
330122.0,浙江省杭州市桐庐县,https://www.tonglu.gov.cn
330127.0,浙江省杭州市淳安县,https://www.qdh.gov.cn
330182.0,浙江省杭州市建德市,https://www.jiande.gov.cn
330200.0,浙江省宁波市,https://www.ningbo.gov.cn
330203.0,浙江省宁波市海曙区,https://www.haishu.gov.cn
330205.0,浙江省宁波市江北区,https://www.nbjb.gov.cn
330206.0,浙江省宁波市北仑区,https://www.bl.gov.cn
330211.0,浙江省宁波市镇海区,https://www.zh.gov.cn
330212.0,浙江省宁波市鄞州区,https://www.nbyz.gov.cn
330213.0,浙江省宁波市奉化区,https://www.fh.gov.cn
330225.0,浙江省宁波市象山县,
330226.0,浙江省宁波市宁海县,https://www.ninghai.gov.cn
330281.0,浙江省宁波市余姚市,https://www.yy.gov.cn
330282.0,浙江省宁波市慈溪市,http://www.cixi.gov.cn
330300.0,浙江省温州市,https://www.wenzhou.gov.cn
330302.0,浙江省温州市鹿城区,https://www.lucheng.gov.cn
330303.0,浙江省温州市龙湾区,https://www.longwan.gov.cn
330304.0,浙江省温州市瓯海区,https://www.ouhai.gov.cn
330305.0,浙江省温州市洞头区,https://www.dongtou.gov.cn
330324.0,浙江省温州市永嘉县,https://www.yj.gov.cn
330326.0,浙江省温州市平阳县,https://www.zjpy.gov.cn
330327.0,浙江省温州市苍南县,https://www.cncn.gov.cn
330328.0,浙江省温州市文成县,https://www.wencheng.gov.cn
330329.0,浙江省温州市泰顺县,https://www.ts.gov.cn
330381.0,浙江省温州市瑞安市,https://www.ruian.gov.cn
330382.0,浙江省温州市乐清市,https://www.yueqing.gov.cn
330383.0,浙江省温州市龙港市,https://www.zjlg.gov.cn
330400.0,浙江省嘉兴市,https://www.jiaxing.gov.cn
330402.0,浙江省嘉兴市南湖区,https://www.nanhu.gov.cn
330411.0,浙江省嘉兴市秀洲区,https://www.xiuzhou.gov.cn
330421.0,浙江省嘉兴市嘉善县,https://www.jiashan.gov.cn
330424.0,浙江省嘉兴市海盐县,https://www.haiyan.gov.cn
330481.0,浙江省嘉兴市海宁市,https://www.haining.gov.cn
330482.0,浙江省嘉兴市平湖市,https://www.pinghu.gov.cn
330483.0,浙江省嘉兴市桐乡市,
330500.0,浙江省湖州市,https://www.huzhou.gov.cn
330502.0,浙江省湖州市吴兴区,http://www.wuxing.gov.cn
330503.0,浙江省湖州市南浔区,https://www.nanxun.gov.cn
330521.0,浙江省湖州市德清县,http://www.deqing.gov.cn
330522.0,浙江省湖州市长兴县,https://www.zjcx.gov.cn
330523.0,浙江省湖州市安吉县,https://www.anji.gov.cn
330600.0,浙江省绍兴市,https://www.sx.gov.cn
330602.0,浙江省绍兴市越城区,https://www.sxyc.gov.cn
330603.0,浙江省绍兴市柯桥区,https://www.kq.gov.cn
330604.0,浙江省绍兴市上虞区,https://www.shangyu.gov.cn
330624.0,浙江省绍兴市新昌县,https://www.zjxc.gov.cn
330681.0,浙江省绍兴市诸暨市,https://www.zhuji.gov.cn
330683.0,浙江省绍兴市嵊州市,https://www.szzj.gov.cn
330700.0,浙江省金华市,https://www.jinhua.gov.cn
330702.0,浙江省金华市婺城区,http://www.wuch.gov.cn
330703.0,浙江省金华市金东区,https://www.jindong.gov.cn
330723.0,浙江省金华市武义县,https://www.zjwy.gov.cn
330726.0,浙江省金华市浦江县,https://www.pj.gov.cn
330727.0,浙江省金华市磐安县,https://www.panan.gov.cn
330781.0,浙江省金华市兰溪市,http://www.lanxi.gov.cn
330782.0,浙江省金华市义乌市,https://www.yw.gov.cn
330783.0,浙江省金华市东阳市,https://www.dongyang.gov.cn
330784.0,浙江省金华市永康市,https://www.yk.gov.cn
330800.0,浙江省衢州市,https://www.qz.gov.cn
330802.0,浙江省衢州市柯城区,https://www.kecheng.gov.cn
330803.0,浙江省衢州市衢江区,https://www.qjq.gov.cn
330822.0,浙江省衢州市常山县,https://www.zjcs.gov.cn
330824.0,浙江省衢州市开化县,https://www.kaihua.gov.cn
330825.0,浙江省衢州市龙游县,
330881.0,浙江省衢州市江山市,https://www.jiangshan.gov.cn
330900.0,浙江省舟山市,https://www.zhoushan.gov.cn
330902.0,浙江省舟山市定海区,http://www.dinghai.gov.cn
330903.0,浙江省舟山市普陀区,https://www.putuo.gov.cn
330921.0,浙江省舟山市岱山县,https://www.daishan.gov.cn
330922.0,浙江省舟山市嵊泗县,https://www.shengsi.gov.cn
331000.0,浙江省台州市,https://www.zjtz.gov.cn
331002.0,浙江省台州市椒江区,https://www.jj.gov.cn
331003.0,浙江省台州市黄岩区,https://www.zjhy.gov.cn
331004.0,浙江省台州市路桥区,https://www.luqiao.gov.cn
331022.0,浙江省台州市三门县,https://www.sanmen.gov.cn
331023.0,浙江省台州市天台县,https://www.zjtt.gov.cn
331024.0,浙江省台州市仙居县,http://www.zjxj.gov.cn
331081.0,浙江省台州市温岭市,https://www.wl.gov.cn
331082.0,浙江省台州市临海市,https://www.linhai.gov.cn
331083.0,浙江省台州市玉环市,
331100.0,浙江省丽水市,https://www.lishui.gov.cn
331102.0,浙江省丽水市莲都区,https://www.liandu.gov.cn
331121.0,浙江省丽水市青田县,https://www.qingtian.gov.cn
331122.0,浙江省丽水市缙云县,https://www.jinyun.gov.cn
331123.0,浙江省丽水市遂昌县,https://www.suichang.gov.cn
331124.0,浙江省丽水市松阳县,https://www.songyang.gov.cn
331125.0,浙江省丽水市云和县,https://www.yunhe.gov.cn
331126.0,浙江省丽水市庆元县,
331127.0,浙江省丽水市景宁畲族自治县,https://www.jingning.gov.cn
331181.0,浙江省丽水市龙泉市,https://www.longquan.gov.cn
340000.0,安徽省,https://www.ah.gov.cn
340100.0,安徽省合肥市,https://www.hefei.gov.cn
340102.0,安徽省合肥市瑶海区,https://www.hfyaohai.gov.cn
340103.0,安徽省合肥市庐阳区,https://www.ahhfly.gov.cn
340104.0,安徽省合肥市蜀山区,https://www.hfss.gov.cn
340111.0,安徽省合肥市包河区,https://www.baohe.gov.cn
340121.0,安徽省合肥市长丰县,https://www.changfeng.gov.cn
340122.0,安徽省合肥市肥东县,https://www.feidong.gov.cn
340123.0,安徽省合肥市肥西县,https://www.ahfeixi.gov.cn
340124.0,安徽省合肥市庐江县,https://www.lj.gov.cn
340181.0,安徽省合肥市巢湖市,https://www.chaohu.gov.cn
340200.0,安徽省芜湖市,https://www.wuhu.gov.cn
340202.0,安徽省芜湖市镜湖区,https://www.whjhq.gov.cn
340207.0,安徽省芜湖市鸠江区,https://www.jjq.gov.cn
340209.0,安徽省芜湖市弋江区,
340210.0,安徽省芜湖市湾沚区,
340212.0,安徽省芜湖市繁昌区,https://www.fanchang.gov.cn
340223.0,安徽省芜湖市南陵县,https://www.nlx.gov.cn
340281.0,安徽省芜湖市无为市,https://www.ww.gov.cn
340300.0,安徽省蚌埠市,https://www.ahhy.gov.cn:81
340302.0,安徽省蚌埠市龙子湖区,https://www.bblzh.gov.cn
340303.0,安徽省蚌埠市蚌山区,https://www.bengbu.gov.cn
340304.0,安徽省蚌埠市禹会区,
340311.0,安徽省蚌埠市淮上区,https://www.huaishang.gov.cn
340321.0,安徽省蚌埠市怀远县,https://www.ahhy.gov.cn
340322.0,安徽省蚌埠市五河县,https://www.wuhe.gov.cn
340323.0,安徽省蚌埠市固镇县,https://www.guzhen.gov.cn
340400.0,安徽省淮南市,https://www.huainan.gov.cn
340402.0,安徽省淮南市大通区,https://www.hndt.gov.cn
340403.0,安徽省淮南市田家庵区,https://www.tja.gov.cn
340404.0,安徽省淮南市谢家集区,https://www.xiejiaji.gov.cn
340405.0,安徽省淮南市八公山区,https://www.bagongshan.gov.cn
340406.0,安徽省淮南市潘集区,https://www.panji.gov.cn
340421.0,安徽省淮南市凤台县,https://www.ft.gov.cn
340422.0,安徽省淮南市寿县,https://www.shouxian.gov.cn
340500.0,安徽省马鞍山市,https://www.mas.gov.cn
340503.0,安徽省马鞍山市花山区,https://www.mashsq.gov.cn
340504.0,安徽省马鞍山市雨山区,https://www.masys.gov.cn
340506.0,安徽省马鞍山市博望区,https://www.masbwq.gov.cn
340521.0,安徽省马鞍山市当涂县,https://www.dangtu.gov.cn
340522.0,安徽省马鞍山市含山县,https://www.ahhs.gov.cn
340523.0,安徽省马鞍山市和县,https://www.hx.gov.cn
340600.0,安徽省淮北市,https://www.huaibei.gov.cn
340602.0,安徽省淮北市杜集区,https://www.hbdj.gov.cn
340603.0,安徽省淮北市相山区,https://www.hbxs.gov.cn
340604.0,安徽省淮北市烈山区,https://www.lieshan.gov.cn
340621.0,安徽省淮北市濉溪县,https://www.sxx.gov.cn
340700.0,安徽省铜陵市,https://www.tl.gov.cn
340705.0,安徽省铜陵市铜官区,https://www.tltg.gov.cn
340706.0,安徽省铜陵市义安区,https://www.ahtlyaq.gov.cn
340711.0,安徽省铜陵市郊区,https://www.tljq.gov.cn
340722.0,安徽省铜陵市枞阳县,https://www.zongyang.gov.cn
340800.0,安徽省安庆市,https://www.anqing.gov.cn
340802.0,安徽省安庆市迎江区,https://www.ahyingjiang.gov.cn
340803.0,安徽省安庆市大观区,https://www.aqdgq.gov.cn
340811.0,安徽省安庆市宜秀区,https://yixiu.gov.cn
340822.0,安徽省安庆市怀宁县,https://www.ahhn.gov.cn
340825.0,安徽省安庆市太湖县,https://www.thx.gov.cn
340826.0,安徽省安庆市宿松县,https://www.susong.gov.cn
340827.0,安徽省安庆市望江县,https://www.wangjiang.gov.cn
340828.0,安徽省安庆市岳西县,https://www.yuexi.gov.cn
340881.0,安徽省安庆市桐城市,https://www.tongcheng.gov.cn
340882.0,安徽省安庆市潜山市,https://www.qss.gov.cn
341000.0,安徽省黄山市,https://www.huangshan.gov.cn
341002.0,安徽省黄山市屯溪区,https://www.hsq.gov.cn
341003.0,安徽省黄山市黄山区,
341004.0,安徽省黄山市徽州区,https://www.ahhz.gov.cn
341021.0,安徽省黄山市歙县,
341022.0,安徽省黄山市休宁县,
341023.0,安徽省黄山市黟县,https://www.yixian.gov.cn
341024.0,安徽省黄山市祁门县,https://www.ahqimen.gov.cn
341100.0,安徽省滁州市,https://www.chuzhou.gov.cn
341102.0,安徽省滁州市琅琊区,https://4g.lyq.gov.cn
341103.0,安徽省滁州市南谯区,https://www.cznq.gov.cn
341122.0,安徽省滁州市来安县,https://www.laian.gov.cn
341124.0,安徽省滁州市全椒县,https://www.quanjiao.gov.cn
341125.0,安徽省滁州市定远县,https://www.dingyuan.gov.cn
341126.0,安徽省滁州市凤阳县,https://www.fengyang.gov.cn
341181.0,安徽省滁州市天长市,https://www.tianchang.gov.cn
341182.0,安徽省滁州市明光市,https://www.mingguang.gov.cn
341200.0,安徽省阜阳市,https://www.fy.gov.cn
341202.0,安徽省阜阳市颍州区,https://www.yingzhou.gov.cn
341203.0,安徽省阜阳市颍东区,https://www.yd.gov.cn
341204.0,安徽省阜阳市颍泉区,https://www.yingquan.gov.cn
341221.0,安徽省阜阳市临泉县,https://www.linquan.gov.cn
341222.0,安徽省阜阳市太和县,https://www.taihe.gov.cn
341225.0,安徽省阜阳市阜南县,https://www.funan.gov.cn
341226.0,安徽省阜阳市颍上县,https://www.ahys.gov.cn
341282.0,安徽省阜阳市界首市,https://www.ahjs.gov.cn
341300.0,安徽省宿州市,https://www.ahsz.gov.cn
341302.0,安徽省宿州市埇桥区,https://www.szyq.gov.cn
341321.0,安徽省宿州市砀山县,https://www.dangshan.gov.cn
341322.0,安徽省宿州市萧县,
341323.0,安徽省宿州市灵璧县,https://www.lingbi.gov.cn
341324.0,安徽省宿州市泗县,https://www.sixian.gov.cn
341500.0,安徽省六安市,https://www.luan.gov.cn
341502.0,安徽省六安市金安区,https://www.ja.gov.cn
341503.0,安徽省六安市裕安区,https://www.yuan.gov.cn
341504.0,安徽省六安市叶集区,https://www.ahyeji.gov.cn
341522.0,安徽省六安市霍邱县,https://www.ahhuoshan.gov.cn
341523.0,安徽省六安市舒城县,https://www.shucheng.gov.cn
341524.0,安徽省六安市金寨县,http://www.jzxfw.gov.cn
341525.0,安徽省六安市霍山县,http://www.hsxf.gov.cn
341600.0,安徽省亳州市,https://www.bozhou.gov.cn
341602.0,安徽省亳州市谯城区,https://bozhou.gov.cn
341621.0,安徽省亳州市涡阳县,https://www.gy.gov.cn
341622.0,安徽省亳州市蒙城县,https://www.mengcheng.gov.cn
341623.0,安徽省亳州市利辛县,https://www.lixin.gov.cn
341700.0,安徽省池州市,http://wap.chizhou.gov.cn
341702.0,安徽省池州市贵池区,https://www.ahgc.gov.cn
341721.0,安徽省池州市东至县,http://www.wap.chizhou.gov.cn
341722.0,安徽省池州市石台县,https://www.stxfw.gov.cn
341723.0,安徽省池州市青阳县,https://www.ahqy.gov.cn
341800.0,安徽省宣城市,https://www.xuancheng.gov.cn
341802.0,安徽省宣城市宣州区,https://www.xuanzhou.gov.cn
341821.0,安徽省宣城市郎溪县,https://www.ahlx.gov.cn
341823.0,安徽省宣城市泾县,https://www.ahjx.gov.cn
341824.0,安徽省宣城市绩溪县,
341825.0,安徽省宣城市旌德县,http://rcw.jdxf.gov.cn
341881.0,安徽省宣城市宁国市,https://www.ningguo.gov.cn
341882.0,安徽省宣城市广德市,https://www.guangde.gov.cn
350000.0,福建省,https://www.fujian.gov.cn
350100.0,福建省福州市,https://www.fuzhou.gov.cn
350102.0,福建省福州市鼓楼区,https://www.gl.gov.cn
350103.0,福建省福州市台江区,https://www.taijiang.gov.cn
350104.0,福建省福州市仓山区,https://www.fzcangshan.gov.cn
350105.0,福建省福州市马尾区,https://www.mawei.gov.cn
350111.0,福建省福州市晋安区,http://www.fzja.gov.cn
350112.0,福建省福州市长乐区,http://www.fzcl.gov.cn
350121.0,福建省福州市闽侯县,
350122.0,福建省福州市连江县,http://www.fzlj.gov.cn
350123.0,福建省福州市罗源县,http://www.luoyuan.gov.cn
350124.0,福建省福州市闽清县,http://www.fzmq.gov.cn
350125.0,福建省福州市永泰县,http://www.yongtai.gov.cn
350128.0,福建省福州市平潭县,https://www.pingtan.gov.cn
350181.0,福建省福州市福清市,http://www.fuqing.gov.cn
350200.0,福建省厦门市,http://www.xm.gov.cn
350203.0,福建省厦门市思明区,https://www.siming.gov.cn
350205.0,福建省厦门市海沧区,https://www.haicang.gov.cn
350206.0,福建省厦门市湖里区,https://www.huli.gov.cn
350211.0,福建省厦门市集美区,https://www.xm.gov.cn
350212.0,福建省厦门市同安区,https://www.xmta.gov.cn
350213.0,福建省厦门市翔安区,https://www.xiangan.gov.cn
350300.0,福建省莆田市,https://putian.gov.cn
350302.0,福建省莆田市城厢区,https://www.putian.gov.cn
350303.0,福建省莆田市涵江区,http://www.pthj.gov.cn
350304.0,福建省莆田市荔城区,
350305.0,福建省莆田市秀屿区,http://www.ptxy.gov.cn
350322.0,福建省莆田市仙游县,http://www.xianyou.gov.cn
350400.0,福建省三明市,https://www.sm.gov.cn
350404.0,福建省三明市三元区,http://www.smsy.gov.cn
350405.0,福建省三明市沙县区,https://www.fjsx.gov.cn
350421.0,福建省三明市明溪县,http://www.fjmx.gov.cn
350423.0,福建省三明市清流县,https://avarulia.fjql.gov.cn
350424.0,福建省三明市宁化县,
350425.0,福建省三明市大田县,http://www.datian.gov.cn
350426.0,福建省三明市尤溪县,http://www.fjyx.gov.cn
350428.0,福建省三明市将乐县,http://www.jiangle.gov.cn
350429.0,福建省三明市泰宁县,http://www.fjtn.gov.cn
350430.0,福建省三明市建宁县,http://www.fjjn.gov.cn
350481.0,福建省三明市永安市,http://www.ya.gov.cn
350500.0,福建省泉州市,https://www.quanzhou.gov.cn
350502.0,福建省泉州市鲤城区,http://www.qzlc.gov.cn
350503.0,福建省泉州市丰泽区,https://www.qzfz.gov.cn
350504.0,福建省泉州市洛江区,
350505.0,福建省泉州市泉港区,https://www.qg.gov.cn
350521.0,福建省泉州市惠安县,http://www.huian.gov.cn
350524.0,福建省泉州市安溪县,http://www.fjax.gov.cn
350525.0,福建省泉州市永春县,https://fjyc.gov.cn
350526.0,福建省泉州市德化县,http://www.dehua.gov.cn
350527.0,福建省泉州市金门县,
350581.0,福建省泉州市石狮市,https://www.shishi.gov.cn
350582.0,福建省泉州市晋江市,https://www.jinjiang.gov.cn
350583.0,福建省泉州市南安市,http://www.nanan.gov.cn
350600.0,福建省漳州市,https://www.zhangzhou.gov.cn
350602.0,福建省漳州市芗城区,http://www.xc.gov.cn
350603.0,福建省漳州市龙文区,http://www.lwq.gov.cn
350604.0,福建省漳州市龙海区,http://www.longhai.gov.cn
350605.0,福建省漳州市长泰区,http://www.changtai.gov.cn
350622.0,福建省漳州市云霄县,http://www.yunxiao.gov.cn
350623.0,福建省漳州市漳浦县,http://www.zhangpu.gov.cn
350624.0,福建省漳州市诏安县,http://www.zhaoan.gov.cn
350626.0,福建省漳州市东山县,http://www.zhangzhou.gov.cn
350627.0,福建省漳州市南靖县,http://www.fjnj.gov.cn
350628.0,福建省漳州市平和县,http://www.pinghe.gov.cn
350629.0,福建省漳州市华安县,http://www.huaan.gov.cn
350700.0,福建省南平市,https://www.np.gov.cn
350702.0,福建省南平市延平区,https://www.ypzf.gov.cn
350703.0,福建省南平市建阳区,https://fjjy.gov.cn
350721.0,福建省南平市顺昌县,https://np.gov.cn
350722.0,福建省南平市浦城县,https://www.pc.gov.cn
350723.0,福建省南平市光泽县,https://www.guangze.gov.cn
350724.0,福建省南平市松溪县,https://www.songxi.gov.cn
350725.0,福建省南平市政和县,https://www.zhenghe.gov.cn
350781.0,福建省南平市邵武市,https://www.shaowu.gov.cn
350782.0,福建省南平市武夷山市,https://www.wys.gov.cn
350783.0,福建省南平市建瓯市,https://www.jo.gov.cn
350800.0,福建省龙岩市,http://xxgk.longyan.gov.cn
350802.0,福建省龙岩市新罗区,http://www.fjxinluo.gov.cn
350803.0,福建省龙岩市永定区,https://www.longyan.gov.cn
350821.0,福建省龙岩市长汀县,http://www.changting.gov.cn
350823.0,福建省龙岩市上杭县,https://www.shanghang.gov.cn
350824.0,福建省龙岩市武平县,https://www.wp.gov.cn
350825.0,福建省龙岩市连城县,http://www.fjlylc.gov.cn
350881.0,福建省龙岩市漳平市,http://zp.gov.cn
350900.0,福建省宁德市,https://www.ningde.gov.cn
350902.0,福建省宁德市蕉城区,http://www.jiaocheng.gov.cn
350921.0,福建省宁德市霞浦县,https://www.xiapu.gov.cn
350922.0,福建省宁德市古田县,http://www.gutian.gov.cn
350923.0,福建省宁德市屏南县,http://www.pingnan.gov.cn
350924.0,福建省宁德市寿宁县,
350925.0,福建省宁德市周宁县,http://www.zhouning.gov.cn
350926.0,福建省宁德市柘荣县,
350981.0,福建省宁德市福安市,http://www.fjfa.gov.cn
350982.0,福建省宁德市福鼎市,http://www.fuding.gov.cn
360000.0,江西省,
360100.0,江西省南昌市,https://www.nc.gov.cn
360102.0,江西省南昌市东湖区,https://dhq.nc.gov.cn
360103.0,江西省南昌市西湖区,https://xhq.nc.gov.cn
360104.0,江西省南昌市青云谱区,https://qyp.nc.gov.cn
360111.0,江西省南昌市青山湖区,https://ncqsh.nc.gov.cn
360112.0,江西省南昌市新建区,https://xjq.nc.gov.cn
360113.0,江西省南昌市红谷滩区,https://hgt.nc.gov.cn
360121.0,江西省南昌市南昌县,https://ncx.nc.gov.cn
360123.0,江西省南昌市安义县,https://anyi.nc.gov.cn
360124.0,江西省南昌市进贤县,http://www.jxx.nc.gov.cn
360200.0,江西省景德镇市,https://www.jdz.gov.cn
360202.0,江西省景德镇市昌江区,http://www.jdzcjq.gov.cn
360203.0,江西省景德镇市珠山区,https://www.jdzzsq.gov.cn
360222.0,江西省景德镇市浮梁县,https://fuliang.gov.cn
360281.0,江西省景德镇市乐平市,http://www.lpxzfw.gov.cn
360300.0,江西省萍乡市,https://www.pingxiang.gov.cn
360302.0,江西省萍乡市安源区,http://www.jxay.gov.cn
360313.0,江西省萍乡市湘东区,http://www.jxxd.gov.cn
360321.0,江西省萍乡市莲花县,https://www.zglh.gov.cn
360322.0,江西省萍乡市上栗县,https://www.jxslx.gov.cn
360323.0,江西省萍乡市芦溪县,https://www.luxi.gov.cn
360400.0,江西省九江市,https://www.jiujiang.gov.cn
360402.0,江西省九江市濂溪区,https://www.lianxi.gov.cn
360403.0,江西省九江市浔阳区,https://www.xunyang.gov.cn
360404.0,江西省九江市柴桑区,
360423.0,江西省九江市武宁县,https://www.wuning.gov.cn
360424.0,江西省九江市修水县,https://www.xiushui.gov.cn
360425.0,江西省九江市永修县,https://www.yongxiu.gov.cn
360426.0,江西省九江市德安县,https://www.dean.gov.cn
360428.0,江西省九江市都昌县,https://www.duchang.gov.cn
360429.0,江西省九江市湖口县,https://www.hukou.gov.cn
360430.0,江西省九江市彭泽县,https://www.pengze.gov.cn
360481.0,江西省九江市瑞昌市,https://www.ruichang.gov.cn
360482.0,江西省九江市共青城市,https://www.gongqing.gov.cn
360483.0,江西省九江市庐山市,https://www.lushan.gov.cn
360500.0,江西省新余市,https://www.xinyu.gov.cn
360502.0,江西省新余市渝水区,http://www.yushui.gov.cn
360521.0,江西省新余市分宜县,http://www.fenyi.gov.cn
360600.0,江西省鹰潭市,http://www.jiangxi.gov.cn
360602.0,江西省鹰潭市月湖区,http://www.yingtan.gov.cn
360603.0,江西省鹰潭市余江区,http://www.yujiang.gov.cn
360681.0,江西省鹰潭市贵溪市,http://www.guixi.gov.cn
360700.0,江西省赣州市,https://www.ganzhou.gov.cn
360702.0,江西省赣州市章贡区,https://www.zgq.gov.cn
360703.0,江西省赣州市南康区,http://www.nkjx.gov.cn
360704.0,江西省赣州市赣县区,http://www.ganxian.gov.cn
360722.0,江西省赣州市信丰县,http://www.jxxf.gov.cn
360723.0,江西省赣州市大余县,
360724.0,江西省赣州市上犹县,http://www.shangyou.gov.cn
360725.0,江西省赣州市崇义县,http://www.chongyi.gov.cn
360726.0,江西省赣州市安远县,http://www.ay.gov.cn
360728.0,江西省赣州市定南县,https://www.dingnan.gov.cn
360729.0,江西省赣州市全南县,https://www.quannan.gov.cn
360730.0,江西省赣州市宁都县,http://www.ningdu.gov.cn
360731.0,江西省赣州市于都县,https://www.yudu.gov.cn
360732.0,江西省赣州市兴国县,https://www.xingguo.gov.cn
360733.0,江西省赣州市会昌县,http://www.huichang.gov.cn
360734.0,江西省赣州市寻乌县,http://www.xunwu.gov.cn
360735.0,江西省赣州市石城县,http://www.shicheng.gov.cn
360781.0,江西省赣州市瑞金市,
360783.0,江西省赣州市龙南市,https://www.longnan.gov.cn
360800.0,江西省吉安市,https://www.jian.gov.cn
360802.0,江西省吉安市吉州区,http://www.jzq.gov.cn
360803.0,江西省吉安市青原区,http://qyq.gov.cn
360821.0,江西省吉安市吉安县,
360822.0,江西省吉安市吉水县,http://www.jishui.gov.cn
360823.0,江西省吉安市峡江县,http://www.xiajiang.gov.cn
360824.0,江西省吉安市新干县,http://www.xingan.gov.cn
360825.0,江西省吉安市永丰县,http://www.jxyongfeng.gov.cn
360826.0,江西省吉安市泰和县,https://www.jxth.gov.cn
360827.0,江西省吉安市遂川县,http://www.suichuan.gov.cn
360828.0,江西省吉安市万安县,http://www.wanan.gov.cn
360829.0,江西省吉安市安福县,https://www.afx.gov.cn
360830.0,江西省吉安市永新县,https://www.yongxin.gov.cn
360881.0,江西省吉安市井冈山市,http://www.jgs.gov.cn
360900.0,江西省宜春市,https://www.yichun.gov.cn
360902.0,江西省宜春市袁州区,http://www.yzq.gov.cn
360921.0,江西省宜春市奉新县,http://www.fengxin.gov.cn
360922.0,江西省宜春市万载县,http://www.wanzai.gov.cn
360923.0,江西省宜春市上高县,http://www.shanggao.gov.cn
360924.0,江西省宜春市宜丰县,http://www.jxyf.gov.cn
360925.0,江西省宜春市靖安县,http://www.jxjaxzf.gov.cn
360926.0,江西省宜春市铜鼓县,http://www.tonggu.gov.cn
360981.0,江西省宜春市丰城市,https://www.jxfc.gov.cn
360982.0,江西省宜春市樟树市,http://www.zhangshu.gov.cn
360983.0,江西省宜春市高安市,http://www.gaoan.gov.cn
361000.0,江西省抚州市,https://www.jxfz.gov.cn
361002.0,江西省抚州市临川区,https://www.jxlc.gov.cn
361003.0,江西省抚州市东乡区,http://www.jxfzdx.gov.cn
361021.0,江西省抚州市南城县,http://jxnc.gov.cn
361022.0,江西省抚州市黎川县,http://www.jxfz.gov.cn
361023.0,江西省抚州市南丰县,http://jxnf.gov.cn
361024.0,江西省抚州市崇仁县,https://www.jxcr.gov.cn
361025.0,江西省抚州市乐安县,http://jxlean.gov.cn
361026.0,江西省抚州市宜黄县,http://www.jxyh.gov.cn
361027.0,江西省抚州市金溪县,https://www.jinxi.gov.cn
361028.0,江西省抚州市资溪县,https://www.zixi.gov.cn
361030.0,江西省抚州市广昌县,https://www.jxgc.gov.cn
361100.0,江西省上饶市,https://www.zgsr.gov.cn
361102.0,江西省上饶市信州区,https://www.jxxz.gov.cn
361103.0,江西省上饶市广丰区,http://www.gfx.gov.cn
361104.0,江西省上饶市广信区,http://www.srx.gov.cn
361123.0,江西省上饶市玉山县,http://www.zgys.gov.cn
361124.0,江西省上饶市铅山县,http://www.jxyanshan.gov.cn
361125.0,江西省上饶市横峰县,http://www.hfzf.gov.cn
361126.0,江西省上饶市弋阳县,http://www.jxyy.gov.cn
361127.0,江西省上饶市余干县,http://www.yugan.gov.cn
361128.0,江西省上饶市鄱阳县,http://www.poyang.gov.cn
361129.0,江西省上饶市万年县,http://www.zgwn.gov.cn
361130.0,江西省上饶市婺源县,http://www.jxwy.gov.cn
361181.0,江西省上饶市德兴市,http://www.dxs.gov.cn
370000.0,山东省,http://www.shandong.gov.cn
370100.0,山东省济南市,http://www.jinan.gov.cn
370102.0,山东省济南市历下区,http://www.lixia.gov.cn
370103.0,山东省济南市市中区,http://www.shizhong.gov.cn
370104.0,山东省济南市槐荫区,http://www.huaiyin.gov.cn
370105.0,山东省济南市天桥区,http://www.tianqiao.gov.cn
370112.0,山东省济南市历城区,http://www.licheng.gov.cn
370113.0,山东省济南市长清区,http://www.jncq.gov.cn
370114.0,山东省济南市章丘区,http://www.jnzq.gov.cn
370115.0,山东省济南市济阳区,http://www.jiyang.gov.cn
370116.0,山东省济南市莱芜区,http://www.laiwu.gov.cn
370117.0,山东省济南市钢城区,http://www.gangcheng.gov.cn
370124.0,山东省济南市平阴县,http://www.pingyin.gov.cn
370126.0,山东省济南市商河县,http://www.shanghe.gov.cn
370200.0,山东省青岛市,http://www.qingdao.gov.cn
370202.0,山东省青岛市市南区,
370203.0,山东省青岛市市北区,http://www.qingdaoshibei.gov.cn
370211.0,山东省青岛市黄岛区,https://www.xihaian.gov.cn
370212.0,山东省青岛市崂山区,http://www.laoshan.gov.cn
370213.0,山东省青岛市李沧区,http://www.qdlc.gov.cn
370214.0,山东省青岛市城阳区,http://www.chengyang.gov.cn
370215.0,山东省青岛市即墨区,http://www.jimo.gov.cn
370281.0,山东省青岛市胶州市,http://www.jiaozhou.gov.cn
370283.0,山东省青岛市平度市,http://www.pingdu.gov.cn
370285.0,山东省青岛市莱西市,http://www.laixi.gov.cn
370300.0,山东省淄博市,https://www.zibo.gov.cn
370302.0,山东省淄博市淄川区,http://www.zichuan.gov.cn
370303.0,山东省淄博市张店区,http://www.zhangdian.gov.cn
370304.0,山东省淄博市博山区,http://www.boshan.gov.cn
370305.0,山东省淄博市临淄区,http://www.linzi.gov.cn
370306.0,山东省淄博市周村区,http://www.zhoucun.gov.cn
370321.0,山东省淄博市桓台县,http://www.huantai.gov.cn
370322.0,山东省淄博市高青县,http://www.gaoqing.gov.cn
370323.0,山东省淄博市沂源县,http://www.yiyuan.gov.cn
370400.0,山东省枣庄市,http://www.zaozhuang.gov.cn
370402.0,山东省枣庄市市中区,http://www.zzszq.gov.cn
370403.0,山东省枣庄市薛城区,http://www.xuecheng.gov.cn
370404.0,山东省枣庄市峄城区,http://www.ycq.gov.cn
370405.0,山东省枣庄市台儿庄区,http://www.tez.gov.cn
370406.0,山东省枣庄市山亭区,http://www.shanting.gov.cn
370481.0,山东省枣庄市滕州市,http://www.tengzhou.gov.cn
370500.0,山东省东营市,http://www.dongying.gov.cn
370502.0,山东省东营市东营区,http://www.dyq.gov.cn
370503.0,山东省东营市河口区,http://www.hekou.gov.cn
370505.0,山东省东营市垦利区,http://www.kenli.gov.cn
370522.0,山东省东营市利津县,http://www.lijin.gov.cn
370523.0,山东省东营市广饶县,http://www.guangrao.gov.cn
370600.0,山东省烟台市,https://www.yantai.gov.cn
370602.0,山东省烟台市芝罘区,https://www.zhifu.gov.cn
370611.0,山东省烟台市福山区,https://www.ytfushan.gov.cn
370612.0,山东省烟台市牟平区,https://www.muping.gov.cn
370613.0,山东省烟台市莱山区,https://www.ytlaishan.gov.cn
370614.0,山东省烟台市蓬莱区,https://www.penglai.gov.cn
370681.0,山东省烟台市龙口市,https://www.longkou.gov.cn
370682.0,山东省烟台市莱阳市,https://www.laiyang.gov.cn
370683.0,山东省烟台市莱州市,
370685.0,山东省烟台市招远市,https://www.zhaoyuan.gov.cn
370686.0,山东省烟台市栖霞市,https://www.sdqixia.gov.cn
370687.0,山东省烟台市海阳市,https://www.haiyang.gov.cn
370700.0,山东省潍坊市,http://www.weifang.gov.cn
370702.0,山东省潍坊市潍城区,http://www.weicheng.gov.cn
370703.0,山东省潍坊市寒亭区,http://www.hanting.gov.cn
370704.0,山东省潍坊市坊子区,http://www.fangzi.gov.cn
370705.0,山东省潍坊市奎文区,https://kuiwen.gov.cn
370724.0,山东省潍坊市临朐县,http://www.linqu.gov.cn
370725.0,山东省潍坊市昌乐县,http://www.changle.gov.cn
370781.0,山东省潍坊市青州市,http://www.qingzhou.gov.cn
370782.0,山东省潍坊市诸城市,http://www.zhucheng.gov.cn
370783.0,山东省潍坊市寿光市,https://www.shouguang.gov.cn
370784.0,山东省潍坊市安丘市,http://www.anqiu.gov.cn
370785.0,山东省潍坊市高密市,http://www.gaomi.gov.cn
370786.0,山东省潍坊市昌邑市,http://www.changyi.gov.cn
370800.0,山东省济宁市,https://www.jining.gov.cn
370811.0,山东省济宁市任城区,http://www.rencheng.gov.cn
370812.0,山东省济宁市兖州区,http://www.yanzhou.gov.cn
370826.0,山东省济宁市微山县,http://www.weishan.gov.cn
370827.0,山东省济宁市鱼台县,http://www.yutai.gov.cn
370828.0,山东省济宁市金乡县,http://www.jinxiang.gov.cn
370829.0,山东省济宁市嘉祥县,http://www.jiaxiang.gov.cn
370830.0,山东省济宁市汶上县,http://m.sd.gov.cn
370831.0,山东省济宁市泗水县,http://www.sishui.gov.cn
370832.0,山东省济宁市梁山县,
370881.0,山东省济宁市曲阜市,http://www.qufu.gov.cn
370883.0,山东省济宁市邹城市,http://www.zoucheng.gov.cn
370900.0,山东省泰安市,https://www.taian.gov.cn
370902.0,山东省泰安市泰山区,http://www.sdtaishan.gov.cn
370911.0,山东省泰安市岱岳区,http://www.daiyue.gov.cn
370921.0,山东省泰安市宁阳县,http://www.ny.gov.cn
370923.0,山东省泰安市东平县,http://www.dongping.gov.cn
370982.0,山东省泰安市新泰市,http://www.xintai.gov.cn
370983.0,山东省泰安市肥城市,http://www.feicheng.gov.cn
371000.0,山东省威海市,https://www.weihai.gov.cn
371002.0,山东省威海市环翠区,http://www.huancui.gov.cn
371003.0,山东省威海市文登区,http://www.wendeng.gov.cn
371082.0,山东省威海市荣成市,
371083.0,山东省威海市乳山市,http://www.rushan.gov.cn
371100.0,山东省日照市,http://www.rizhao.gov.cn
371102.0,山东省日照市东港区,http://www.rzdonggang.gov.cn
371103.0,山东省日照市岚山区,http://www.rzlanshan.gov.cn
371121.0,山东省日照市五莲县,https://www.wulian.gov.cn
371122.0,山东省日照市莒县,http://www.juxian.gov.cn
371300.0,山东省临沂市,https://www.linyi.gov.cn
371302.0,山东省临沂市兰山区,http://www.lyls.gov.cn
371311.0,山东省临沂市罗庄区,
371312.0,山东省临沂市河东区,http://www.hedong.gov.cn
371321.0,山东省临沂市沂南县,http://www.yinan.gov.cn
371322.0,山东省临沂市郯城县,http://www.tancheng.gov.cn
371323.0,山东省临沂市沂水县,http://www.yishui.gov.cn
371324.0,山东省临沂市兰陵县,https://www.lanling.gov.cn
371325.0,山东省临沂市费县,http://www.feixian.gov.cn
371326.0,山东省临沂市平邑县,http://www.pingyi.gov.cn
371327.0,山东省临沂市莒南县,http://www.junan.gov.cn
371328.0,山东省临沂市蒙阴县,http://www.mengyin.gov.cn
371329.0,山东省临沂市临沭县,http://www.linshu.gov.cn
371400.0,山东省德州市,https://www.dezhou.gov.cn
371402.0,山东省德州市德城区,http://www.decheng.gov.cn
371403.0,山东省德州市陵城区,http://www.dzlc.gov.cn
371422.0,山东省德州市宁津县,http://ggzyjy.dezhou.gov.cn
371423.0,山东省德州市庆云县,https://ggzyjy.dezhou.gov.cn
371424.0,山东省德州市临邑县,http://www.linyixian.gov.cn
371425.0,山东省德州市齐河县,http://www.qihe.gov.cn
371426.0,山东省德州市平原县,http://www.zgpingyuan.gov.cn
371427.0,山东省德州市夏津县,http://www.xiajin.gov.cn
371428.0,山东省德州市武城县,http://www.wucheng.gov.cn
371481.0,山东省德州市乐陵市,http://www.laoling.gov.cn
371482.0,山东省德州市禹城市,http://www.yuchengshi.gov.cn
371500.0,山东省聊城市,http://www.liaocheng.gov.cn
371502.0,山东省聊城市东昌府区,http://www.dongchangfu.gov.cn
371503.0,山东省聊城市茌平区,http://www.chiping.gov.cn
371521.0,山东省聊城市阳谷县,http://www.yanggu.gov.cn
371522.0,山东省聊城市莘县,http://www.sdsx.gov.cn
371524.0,山东省聊城市东阿县,http://www.sdde.gov.cn
371525.0,山东省聊城市冠县,http://www.guanxian.gov.cn
371526.0,山东省聊城市高唐县,http://www.gaotang.gov.cn
371581.0,山东省聊城市临清市,http://www.linqing.gov.cn
371600.0,山东省滨州市,http://www.binzhou.gov.cn
371602.0,山东省滨州市滨城区,http://bincheng.gov.cn
371603.0,山东省滨州市沾化区,http://www.zhanhua.gov.cn
371621.0,山东省滨州市惠民县,http://www.huimin.gov.cn
371622.0,山东省滨州市阳信县,http://www.yangxin.gov.cn
371623.0,山东省滨州市无棣县,http://www.wudi.gov.cn
371625.0,山东省滨州市博兴县,http://www.boxing.gov.cn:81
371681.0,山东省滨州市邹平市,http://www.zouping.gov.cn
371700.0,山东省菏泽市,http://www.heze.gov.cn
371702.0,山东省菏泽市牡丹区,http://www.mudan.gov.cn
371703.0,山东省菏泽市定陶区,http://www.dingtao.gov.cn
371721.0,山东省菏泽市曹县,http://www.caoxian.gov.cn
371722.0,山东省菏泽市单县,http://www.shanxian.gov.cn
371723.0,山东省菏泽市成武县,http://www.chengwu.gov.cn
371724.0,山东省菏泽市巨野县,http://www.juye.gov.cn
371725.0,山东省菏泽市郓城县,http://www.cnyc.gov.cn
371726.0,山东省菏泽市鄄城县,http://www.juancheng.gov.cn
371728.0,山东省菏泽市东明县,http://www.dmzf.gov.cn
410000.0,河南省,https://www.henan.gov.cn
410100.0,河南省郑州市,https://public.zhengzhou.gov.cn
410102.0,河南省郑州市中原区,https://public.zhongyuan.gov.cn
410103.0,河南省郑州市二七区,https://www.erqi.gov.cn
410104.0,河南省郑州市管城回族区,https://www.guancheng.gov.cn
410105.0,河南省郑州市金水区,https://public.jinshui.gov.cn
410106.0,河南省郑州市上街区,https://public.zzsj.gov.cn
410108.0,河南省郑州市惠济区,https://public.huiji.gov.cn
410122.0,河南省郑州市中牟县,https://public.zhongmu.gov.cn
410181.0,河南省郑州市巩义市,https://www.gongyishi.gov.cn
410182.0,河南省郑州市荥阳市,https://public.xingyang.gov.cn
410183.0,河南省郑州市新密市,https://public.xinmi.gov.cn
410184.0,河南省郑州市新郑市,https://public.xinzheng.gov.cn
410185.0,河南省郑州市登封市,https://public.dengfeng.gov.cn
410200.0,河南省开封市,https://www.kaifeng.gov.cn
410202.0,河南省开封市龙亭区,https://www.kflz.gov.cn
410203.0,河南省开封市顺河回族区,http://www.shunhequ.gov.cn
410204.0,河南省开封市鼓楼区,http://www.gulou.gov.cn
410205.0,河南省开封市禹王台区,http://www.yuwangtai.gov.cn
410212.0,河南省开封市祥符区,https://www.xiangfuqu.gov.cn
410221.0,河南省开封市杞县,http://www.zgqx.gov.cn
410222.0,河南省开封市通许县,
410223.0,河南省开封市尉氏县,http://www.wschina.gov.cn
410225.0,河南省开封市兰考县,http://www.lankao.gov.cn
410300.0,河南省洛阳市,https://www.ly.gov.cn
410302.0,河南省洛阳市老城区,https://www.lylc.gov.cn
410303.0,河南省洛阳市西工区,http://www.xigong.gov.cn
410304.0,河南省洛阳市瀍河回族区,http://lysrsks.gov.cn
410305.0,河南省洛阳市涧西区,http://www.jxq.gov.cn
410307.0,河南省洛阳市偃师区,https://www.yanshi.gov.cn
410308.0,河南省洛阳市孟津区,http://www.mengjin.gov.cn
410311.0,河南省洛阳市洛龙区,https://luolong.gov.cn
410323.0,河南省洛阳市新安县,http://www.lysrsks.gov.cn
410324.0,河南省洛阳市栾川县,https://www.luanchuan.gov.cn
410325.0,河南省洛阳市嵩县,https://www.hnsongxian.gov.cn
410326.0,河南省洛阳市汝阳县,https://www.ry.gov.cn
410327.0,河南省洛阳市宜阳县,http://www.yyzfw.gov.cn
410328.0,河南省洛阳市洛宁县,http://www.luoning.gov.cn
410329.0,河南省洛阳市伊川县,http://www.yichuan.gov.cn
410400.0,河南省平顶山市,https://pds.gov.cn
410402.0,河南省平顶山市新华区,
410403.0,河南省平顶山市卫东区,http://weidong.gov.cn
410404.0,河南省平顶山市石龙区,https://www.shilongqu.gov.cn
410411.0,河南省平顶山市湛河区,https://www.zhq.gov.cn
410421.0,河南省平顶山市宝丰县,https://www.baofeng.gov.cn
410422.0,河南省平顶山市叶县,https://www.yexian.gov.cn
410423.0,河南省平顶山市鲁山县,https://hnls.gov.cn
410425.0,河南省平顶山市郏县,http://www.jiaxian.gov.cn
410481.0,河南省平顶山市舞钢市,https://zgwg.gov.cn
410482.0,河南省平顶山市汝州市,https://ruzhou.gov.cn
410500.0,河南省安阳市,https://www.anyang.gov.cn
410502.0,河南省安阳市文峰区,https://www.wfqzf.gov.cn
410503.0,河南省安阳市北关区,https://www.beiguan.gov.cn
410505.0,河南省安阳市殷都区,https://www.yindu.gov.cn
410506.0,河南省安阳市龙安区,https://www.longan.gov.cn
410522.0,河南省安阳市安阳县,https://www.ayx.gov.cn
410523.0,河南省安阳市汤阴县,http://www.tangyin.gov.cn
410526.0,河南省安阳市滑县,https://www.hnhx.gov.cn
410527.0,河南省安阳市内黄县,http://www.aylzw.gov.cn
410581.0,河南省安阳市林州市,http://www.linzhou.gov.cn
410600.0,河南省鹤壁市,https://www.hebi.gov.cn
410602.0,河南省鹤壁市鹤山区,http://www.hbhsq.gov.cn
410603.0,河南省鹤壁市山城区,http://hbscq.gov.cn
410611.0,河南省鹤壁市淇滨区,http://wap.hebi.gov.cn
410621.0,河南省鹤壁市浚县,https://www.xunxian.gov.cn
410622.0,河南省鹤壁市淇县,https://hebi.gov.cn
410700.0,河南省新乡市,http://www.xinxiang.gov.cn
410702.0,河南省新乡市红旗区,http://hqq.gov.cn
410703.0,河南省新乡市卫滨区,http://www.wbq.gov.cn
410704.0,河南省新乡市凤泉区,
410711.0,河南省新乡市牧野区,http://www.xxmyq.gov.cn
410721.0,河南省新乡市新乡县,
410724.0,河南省新乡市获嘉县,http://www.huojia.gov.cn
410725.0,河南省新乡市原阳县,https://www.yuanyang.gov.cn
410726.0,河南省新乡市延津县,https://yanjin.gov.cn
410727.0,河南省新乡市封丘县,http://www.fengqiu.gov.cn
410781.0,河南省新乡市卫辉市,
410782.0,河南省新乡市辉县市,https://www.huixianshi.gov.cn
410783.0,河南省新乡市长垣市,http://www.changyuan.gov.cn
410800.0,河南省焦作市,http://www.jiaozuo.gov.cn
410802.0,河南省焦作市解放区,
410803.0,河南省焦作市中站区,http://www.jzjjw.gov.cn
410804.0,河南省焦作市马村区,http://www.jzmcqzf.gov.cn
410811.0,河南省焦作市山阳区,http://www.syq.gov.cn
410821.0,河南省焦作市修武县,http://www.xiuwu.gov.cn
410822.0,河南省焦作市博爱县,http://www.boai.gov.cn
410823.0,河南省焦作市武陟县,
410825.0,河南省焦作市温县,
410882.0,河南省焦作市沁阳市,http://www.qinyang.gov.cn
410883.0,河南省焦作市孟州市,http://www.mengzhou.gov.cn
410900.0,河南省濮阳市,https://www.puyang.gov.cn
410902.0,河南省濮阳市华龙区,http://www.pyhualong.gov.cn
410922.0,河南省濮阳市清丰县,http://www.qingfeng.gov.cn
410923.0,河南省濮阳市南乐县,http://www.nanle.gov.cn
410926.0,河南省濮阳市范县,http://www.fanxian.gov.cn
410927.0,河南省濮阳市台前县,http://www.taiqian.gov.cn
410928.0,河南省濮阳市濮阳县,https://www.puyangxian.gov.cn
411000.0,河南省许昌市,https://www.xuchang.gov.cn
411002.0,河南省许昌市魏都区,http://www.weidu.gov.cn
411003.0,河南省许昌市建安区,http://jianan.gov.cn
411024.0,河南省许昌市鄢陵县,http://www.xclz.gov.cn
411025.0,河南省许昌市襄城县,https://xiangchengxian.gov.cn
411081.0,河南省许昌市禹州市,http://www.yuzhou.gov.cn
411082.0,河南省许昌市长葛市,http://www.changge.gov.cn
411100.0,河南省漯河市,https://www.luohe.gov.cn
411102.0,河南省漯河市源汇区,http://www.lhlzw.gov.cn
411103.0,河南省漯河市郾城区,https://www.lhyc.gov.cn
411104.0,河南省漯河市召陵区,http://www.lhsl.gov.cn
411121.0,河南省漯河市舞阳县,https://www.wuyang.gov.cn
411122.0,河南省漯河市临颍县,https://www.linying.gov.cn
411200.0,河南省三门峡市,https://www.smx.gov.cn
411202.0,河南省三门峡市湖滨区,https://www.hubin.gov.cn
411203.0,河南省三门峡市陕州区,https://www.shanzhou.gov.cn
411221.0,河南省三门峡市渑池县,https://www.mianchi.gov.cn
411224.0,河南省三门峡市卢氏县,https://www.lushixian.gov.cn
411281.0,河南省三门峡市义马市,https://www.yima.gov.cn
411282.0,河南省三门峡市灵宝市,http://rsj.smx.gov.cn
411300.0,河南省南阳市,https://www.nanyang.gov.cn
411302.0,河南省南阳市宛城区,http://www.wancheng.gov.cn
411303.0,河南省南阳市卧龙区,https://www.wolong.gov.cn
411321.0,河南省南阳市南召县,https://www.nanzhao.gov.cn
411322.0,河南省南阳市方城县,https://www.fangcheng.gov.cn
411323.0,河南省南阳市西峡县,https://www.xixia.gov.cn
411324.0,河南省南阳市镇平县,https://www.zhenping.gov.cn
411325.0,河南省南阳市内乡县,http://www.neixiangxian.gov.cn
411326.0,河南省南阳市淅川县,https://www.xichuan.gov.cn
411327.0,河南省南阳市社旗县,https://www.sheqi.gov.cn
411328.0,河南省南阳市唐河县,https://www.tanghe.gov.cn
411329.0,河南省南阳市新野县,https://www.xinye.gov.cn
411330.0,河南省南阳市桐柏县,https://www.tongbai.gov.cn
411381.0,河南省南阳市邓州市,http://www.dengzhou.gov.cn
411400.0,河南省商丘市,https://shangqiu.gov.cn
411402.0,河南省商丘市梁园区,https://liangyuan.gov.cn
411403.0,河南省商丘市睢阳区,https://www.suiyangqu.gov.cn
411421.0,河南省商丘市民权县,http://minquan.gov.cn
411422.0,河南省商丘市睢县,https://www.suixian.gov.cn
411423.0,河南省商丘市宁陵县,http://ningling.gov.cn
411424.0,河南省商丘市柘城县,https://www.zhecheng.gov.cn
411425.0,河南省商丘市虞城县,https://henan.chinatax.gov.cn
411426.0,河南省商丘市夏邑县,https://www.xiayi.gov.cn
411481.0,河南省商丘市永城市,https://www.ycs.gov.cn
411500.0,河南省信阳市,https://www.xinyang.gov.cn
411502.0,河南省信阳市浉河区,https://www.shihe.gov.cn
411503.0,河南省信阳市平桥区,http://new.xypq.gov.cn
411521.0,河南省信阳市罗山县,https://www.luoshan.gov.cn
411522.0,河南省信阳市光山县,https://t.xinyang.gov.cn
411523.0,河南省信阳市新县,https://www.hnxx.gov.cn
411524.0,河南省信阳市商城县,http://xysc.hnsc.gov.cn
411525.0,河南省信阳市固始县,https://www.gushi.gov.cn
411526.0,河南省信阳市潢川县,https://www.huangchuan.gov.cn
411527.0,河南省信阳市淮滨县,http://huaibin.gov.cn
411528.0,河南省信阳市息县,https://www.xixian.gov.cn
411600.0,河南省周口市,https://www.zhoukou.gov.cn
411602.0,河南省周口市川汇区,https://www.chuanhui.gov.cn
411603.0,河南省周口市淮阳区,https://www.hyzww.gov.cn
411621.0,河南省周口市扶沟县,https://www.fugou.gov.cn
411622.0,河南省周口市西华县,https://www.xihua.gov.cn
411623.0,河南省周口市商水县,https://www.shangshui.gov.cn
411624.0,河南省周口市沈丘县,https://www.shenqiu.gov.cn
411625.0,河南省周口市郸城县,https://www.dancheng.gov.cn
411627.0,河南省周口市太康县,http://www.taikang.gov.cn
411628.0,河南省周口市鹿邑县,
411681.0,河南省周口市项城市,https://xiangcheng.gov.cn
411700.0,河南省驻马店市,
411702.0,河南省驻马店市驿城区,https://www.zmdycq.gov.cn
411721.0,河南省驻马店市西平县,https://www.xiping.gov.cn
411722.0,河南省驻马店市上蔡县,https://www.shangcai.gov.cn
411723.0,河南省驻马店市平舆县,https://www.pingyu.gov.cn
411724.0,河南省驻马店市正阳县,https://www.zhengyang.gov.cn
411725.0,河南省驻马店市确山县,https://www.zhumadian.gov.cn
411726.0,河南省驻马店市泌阳县,
411727.0,河南省驻马店市汝南县,https://www.runan.gov.cn
411728.0,河南省驻马店市遂平县,
411729.0,河南省驻马店市新蔡县,https://www.xincai.gov.cn
419001.0,河南省驻马店市济源市*,https://www.jiyuan.gov.cn
420000.0,湖北省,https://www.hubei.gov.cn
420100.0,湖北省武汉市,https://www.wuhan.gov.cn
420102.0,湖北省武汉市江岸区,
420103.0,湖北省武汉市江汉区,https://www.jianghan.gov.cn
420104.0,湖北省武汉市硚口区,https://www.qiaokou.gov.cn
420105.0,湖北省武汉市汉阳区,https://www.hanyang.gov.cn
420106.0,湖北省武汉市武昌区,https://www.wuchang.gov.cn
420107.0,湖北省武汉市青山区,https://www.qsq.gov.cn
420111.0,湖北省武汉市洪山区,https://www.hongshan.gov.cn
420112.0,湖北省武汉市东西湖区,https://www.dxh.gov.cn
420113.0,湖北省武汉市汉南区,https://www.whkfq.gov.cn
420114.0,湖北省武汉市蔡甸区,https://www.caidian.gov.cn
420115.0,湖北省武汉市江夏区,https://www.jiangxia.gov.cn
420116.0,湖北省武汉市黄陂区,https://www.huangpi.gov.cn
420117.0,湖北省武汉市新洲区,https://www.whxinzhou.gov.cn
420200.0,湖北省黄石市,https://huangshi.gov.cn
420202.0,湖北省黄石市黄石港区,https://www.huangshigang.gov.cn
420203.0,湖北省黄石市西塞山区,http://www.xisaishan.gov.cn
420204.0,湖北省黄石市下陆区,http://www.xialuqu.gov.cn
420205.0,湖北省黄石市铁山区,https://www.hsdz.gov.cn
420222.0,湖北省黄石市阳新县,http://www.yx.gov.cn
420281.0,湖北省黄石市大冶市,http://www.hbdaye.gov.cn
420300.0,湖北省十堰市,https://www.shiyan.gov.cn
420302.0,湖北省十堰市茅箭区,http://maojian.shiyan.gov.cn
420303.0,湖北省十堰市张湾区,http://www.zhangwan.gov.cn
420304.0,湖北省十堰市郧阳区,http://yunyang.shiyan.gov.cn
420322.0,湖北省十堰市郧西县,http://www.yunxi.gov.cn
420323.0,湖北省十堰市竹山县,http://www.zhushan.gov.cn
420324.0,湖北省十堰市竹溪县,http://www.zhuxi.gov.cn
420325.0,湖北省十堰市房县,http://www.fangxian.gov.cn
420381.0,湖北省十堰市丹江口市,http://www.djk.gov.cn
420500.0,湖北省宜昌市,http://www.yichang.gov.cn
420502.0,湖北省宜昌市西陵区,http://www.ycxl.gov.cn
420503.0,湖北省宜昌市伍家岗区,http://www.ycwjg.gov.cn
420504.0,湖北省宜昌市点军区,http://www.dianjun.gov.cn
420505.0,湖北省宜昌市猇亭区,http://www.xiaoting.gov.cn
420506.0,湖北省宜昌市夷陵区,http://www.10.gov.cn
420525.0,湖北省宜昌市远安县,http://www.yuanan.gov.cn
420526.0,湖北省宜昌市兴山县,http://www.xingshan.gov.cn
420527.0,湖北省宜昌市秭归县,http://www.hbzg.gov.cn
420528.0,湖北省宜昌市长阳土家族自治县,http://www.changyang.gov.cn
420529.0,湖北省宜昌市五峰土家族自治县,http://www.hbwf.gov.cn
420581.0,湖北省宜昌市宜都市,http://www.yidu.gov.cn
420582.0,湖北省宜昌市当阳市,http://www.dangyang.gov.cn
420583.0,湖北省宜昌市枝江市,http://www.zgzhijiang.gov.cn
420600.0,湖北省襄阳市,http://www.xiangyang.gov.cn
420602.0,湖北省襄阳市襄城区,http://xc.xiangyang.gov.cn
420606.0,湖北省襄阳市樊城区,http://www.fc.gov.cn
420607.0,湖北省襄阳市襄州区,http://xz.xiangyang.gov.cn
420624.0,湖北省襄阳市南漳县,http://www.hbnz.gov.cn
420625.0,湖北省襄阳市谷城县,http://www.hbgucheng.gov.cn
420626.0,湖北省襄阳市保康县,http://www.baokang.gov.cn
420682.0,湖北省襄阳市老河口市,http://www.lhk.gov.cn
420683.0,湖北省襄阳市枣阳市,http://www.zyzf.gov.cn
420684.0,湖北省襄阳市宜城市,http://ych.gov.cn
420700.0,湖北省鄂州市,https://www.ezhou.gov.cn
420702.0,湖北省鄂州市梁子湖区,https://www.liangzh.gov.cn
420703.0,湖北省鄂州市华容区,https://www.hbhr.gov.cn
420704.0,湖北省鄂州市鄂城区,https://www.echeng.gov.cn
420800.0,湖北省荆门市,https://www.jingmen.gov.cn
420802.0,湖北省荆门市东宝区,http://www.jmdbq.gov.cn
420804.0,湖北省荆门市掇刀区,https://www.duodao.gov.cn
420822.0,湖北省荆门市沙洋县,https://www.shayang.gov.cn
420881.0,湖北省荆门市钟祥市,http://www.zhongxiang.gov.cn
420882.0,湖北省荆门市京山市,https://www.jingshan.gov.cn
420900.0,湖北省孝感市,https://www.xiaogan.gov.cn
420902.0,湖北省孝感市孝南区,http://www.xiaonan.gov.cn
420921.0,湖北省孝感市孝昌县,http://www.xiaochang.gov.cn
420922.0,湖北省孝感市大悟县,http://www.hbdawu.gov.cn
420923.0,湖北省孝感市云梦县,http://www.yunmeng.gov.cn
420981.0,湖北省孝感市应城市,http://www.yingcheng.gov.cn
420982.0,湖北省孝感市安陆市,https://www.anlu.gov.cn
420984.0,湖北省孝感市汉川市,http://gkml.xiaogan.gov.cn
421000.0,湖北省荆州市,http://zwgk.jingzhou.gov.cn
421002.0,湖北省荆州市沙市区,http://www.shashi.gov.cn
421003.0,湖北省荆州市荆州区,http://www.jingzhouqu.gov.cn
421022.0,湖北省荆州市公安县,https://wsgaj.chutianyun.gov.cn
421024.0,湖北省荆州市江陵县,http://www.jiangling.gov.cn
421081.0,湖北省荆州市石首市,http://www.shishou.gov.cn
421083.0,湖北省荆州市洪湖市,http://www.honghu.gov.cn
421087.0,湖北省荆州市松滋市,http://www.hbsz.gov.cn
421088.0,湖北省荆州市监利市,http://www.jianli.gov.cn
421100.0,湖北省黄冈市,http://www.hg.gov.cn
421102.0,湖北省黄冈市黄州区,http://www.huangzhou.gov.cn
421121.0,湖北省黄冈市团风县,http://www.tfzf.gov.cn
421122.0,湖北省黄冈市红安县,http://www.hazf.gov.cn
421123.0,湖北省黄冈市罗田县,http://www.luotian.gov.cn
421124.0,湖北省黄冈市英山县,http://www.chinays.gov.cn
421125.0,湖北省黄冈市浠水县,http://www.xishui.gov.cn
421126.0,湖北省黄冈市蕲春县,http://www.qichun.gov.cn
421127.0,湖北省黄冈市黄梅县,http://www.hm.gov.cn
421181.0,湖北省黄冈市麻城市,http://www.macheng.gov.cn
421182.0,湖北省黄冈市武穴市,http://www.wuxue.gov.cn
421200.0,湖北省咸宁市,http://www.xianning.gov.cn
421202.0,湖北省咸宁市咸安区,http://www.xianan.gov.cn
421221.0,湖北省咸宁市嘉鱼县,http://www.jiayu.gov.cn
421222.0,湖北省咸宁市通城县,http://www.zgtc.gov.cn
421223.0,湖北省咸宁市崇阳县,http://www.chongyang.gov.cn
421224.0,湖北省咸宁市通山县,http://www.tongshan.gov.cn
421281.0,湖北省咸宁市赤壁市,http://www.chibi.gov.cn
421300.0,湖北省随州市,http://www.suizhou.gov.cn
421303.0,湖北省随州市曾都区,http://www.zengdu.gov.cn
421321.0,湖北省随州市随县,http://www.zgsuixian.gov.cn
421381.0,湖北省随州市广水市,http://www.guangshui.gov.cn
422800.0,湖北省恩施土家族苗族自治州,http://www.enshi.gov.cn
422801.0,湖北省恩施土家族苗族自治州恩施市,http://www.es.gov.cn
422802.0,湖北省恩施土家族苗族自治州利川市,http://www.lichuan.gov.cn
422822.0,湖北省恩施土家族苗族自治州建始县,http://www.hbjs.gov.cn
422823.0,湖北省恩施土家族苗族自治州巴东县,http://www.hbbd.gov.cn
422825.0,湖北省恩施土家族苗族自治州宣恩县,http://www.xe.gov.cn
422826.0,湖北省恩施土家族苗族自治州咸丰县,http://www.xianfeng.gov.cn
422827.0,湖北省恩施土家族苗族自治州来凤县,http://www.laifeng.gov.cn
422828.0,湖北省恩施土家族苗族自治州鹤峰县,http://www.hefeng.gov.cn
429004.0,湖北省恩施土家族苗族自治州仙桃市*,
429005.0,湖北省恩施土家族苗族自治州潜江市*,
429006.0,湖北省恩施土家族苗族自治州天门市*,https://www.tianmen.gov.cn
429021.0,湖北省恩施土家族苗族自治州神农架林区*,
430000.0,湖南省,https://www.hunan.gov.cn
430100.0,湖南省长沙市,http://www.changsha.gov.cn
430102.0,湖南省长沙市芙蓉区,http://www.furong.gov.cn
430103.0,湖南省长沙市天心区,http://www.tianxin.gov.cn
430104.0,湖南省长沙市岳麓区,
430105.0,湖南省长沙市开福区,http://www.kaifu.gov.cn
430111.0,湖南省长沙市雨花区,http://www.yuhua.gov.cn
430112.0,湖南省长沙市望城区,http://www.wangcheng.gov.cn
430121.0,湖南省长沙市长沙县,http://www.csx.gov.cn
430181.0,湖南省长沙市浏阳市,
430182.0,湖南省长沙市宁乡市,http://www.nxcity.gov.cn
430200.0,湖南省株洲市,http://www.zhuzhou.gov.cn
430202.0,湖南省株洲市荷塘区,http://www.hetang.gov.cn
430203.0,湖南省株洲市芦淞区,http://www.lusong.gov.cn
430204.0,湖南省株洲市石峰区,http://www.shifeng.gov.cn
430211.0,湖南省株洲市天元区,http://www.tianyuan.gov.cn
430212.0,湖南省株洲市渌口区,http://www.lukou.gov.cn
430223.0,湖南省株洲市攸县,http://zhuzhou.gov.cn
430224.0,湖南省株洲市茶陵县,http://www.chaling.gov.cn
430225.0,湖南省株洲市炎陵县,http://www.hnyanling.gov.cn
430281.0,湖南省株洲市醴陵市,http://www.liling.gov.cn
430300.0,湖南省湘潭市,http://www.xiangtan.gov.cn
430302.0,湖南省湘潭市雨湖区,http://www.xtyh.gov.cn
430304.0,湖南省湘潭市岳塘区,http://www.hnxtyt.gov.cn
430321.0,湖南省湘潭市湘潭县,https://www.xtx.gov.cn
430381.0,湖南省湘潭市湘乡市,http://www.xxs.gov.cn
430382.0,湖南省湘潭市韶山市,https://www.shaoshan.gov.cn
430400.0,湖南省衡阳市,https://www.hengyang.gov.cn
430405.0,湖南省衡阳市珠晖区,http://www.hyzhq.gov.cn
430406.0,湖南省衡阳市雁峰区,https://www.hyyfq.gov.cn
430407.0,湖南省衡阳市石鼓区,https://www.hysgq.gov.cn
430408.0,湖南省衡阳市蒸湘区,https://www.zhengxiang.gov.cn
430412.0,湖南省衡阳市南岳区,https://www.nanyue.gov.cn
430421.0,湖南省衡阳市衡阳县,http://www.hyx.gov.cn
430422.0,湖南省衡阳市衡南县,https://www.hengnan.gov.cn
430423.0,湖南省衡阳市衡山县,http://www.hengshan.gov.cn
430424.0,湖南省衡阳市衡东县,http://www.hengdong.gov.cn
430426.0,湖南省衡阳市祁东县,https://www.qdx.gov.cn
430481.0,湖南省衡阳市耒阳市,
430482.0,湖南省衡阳市常宁市,https://www.hnchangning.gov.cn
430500.0,湖南省邵阳市,https://www.shaoyang.gov.cn
430502.0,湖南省邵阳市双清区,https://www.shuangqing.gov.cn
430503.0,湖南省邵阳市大祥区,https://www.dxzc.gov.cn
430511.0,湖南省邵阳市北塔区,https://www.beita.gov.cn
430522.0,湖南省邵阳市新邵县,https://www.xinshao.gov.cn
430523.0,湖南省邵阳市邵阳县,http://syx.gov.cn
430524.0,湖南省邵阳市隆回县,https://www.longhui.gov.cn
430525.0,湖南省邵阳市洞口县,https://www.dongkou.gov.cn
430527.0,湖南省邵阳市绥宁县,https://www.hnsn.gov.cn
430528.0,湖南省邵阳市新宁县,http://xinning.gov.cn
430529.0,湖南省邵阳市城步苗族自治县,https://chengbu.gov.cn
430581.0,湖南省邵阳市武冈市,https://www.wugang.gov.cn
430582.0,湖南省邵阳市邵东市,https://shaodong.gov.cn
430600.0,湖南省岳阳市,http://sys.yyszx.gov.cn
430602.0,湖南省岳阳市岳阳楼区,https://www.yylq.gov.cn
430603.0,湖南省岳阳市云溪区,https://yueyang.gov.cn
430611.0,湖南省岳阳市君山区,https://www.junshan.gov.cn
430621.0,湖南省岳阳市岳阳县,https://www.yyx.gov.cn
430623.0,湖南省岳阳市华容县,https://www.huarong.gov.cn
430624.0,湖南省岳阳市湘阴县,https://www.xiangyin.gov.cn
430626.0,湖南省岳阳市平江县,https://www.pingjiang.gov.cn
430681.0,湖南省岳阳市汨罗市,https://www.miluo.gov.cn
430682.0,湖南省岳阳市临湘市,https://www.linxiang.gov.cn
430700.0,湖南省常德市,https://www.changde.gov.cn
430702.0,湖南省常德市武陵区,https://www.wuling.gov.cn
430703.0,湖南省常德市鼎城区,https://www.dingcheng.gov.cn
430721.0,湖南省常德市安乡县,https://www.anxiang.gov.cn
430722.0,湖南省常德市汉寿县,https://www.hanshou.gov.cn
430723.0,湖南省常德市澧县,https://www.li-xian.gov.cn
430724.0,湖南省常德市临澧县,https://www.linli.gov.cn
430725.0,湖南省常德市桃源县,https://www.taoyuan.gov.cn
430726.0,湖南省常德市石门县,https://www.shimen.gov.cn
430781.0,湖南省常德市津市市,https://www.jinshishi.gov.cn
430800.0,湖南省张家界市,https://www.zjj.gov.cn
430802.0,湖南省张家界市永定区,https://www.zjjyd.gov.cn
430811.0,湖南省张家界市武陵源区,http://zjjwly.gov.cn
430821.0,湖南省张家界市慈利县,https://www.cili.gov.cn
430822.0,湖南省张家界市桑植县,http://www.sangzhi.gov.cn
430900.0,湖南省益阳市,https://jyzx.yiyang.gov.cn
430902.0,湖南省益阳市资阳区,http://www.hnziyang.gov.cn
430903.0,湖南省益阳市赫山区,http://www.hnhs.gov.cn
430921.0,湖南省益阳市南县,http://www.nanxian.gov.cn
430922.0,湖南省益阳市桃江县,http://www.taojiang.gov.cn
430923.0,湖南省益阳市安化县,http://www.anhua.gov.cn
430981.0,湖南省益阳市沅江市,http://www.yuanjiang.gov.cn
431000.0,湖南省郴州市,https://www.czs.gov.cn
431002.0,湖南省郴州市北湖区,
431003.0,湖南省郴州市苏仙区,
431021.0,湖南省郴州市桂阳县,http://www.hngy.gov.cn
431022.0,湖南省郴州市宜章县,
431023.0,湖南省郴州市永兴县,http://yongxing.gov.cn
431024.0,湖南省郴州市嘉禾县,
431025.0,湖南省郴州市临武县,
431026.0,湖南省郴州市汝城县,
431027.0,湖南省郴州市桂东县,http://www.gdrenda.gov.cn
431028.0,湖南省郴州市安仁县,
431081.0,湖南省郴州市资兴市,https://www.zixing.gov.cn
431100.0,湖南省永州市,http://www.yzcity.gov.cn
431102.0,湖南省永州市零陵区,http://www.cnll.gov.cn
431103.0,湖南省永州市冷水滩区,http://www.lst.gov.cn
431122.0,湖南省永州市东安县,http://www.da.gov.cn
431123.0,湖南省永州市双牌县,http://www.sp.gov.cn
431124.0,湖南省永州市道县,https://dx.gov.cn
431125.0,湖南省永州市江永县,https://www.jiangyong.gov.cn
431126.0,湖南省永州市宁远县,https://www.nyx.gov.cn
431127.0,湖南省永州市蓝山县,https://www.lanshan.gov.cn
431128.0,湖南省永州市新田县,https://www.xt.gov.cn
431129.0,湖南省永州市江华瑶族自治县,https://yzcity.gov.cn
431181.0,湖南省永州市祁阳市,https://www.qy.gov.cn
431200.0,湖南省怀化市,https://www.huaihua.gov.cn
431202.0,湖南省怀化市鹤城区,https://www.hechengqu.gov.cn
431221.0,湖南省怀化市中方县,http://www.zhongfang.gov.cn
431222.0,湖南省怀化市沅陵县,https://www.yuanling.gov.cn
431223.0,湖南省怀化市辰溪县,https://www.chenxi.gov.cn
431224.0,湖南省怀化市溆浦县,https://www.xp.gov.cn
431225.0,湖南省怀化市会同县,http://www.huitong.gov.cn
431226.0,湖南省怀化市麻阳苗族自治县,https://www.mayang.gov.cn
431227.0,湖南省怀化市新晃侗族自治县,https://www.xinhuang.gov.cn
431228.0,湖南省怀化市芷江侗族自治县,http://www.chnzj.gov.cn
431229.0,湖南省怀化市靖州苗族侗族自治县,http://hhjzxfy.hunancourt.gov.cn
431230.0,湖南省怀化市通道侗族自治县,https://www.tongdao.gov.cn
431281.0,湖南省怀化市洪江市,https://www.hjs.gov.cn
431300.0,湖南省娄底市,https://www.hnloudi.gov.cn
431302.0,湖南省娄底市娄星区,https://www.louxing.gov.cn
431321.0,湖南省娄底市双峰县,https://www.hnsf.gov.cn
431322.0,湖南省娄底市新化县,https://www.xinhua.gov.cn
431381.0,湖南省娄底市冷水江市,https://www.lsj.gov.cn
431382.0,湖南省娄底市涟源市,https://www.lianyuan.gov.cn
433100.0,湖南省湘西土家族苗族自治州,https://www.xxz.gov.cn
433101.0,湖南省湘西土家族苗族自治州吉首市,https://www.jishou.gov.cn
433122.0,湖南省湘西土家族苗族自治州泸溪县,http://www.lxx.gov.cn
433123.0,湖南省湘西土家族苗族自治州凤凰县,http://www.fhzf.gov.cn
433124.0,湖南省湘西土家族苗族自治州花垣县,https://xxz.gov.cn
433125.0,湖南省湘西土家族苗族自治州保靖县,http://www.bjzf.gov.cn
433126.0,湖南省湘西土家族苗族自治州古丈县,http://www.guzhang.gov.cn
433127.0,湖南省湘西土家族苗族自治州永顺县,
433130.0,湖南省湘西土家族苗族自治州龙山县,https://www.xxls.gov.cn
440000.0,广东省,https://www.gd.gov.cn
440100.0,广东省广州市,https://www.gz.gov.cn
440103.0,广东省广州市荔湾区,https://www.lw.gov.cn
440104.0,广东省广州市越秀区,https://www.yuexiu.gov.cn
440105.0,广东省广州市海珠区,https://www.haizhu.gov.cn
440106.0,广东省广州市天河区,http://www.thnet.gov.cn
440111.0,广东省广州市白云区,https://www.by.gov.cn
440112.0,广东省广州市黄埔区,https://www.hp.gov.cn
440113.0,广东省广州市番禺区,https://www.panyu.gov.cn
440114.0,广东省广州市花都区,https://www.huadu.gov.cn
440115.0,广东省广州市南沙区,https://www.gzns.gov.cn
440117.0,广东省广州市从化区,https://www.conghua.gov.cn
440118.0,广东省广州市增城区,https://www.zc.gov.cn
440200.0,广东省韶关市,https://www.sg.gov.cn
440203.0,广东省韶关市武江区,http://www.sgwjq.gov.cn
440204.0,广东省韶关市浈江区,http://www.sgzj.gov.cn
440205.0,广东省韶关市曲江区,https://www.qujiang.gov.cn
440222.0,广东省韶关市始兴县,http://www.gdsx.gov.cn
440224.0,广东省韶关市仁化县,http://www.sgrh.gov.cn
440229.0,广东省韶关市翁源县,https://www.wengyuan.gov.cn
440232.0,广东省韶关市乳源瑶族自治县,https://www.ruyuan.gov.cn
440233.0,广东省韶关市新丰县,https://www.xinfeng.gov.cn
440281.0,广东省韶关市乐昌市,http://www.lechang.gov.cn
440282.0,广东省韶关市南雄市,https://www.gdnx.gov.cn
440300.0,广东省深圳市,https://www.sz.gov.cn
440303.0,广东省深圳市罗湖区,https://www.szlh.gov.cn
440304.0,广东省深圳市福田区,https://www.szft.gov.cn
440305.0,广东省深圳市南山区,https://www.szns.gov.cn
440306.0,广东省深圳市宝安区,https://www.baoan.gov.cn
440307.0,广东省深圳市龙岗区,https://www.lg.gov.cn
440308.0,广东省深圳市盐田区,https://www.yantian.gov.cn
440309.0,广东省深圳市龙华区,https://www.szlhq.gov.cn
440310.0,广东省深圳市坪山区,https://www.szpsq.gov.cn
440311.0,广东省深圳市光明区,https://www.szgm.gov.cn
440400.0,广东省珠海市,https://www.zhuhai.gov.cn
440402.0,广东省珠海市香洲区,https://www.zhxz.gov.cn
440403.0,广东省珠海市斗门区,https://www.doumen.gov.cn
440404.0,广东省珠海市金湾区,https://www.jinwan.gov.cn
440500.0,广东省汕头市,https://www.shantou.gov.cn
440507.0,广东省汕头市龙湖区,http://www.gdlonghu.gov.cn
440511.0,广东省汕头市金平区,http://gdjinping.gov.cn
440512.0,广东省汕头市濠江区,https://www.haojiang.gov.cn
440513.0,广东省汕头市潮阳区,http://www.gdcy.gov.cn
440514.0,广东省汕头市潮南区,
440515.0,广东省汕头市澄海区,http://www.chenghai.gov.cn
440523.0,广东省汕头市南澳县,http://www.nanao.gov.cn
440600.0,广东省佛山市,https://www.foshan.gov.cn
440604.0,广东省佛山市禅城区,https://www.chancheng.gov.cn
440605.0,广东省佛山市南海区,https://www.nanhai.gov.cn
440606.0,广东省佛山市顺德区,https://www.shunde.gov.cn
440607.0,广东省佛山市三水区,https://www.ss.gov.cn
440608.0,广东省佛山市高明区,http://www.gaoming.gov.cn
440700.0,广东省江门市,https://www.jiangmen.gov.cn
440703.0,广东省江门市蓬江区,https://www.pjq.gov.cn
440704.0,广东省江门市江海区,http://www.jianghai.gov.cn
440705.0,广东省江门市新会区,https://www.xinhui.gov.cn
440781.0,广东省江门市台山市,http://www.cnts.gov.cn
440783.0,广东省江门市开平市,
440784.0,广东省江门市鹤山市,http://www.heshan.gov.cn
440785.0,广东省江门市恩平市,https://www.enping.gov.cn
440800.0,广东省湛江市,https://www.zhanjiang.gov.cn
440802.0,广东省湛江市赤坎区,https://www.chikan.gov.cn
440803.0,广东省湛江市霞山区,http://www.zjxs.gov.cn
440804.0,广东省湛江市坡头区,http://www.ptq.gov.cn
440811.0,广东省湛江市麻章区,http://www.zjmazhang.gov.cn
440823.0,广东省湛江市遂溪县,http://www.suixi.gov.cn
440825.0,广东省湛江市徐闻县,http://www.xuwen.gov.cn
440881.0,广东省湛江市廉江市,http://www.lianjiang.gov.cn
440882.0,广东省湛江市雷州市,http://www.leizhou.gov.cn
440883.0,广东省湛江市吴川市,https://www.gdwc.gov.cn
440900.0,广东省茂名市,http://www.maoming.gov.cn
440902.0,广东省茂名市茂南区,http://www.maonan.gov.cn
440904.0,广东省茂名市电白区,http://www.dianbai.gov.cn
440981.0,广东省茂名市高州市,http://www.gaozhou.gov.cn
440982.0,广东省茂名市化州市,http://www.huazhou.gov.cn
440983.0,广东省茂名市信宜市,http://www.xinyi.gov.cn
441200.0,广东省肇庆市,https://www.zhaoqing.gov.cn
441202.0,广东省肇庆市端州区,https://www.zqdz.gov.cn
441203.0,广东省肇庆市鼎湖区,https://ysqgk.gd.gov.cn
441204.0,广东省肇庆市高要区,https://www.gaoyao.gov.cn
441223.0,广东省肇庆市广宁县,https://www.gdgn.gov.cn
441224.0,广东省肇庆市怀集县,https://www.huaiji.gov.cn
441225.0,广东省肇庆市封开县,https://www.fengkai.gov.cn
441226.0,广东省肇庆市德庆县,http://www.gddq.gov.cn
441284.0,广东省肇庆市四会市,https://www.sihui.gov.cn
441300.0,广东省惠州市,https://www.huizhou.gov.cn
441302.0,广东省惠州市惠城区,https://www.hcq.gov.cn
441303.0,广东省惠州市惠阳区,http://www.huiyang.gov.cn
441322.0,广东省惠州市博罗县,https://www.boluo.gov.cn
441323.0,广东省惠州市惠东县,https://www.huidong.gov.cn
441324.0,广东省惠州市龙门县,https://www.longmen.gov.cn
441400.0,广东省梅州市,http://www.meizhou.gov.cn
441402.0,广东省梅州市梅江区,http://www.meijiang.gov.cn
441403.0,广东省梅州市梅县区,https://www.gdmx.gov.cn
441422.0,广东省梅州市大埔县,
441423.0,广东省梅州市丰顺县,https://www.fengshun.gov.cn
441424.0,广东省梅州市五华县,https://www.wuhua.gov.cn
441426.0,广东省梅州市平远县,http://www.pingyuan.gov.cn
441427.0,广东省梅州市蕉岭县,https://www.jiaoling.gov.cn
441481.0,广东省梅州市兴宁市,https://www.xingning.gov.cn
441500.0,广东省汕尾市,http://www.swchengqu.gov.cn
441502.0,广东省汕尾市城区,
441521.0,广东省汕尾市海丰县,http://www.gdhf.gov.cn
441523.0,广东省汕尾市陆河县,http://www.luhe.gov.cn
441581.0,广东省汕尾市陆丰市,https://www.lufengshi.gov.cn
441600.0,广东省河源市,http://www.heyuan.gov.cn
441602.0,广东省河源市源城区,http://www.gdyc.gov.cn
441621.0,广东省河源市紫金县,http://www.zijin.gov.cn
441622.0,广东省河源市龙川县,http://www.longchuan.gov.cn
441623.0,广东省河源市连平县,http://www.lianping.gov.cn
441624.0,广东省河源市和平县,http://www.heping.gov.cn
441625.0,广东省河源市东源县,http://www.gddongyuan.gov.cn
441700.0,广东省阳江市,http://www.yangjiang.gov.cn
441702.0,广东省阳江市江城区,http://www.jiangcheng.gov.cn
441704.0,广东省阳江市阳东区,http://www.yangdong.gov.cn
441721.0,广东省阳江市阳西县,http://www.yangxi.gov.cn
441781.0,广东省阳江市阳春市,https://www.yangchun.gov.cn
441800.0,广东省清远市,https://www.gdqy.gov.cn
441802.0,广东省清远市清城区,http://www.qingcheng.gov.cn
441803.0,广东省清远市清新区,https://www.qingxin.gov.cn
441821.0,广东省清远市佛冈县,http://www.fogang.gov.cn
441823.0,广东省清远市阳山县,http://www.yangshan.gov.cn
441825.0,广东省清远市连山壮族瑶族自治县,http://www.gdls.gov.cn
441826.0,广东省清远市连南瑶族自治县,http://www.liannan.gov.cn
441881.0,广东省清远市英德市,http://www.yingde.gov.cn
441882.0,广东省清远市连州市,http://www.lianzhou.gov.cn
441900.0,广东省东莞市,https://www.dg.gov.cn
442000.0,广东省中山市,https://www.zs.gov.cn
445100.0,广东省潮州市,https://www.chaozhou.gov.cn
445102.0,广东省潮州市湘桥区,https://www.xiangqiao.gov.cn
445103.0,广东省潮州市潮安区,https://www.chaoan.gov.cn
445122.0,广东省潮州市饶平县,https://www.raoping.gov.cn
445200.0,广东省揭阳市,http://www.huilai.gov.cn
445202.0,广东省揭阳市榕城区,http://www.jyrongcheng.gov.cn
445203.0,广东省揭阳市揭东区,http://www.jiedong.gov.cn
445222.0,广东省揭阳市揭西县,http://www.jieyang.gov.cn
445224.0,广东省揭阳市惠来县,
445281.0,广东省揭阳市普宁市,http://www.puning.gov.cn
445300.0,广东省云浮市,https://www.yunfu.gov.cn
445302.0,广东省云浮市云城区,http://www.yfyunchengqu.gov.cn
445303.0,广东省云浮市云安区,https://www.yunan.gov.cn
445321.0,广东省云浮市新兴县,https://www.xinxing.gov.cn
445322.0,广东省云浮市郁南县,https://www.gdyunan.gov.cn
445381.0,广东省云浮市罗定市,https://www.luoding.gov.cn
450000.0,广西壮族自治区,http://www.gxzf.gov.cn
450100.0,广西壮族自治区南宁市,https://www.nanning.gov.cn
450102.0,广西壮族自治区南宁市兴宁区,http://www.nnxn.gov.cn
450103.0,广西壮族自治区南宁市青秀区,http://www.qingxiu.gov.cn
450105.0,广西壮族自治区南宁市江南区,http://www.nnjn.gov.cn
450107.0,广西壮族自治区南宁市西乡塘区,http://www.xxtq.gov.cn
450108.0,广西壮族自治区南宁市良庆区,http://www.liangqing.gov.cn
450109.0,广西壮族自治区南宁市邕宁区,http://www.yongning.gov.cn
450110.0,广西壮族自治区南宁市武鸣区,http://www.wuming.gov.cn
450123.0,广西壮族自治区南宁市隆安县,http://www.lax.gov.cn
450124.0,广西壮族自治区南宁市马山县,http://nnms.gov.cn
450125.0,广西壮族自治区南宁市上林县,http://www.shanglin.gov.cn
450126.0,广西壮族自治区南宁市宾阳县,http://binyang.gov.cn
450181.0,广西壮族自治区南宁市横州市,https://www.gxhx.gov.cn
450200.0,广西壮族自治区柳州市,http://www.liuzhou.gov.cn
450202.0,广西壮族自治区柳州市城中区,http://www.czq.gov.cn
450203.0,广西壮族自治区柳州市鱼峰区,http://www.yfq.gov.cn
450204.0,广西壮族自治区柳州市柳南区,http://www.liunan.gov.cn
450205.0,广西壮族自治区柳州市柳北区,http://www.lbq.gov.cn
450206.0,广西壮族自治区柳州市柳江区,http://www.liujiang.gov.cn
450222.0,广西壮族自治区柳州市柳城县,http://www.liucheng.gov.cn
450223.0,广西壮族自治区柳州市鹿寨县,
450224.0,广西壮族自治区柳州市融安县,http://www.rongan.gov.cn
450225.0,广西壮族自治区柳州市融水苗族自治县,http://www.rongshui.gov.cn
450226.0,广西壮族自治区柳州市三江侗族自治县,
450300.0,广西壮族自治区桂林市,https://www.guilin.gov.cn
450302.0,广西壮族自治区桂林市秀峰区,
450303.0,广西壮族自治区桂林市叠彩区,
450304.0,广西壮族自治区桂林市象山区,https://www.xiangshan.gov.cn
450305.0,广西壮族自治区桂林市七星区,https://glqxfy.gxcourt.gov.cn
450311.0,广西壮族自治区桂林市雁山区,
450312.0,广西壮族自治区桂林市临桂区,
450321.0,广西壮族自治区桂林市阳朔县,
450323.0,广西壮族自治区桂林市灵川县,
450324.0,广西壮族自治区桂林市全州县,
450325.0,广西壮族自治区桂林市兴安县,
450326.0,广西壮族自治区桂林市永福县,
450327.0,广西壮族自治区桂林市灌阳县,
450328.0,广西壮族自治区桂林市龙胜各族自治县,
450329.0,广西壮族自治区桂林市资源县,
450330.0,广西壮族自治区桂林市平乐县,
450332.0,广西壮族自治区桂林市恭城瑶族自治县,
450381.0,广西壮族自治区桂林市荔浦市,
450400.0,广西壮族自治区梧州市,http://www.wuzhou.gov.cn
450403.0,广西壮族自治区梧州市万秀区,http://www.wzwxq.gov.cn
450405.0,广西壮族自治区梧州市长洲区,http://www.wzczq.gov.cn
450406.0,广西壮族自治区梧州市龙圩区,http://www.wzlxq.gov.cn
450421.0,广西壮族自治区梧州市苍梧县,http://www.cangwu.gov.cn
450422.0,广西壮族自治区梧州市藤县,http://www.tengxian.gov.cn
450423.0,广西壮族自治区梧州市蒙山县,http://www.gxms.gov.cn
450481.0,广西壮族自治区梧州市岑溪市,http://www.cenxi.gov.cn
450500.0,广西壮族自治区北海市,http://www.beihai.gov.cn
450502.0,广西壮族自治区北海市海城区,
450503.0,广西壮族自治区北海市银海区,
450512.0,广西壮族自治区北海市铁山港区,http://www.bhtsg.gov.cn
450521.0,广西壮族自治区北海市合浦县,http://www.hepu.gov.cn
450600.0,广西壮族自治区防城港市,http://www.fcgs.gov.cn
450602.0,广西壮族自治区防城港市港口区,http://www.gkq.gov.cn
450603.0,广西壮族自治区防城港市防城区,
450621.0,广西壮族自治区防城港市上思县,http://www.shangsi.gov.cn
450681.0,广西壮族自治区防城港市东兴市,http://www.dxzf.gov.cn
450700.0,广西壮族自治区钦州市,http://www.qinzhou.gov.cn
450702.0,广西壮族自治区钦州市钦南区,http://www.gxqn.gov.cn
450703.0,广西壮族自治区钦州市钦北区,http://www.qinbei.gov.cn
450721.0,广西壮族自治区钦州市灵山县,http://www.gxls.gov.cn
450722.0,广西壮族自治区钦州市浦北县,http://www.gxpb.gov.cn
450800.0,广西壮族自治区贵港市,http://www.gxgg.gov.cn
450802.0,广西壮族自治区贵港市港北区,http://www.gbq.gov.cn
450803.0,广西壮族自治区贵港市港南区,http://www.gggn.gov.cn
450804.0,广西壮族自治区贵港市覃塘区,http://www.ggqt.gov.cn
450821.0,广西壮族自治区贵港市平南县,http://www.pnxzf.gov.cn
450881.0,广西壮族自治区贵港市桂平市,
450900.0,广西壮族自治区玉林市,http://www.yulin.gov.cn
450902.0,广西壮族自治区玉林市玉州区,
450903.0,广西壮族自治区玉林市福绵区,http://www.ylfm.gov.cn
450921.0,广西壮族自治区玉林市容县,http://www.rxzf.gov.cn
450922.0,广西壮族自治区玉林市陆川县,http://www.luchuan.gov.cn
450923.0,广西壮族自治区玉林市博白县,http://www.bobai.gov.cn
450924.0,广西壮族自治区玉林市兴业县,http://www.xingye.gov.cn
450981.0,广西壮族自治区玉林市北流市,http://www.beiliu.gov.cn
451000.0,广西壮族自治区百色市,http://www.baise.gov.cn
451002.0,广西壮族自治区百色市右江区,http://www.bsyj.gov.cn
451003.0,广西壮族自治区百色市田阳区,http://www.gxty.gov.cn
451022.0,广西壮族自治区百色市田东县,http://www.gxtd.gov.cn
451024.0,广西壮族自治区百色市德保县,http://www.debao.gov.cn
451026.0,广西壮族自治区百色市那坡县,http://www.napo.gov.cn
451027.0,广西壮族自治区百色市凌云县,http://www.lingyun.gov.cn
451028.0,广西壮族自治区百色市乐业县,http://www.leye.gov.cn
451029.0,广西壮族自治区百色市田林县,http://www.tianlin.gov.cn
451030.0,广西壮族自治区百色市西林县,http://www.gxxl.gov.cn
451031.0,广西壮族自治区百色市隆林各族自治县,http://www.gxll.gov.cn
451081.0,广西壮族自治区百色市靖西市,http://www.jingxi.gov.cn
451082.0,广西壮族自治区百色市平果市,http://www.pingguo.gov.cn
451100.0,广西壮族自治区贺州市,http://www.gxhz.gov.cn
451102.0,广西壮族自治区贺州市八步区,http://www.gxbabu.gov.cn
451103.0,广西壮族自治区贺州市平桂区,http://pinggui.gov.cn
451121.0,广西壮族自治区贺州市昭平县,http://www.gxzp.gov.cn
451122.0,广西壮族自治区贺州市钟山县,http://www.gxzs.gov.cn
451123.0,广西壮族自治区贺州市富川瑶族自治县,http://www.gxfc.gov.cn
451200.0,广西壮族自治区河池市,http://www.hechi.gov.cn
451202.0,广西壮族自治区河池市金城江区,http://www.jcj.gov.cn
451203.0,广西壮族自治区河池市宜州区,http://www.hcyzq.gov.cn
451221.0,广西壮族自治区河池市南丹县,http://www.gxnd.gov.cn
451222.0,广西壮族自治区河池市天峨县,http://www.tiane.gov.cn
451223.0,广西壮族自治区河池市凤山县,http://www.gxfsx.gov.cn
451224.0,广西壮族自治区河池市东兰县,http://www.donglan.gov.cn
451225.0,广西壮族自治区河池市罗城仫佬族自治县,http://www.luocheng.gov.cn
451226.0,广西壮族自治区河池市环江毛南族自治县,
451227.0,广西壮族自治区河池市巴马瑶族自治县,http://www.bama.gov.cn
451228.0,广西壮族自治区河池市都安瑶族自治县,http://www.duan.gov.cn
451229.0,广西壮族自治区河池市大化瑶族自治县,http://www.gxdh.gov.cn
451300.0,广西壮族自治区来宾市,http://www.laibin.gov.cn
451302.0,广西壮族自治区来宾市兴宾区,
451321.0,广西壮族自治区来宾市忻城县,http://www.gxxc.gov.cn
451322.0,广西壮族自治区来宾市象州县,http://www.xiangzhou.gov.cn
451323.0,广西壮族自治区来宾市武宣县,http://www.wuxuan.gov.cn
451324.0,广西壮族自治区来宾市金秀瑶族自治县,http://www.jinxiu.gov.cn
451381.0,广西壮族自治区来宾市合山市,http://www.heshanshi.gov.cn
451400.0,广西壮族自治区崇左市,
451402.0,广西壮族自治区崇左市江州区,http://www.czsjzq.gov.cn
451421.0,广西壮族自治区崇左市扶绥县,http://www.fusui.gov.cn
451422.0,广西壮族自治区崇左市宁明县,http://www.ningming.gov.cn
451423.0,广西壮族自治区崇左市龙州县,http://www.longzhou.gov.cn
451424.0,广西壮族自治区崇左市大新县,http://www.daxin.gov.cn
451425.0,广西壮族自治区崇左市天等县,http://www.tiandeng.gov.cn
451481.0,广西壮族自治区崇左市凭祥市,http://www.chongzuo.gov.cn
460000.0,海南省,https://www.hainan.gov.cn
460100.0,海南省海口市,https://www.haikou.gov.cn
460105.0,海南省海口市秀英区,https://xyqzf.haikou.gov.cn
460106.0,海南省海口市龙华区,http://lhqzf.haikou.gov.cn
460107.0,海南省海口市琼山区,https://qsqzf.haikou.gov.cn
460108.0,海南省海口市美兰区,http://mlqzf.haikou.gov.cn
460200.0,海南省三亚市,https://www.sanya.gov.cn
460202.0,海南省三亚市海棠区,https://ht.sanya.gov.cn
460203.0,海南省三亚市吉阳区,https://jy.sanya.gov.cn
460204.0,海南省三亚市天涯区,https://ty.sanya.gov.cn
460205.0,海南省三亚市崖州区,https://yz.sanya.gov.cn
460300.0,海南省三沙市,
460302.0,海南省三沙市西沙区,https://www.sansha.gov.cn
460303.0,海南省三沙市南沙区,
460400.0,海南省儋州市,https://www.danzhou.gov.cn
469001.0,海南省儋州市五指山市*,https://wzs.hainan.gov.cn
469002.0,海南省儋州市琼海市*,https://qionghai.hainan.gov.cn
469005.0,海南省儋州市文昌市*,https://wenchang.hainan.gov.cn
469006.0,海南省儋州市万宁市*,https://wanning.hainan.gov.cn
469007.0,海南省儋州市东方市*,https://dongfang.hainan.gov.cn
469021.0,海南省儋州市定安县*,https://dingan.hainan.gov.cn
469022.0,海南省儋州市屯昌县*,https://tunchang.hainan.gov.cn
469023.0,海南省儋州市澄迈县*,http://chengmai.hainan.gov.cn
469024.0,海南省儋州市临高县*,https://lingao.hainan.gov.cn
469025.0,海南省儋州市白沙黎族自治县*,https://baisha.hainan.gov.cn
469026.0,海南省儋州市昌江黎族自治县*,http://changjiang.hainan.gov.cn
469027.0,海南省儋州市乐东黎族自治县*,https://ledong.hainan.gov.cn
469028.0,海南省儋州市陵水黎族自治县*,https://lingshui.hainan.gov.cn
469029.0,海南省儋州市保亭黎族苗族自治县*,https://baoting.hainan.gov.cn
469030.0,海南省儋州市琼中黎族苗族自治县*,https://qiongzhong.hainan.gov.cn
500000.0,重庆市,https://www.cq.gov.cn
500101.0,重庆市万州区,https://www.wz.gov.cn
500102.0,重庆市涪陵区,http://www.fl.gov.cn
500103.0,重庆市渝中区,https://yzdz.cqyz.gov.cn
500104.0,重庆市大渡口区,https://www.ddk.gov.cn
500105.0,重庆市江北区,https://www.cqjb.gov.cn
500106.0,重庆市沙坪坝区,https://www.cqspb.gov.cn
500107.0,重庆市九龙坡区,https://cqjlp.gov.cn
500108.0,重庆市南岸区,
500109.0,重庆市北碚区,https://www.beibei.gov.cn
500110.0,重庆市綦江区,https://www.cqqj.gov.cn
500111.0,重庆市大足区,https://www.dazu.gov.cn
500112.0,重庆市渝北区,http://www.ybq.gov.cn
500113.0,重庆市巴南区,http://www.cqbn.gov.cn
500114.0,重庆市黔江区,https://www.qianjiang.gov.cn
500115.0,重庆市长寿区,https://www.cqcs.gov.cn
500116.0,重庆市江津区,https://www.jiangjin.gov.cn
500117.0,重庆市合川区,https://www.hc.gov.cn
500118.0,重庆市永川区,https://www.cqyc.gov.cn
500119.0,重庆市南川区,http://www.cqnc.gov.cn
500120.0,重庆市璧山区,https://www.bishan.gov.cn
500151.0,重庆市铜梁区,https://www.cqstl.gov.cn
500152.0,重庆市潼南区,https://www.cqtn.gov.cn
500153.0,重庆市荣昌区,http://www.rongchang.gov.cn
500154.0,重庆市开州区,https://www.cqkz.gov.cn
500155.0,重庆市梁平区,http://www.cqlp.gov.cn
500156.0,重庆市武隆区,https://cqwl.gov.cn
500229.0,重庆市城口县,http://www.cqck.gov.cn
500230.0,重庆市丰都县,https://www.cqfd.gov.cn
500231.0,重庆市垫江县,http://www.cqsdj.gov.cn
500233.0,重庆市忠县,http://www.zhongxian.gov.cn
500235.0,重庆市云阳县,https://www.yunyang.gov.cn
500236.0,重庆市奉节县,https://www.cqfj.gov.cn
500237.0,重庆市巫山县,http://www.cqws.gov.cn
500238.0,重庆市巫溪县,http://www.cqwx.gov.cn
500240.0,重庆市石柱土家族自治县,http://cqszx.gov.cn
500241.0,重庆市秀山土家族苗族自治县,http://www.cqxs.gov.cn
500242.0,重庆市酉阳土家族苗族自治县,https://www.youyang.gov.cn
500243.0,重庆市彭水苗族土家族自治县,http://www.psx.gov.cn
510000.0,四川省,https://www.sc.gov.cn
510100.0,四川省成都市,https://www.chengdu.gov.cn
510104.0,四川省成都市锦江区,https://www.cdjinjiang.gov.cn
510105.0,四川省成都市青羊区,https://www.cdqingyang.gov.cn
510106.0,四川省成都市金牛区,https://www.jinniu.gov.cn
510107.0,四川省成都市武侯区,https://www.cdwh.gov.cn
510108.0,四川省成都市成华区,https://www.chenghua.gov.cn
510112.0,四川省成都市龙泉驿区,https://www.longquanyi.gov.cn
510113.0,四川省成都市青白江区,http://qbj.gov.cn
510114.0,四川省成都市新都区,https://www.xindu.gov.cn
510115.0,四川省成都市温江区,https://www.wenjiang.gov.cn
510116.0,四川省成都市双流区,https://www.shuangliu.gov.cn
510117.0,四川省成都市郫都区,https://www.pidu.gov.cn
510118.0,四川省成都市新津区,https://www.xinjin.gov.cn
510121.0,四川省成都市金堂县,https://www.jintang.gov.cn
510129.0,四川省成都市大邑县,https://www.day.gov.cn
510131.0,四川省成都市蒲江县,https://www.pujiang.gov.cn
510181.0,四川省成都市都江堰市,https://www.djy.gov.cn
510182.0,四川省成都市彭州市,https://www.pengzhou.gov.cn
510183.0,四川省成都市邛崃市,https://www.qionglai.gov.cn
510184.0,四川省成都市崇州市,https://www.chongzhou.gov.cn
510185.0,四川省成都市简阳市,https://www.scjy.gov.cn
510300.0,四川省自贡市,https://www.zg.gov.cn
510302.0,四川省自贡市自流井区,http://www.zlj.gov.cn
510303.0,四川省自贡市贡井区,http://www.gj.gov.cn
510304.0,四川省自贡市大安区,http://www.zgda.gov.cn
510311.0,四川省自贡市沿滩区,http://www.zgyt.gov.cn
510321.0,四川省自贡市荣县,http://www.rongzhou.gov.cn
510322.0,四川省自贡市富顺县,http://www.fsxzf.gov.cn
510400.0,四川省攀枝花市,http://www.panzhihua.gov.cn
510402.0,四川省攀枝花市东区,http://www.scdongqu.gov.cn
510403.0,四川省攀枝花市西区,http://www.pzhsxq.gov.cn
510411.0,四川省攀枝花市仁和区,http://www.screnhe.gov.cn
510421.0,四川省攀枝花市米易县,http://www.scmiyi.gov.cn
510422.0,四川省攀枝花市盐边县,http://www.scyanbian.gov.cn
510500.0,四川省泸州市,https://www.luzhou.gov.cn
510502.0,四川省泸州市江阳区,https://www.jiangyang.gov.cn
510503.0,四川省泸州市纳溪区,https://www.naxi.gov.cn
510504.0,四川省泸州市龙马潭区,https://www.longmatan.gov.cn
510521.0,四川省泸州市泸县,https://www.luxian.gov.cn
510522.0,四川省泸州市合江县,https://www.hejiang.gov.cn
510524.0,四川省泸州市叙永县,https://www.xuyong.gov.cn
510525.0,四川省泸州市古蔺县,https://www.gulin.gov.cn
510600.0,四川省德阳市,https://www.deyang.gov.cn
510603.0,四川省德阳市旌阳区,https://www.tfjy.gov.cn
510604.0,四川省德阳市罗江区,https://www.luojiang.gov.cn
510623.0,四川省德阳市中江县,https://www.zhongjiang.gov.cn
510681.0,四川省德阳市广汉市,https://www.guanghan.gov.cn
510682.0,四川省德阳市什邡市,https://www.shifang.gov.cn
510683.0,四川省德阳市绵竹市,https://www.mz.gov.cn
510700.0,四川省绵阳市,https://www.my.gov.cn
510703.0,四川省绵阳市涪城区,http://www.myfc.gov.cn
510704.0,四川省绵阳市游仙区,http://www.youxian.gov.cn
510705.0,四川省绵阳市安州区,http://www.anzhou.gov.cn
510722.0,四川省绵阳市三台县,http://www.santai.gov.cn
510723.0,四川省绵阳市盐亭县,http://www.yanting.gov.cn
510725.0,四川省绵阳市梓潼县,http://www.zitong.gov.cn
510726.0,四川省绵阳市北川羌族自治县,
510727.0,四川省绵阳市平武县,http://www.pingwu.gov.cn
510781.0,四川省绵阳市江油市,http://www.jiangyou.gov.cn
510800.0,四川省广元市,https://www.cngy.gov.cn
510802.0,四川省广元市利州区,https://www.lzq.gov.cn
510811.0,四川省广元市昭化区,https://www.cnzh.gov.cn
510812.0,四川省广元市朝天区,https://www.gyct.gov.cn
510821.0,四川省广元市旺苍县,https://www.scgw.gov.cn
510822.0,四川省广元市青川县,https://www.cnqc.gov.cn
510823.0,四川省广元市剑阁县,http://www.cnjg.gov.cn
510824.0,四川省广元市苍溪县,https://www.cncx.gov.cn
510900.0,四川省遂宁市,https://www.suining.gov.cn
510903.0,四川省遂宁市船山区,https://www.chuanshan.gov.cn
510904.0,四川省遂宁市安居区,https://www.scanju.gov.cn
510921.0,四川省遂宁市蓬溪县,https://www.pengxi.gov.cn
510923.0,四川省遂宁市大英县,https://www.daying.gov.cn
510981.0,四川省遂宁市射洪市,https://www.shehong.gov.cn
511000.0,四川省内江市,https://www.neijiang.gov.cn
511002.0,四川省内江市市中区,https://www.neijiangshizhongqu.gov.cn
511011.0,四川省内江市东兴区,https://www.scnjdx.gov.cn
511024.0,四川省内江市威远县,https://www.weiyuan.gov.cn
511025.0,四川省内江市资中县,https://www.zizhong.gov.cn
511083.0,四川省内江市隆昌市,https://www.longchang.gov.cn
511100.0,四川省乐山市,https://www.leshan.gov.cn
511102.0,四川省乐山市市中区,
511111.0,四川省乐山市沙湾区,http://www.shawan.gov.cn
511112.0,四川省乐山市五通桥区,http://www.wtq.gov.cn
511113.0,四川省乐山市金口河区,http://jkh.gov.cn
511123.0,四川省乐山市犍为县,http://www.qianwei.gov.cn
511124.0,四川省乐山市井研县,http://www.jingyan.gov.cn
511126.0,四川省乐山市夹江县,http://www.jiajiang.gov.cn
511129.0,四川省乐山市沐川县,http://www.muchuan.gov.cn
511132.0,四川省乐山市峨边彝族自治县,
511133.0,四川省乐山市马边彝族自治县,http://www.mabian.gov.cn
511181.0,四川省乐山市峨眉山市,https://www.emeishan.gov.cn
511300.0,四川省南充市,https://www.nanchong.gov.cn
511302.0,四川省南充市顺庆区,https://www.shunqing.gov.cn
511303.0,四川省南充市高坪区,https://www.gaoping.gov.cn
511304.0,四川省南充市嘉陵区,https://www.jialing.gov.cn
511321.0,四川省南充市南部县,https://www.scnanbu.gov.cn
511322.0,四川省南充市营山县,https://www.yingshan.gov.cn
511323.0,四川省南充市蓬安县,https://www.pengan.gov.cn
511324.0,四川省南充市仪陇县,https://www.yilong.gov.cn
511325.0,四川省南充市西充县,https://www.xichong.gov.cn
511381.0,四川省南充市阆中市,https://www.langzhong.gov.cn
511400.0,四川省眉山市,https://www.ms.gov.cn
511402.0,四川省眉山市东坡区,https://www.dp.gov.cn
511403.0,四川省眉山市彭山区,https://www.scps.gov.cn
511421.0,四川省眉山市仁寿县,https://www.rs.gov.cn
511423.0,四川省眉山市洪雅县,https://www.schy.gov.cn
511424.0,四川省眉山市丹棱县,https://www.scdl.gov.cn
511425.0,四川省眉山市青神县,https://www.scqs.gov.cn
511500.0,四川省宜宾市,https://www.yibin.gov.cn
511502.0,四川省宜宾市翠屏区,https://www.cuiping.gov.cn
511503.0,四川省宜宾市南溪区,https://www.scnx.gov.cn
511504.0,四川省宜宾市叙州区,https://www.ybxz.gov.cn
511523.0,四川省宜宾市江安县,https://www.ybja.gov.cn
511524.0,四川省宜宾市长宁县,https://www.sccn.gov.cn
511525.0,四川省宜宾市高县,http://www.gaoxian.gov.cn
511526.0,四川省宜宾市珙县,
511527.0,四川省宜宾市筠连县,https://www.scjlx.gov.cn
511528.0,四川省宜宾市兴文县,https://scxw.gov.cn
511529.0,四川省宜宾市屏山县,https://ybps.gov.cn
511600.0,四川省广安市,https://www.guang-an.gov.cn
511602.0,四川省广安市广安区,https://www.guanganqu.gov.cn
511603.0,四川省广安市前锋区,https://www.qf.gov.cn
511621.0,四川省广安市岳池县,https://www.scyc.gov.cn
511622.0,四川省广安市武胜县,https://www.wusheng.gov.cn
511623.0,四川省广安市邻水县,https://www.scls.gov.cn
511681.0,四川省广安市华蓥市,https://www.hys.gov.cn
511700.0,四川省达州市,https://www.dazhou.gov.cn
511702.0,四川省达州市通川区,http://www.tchuan.gov.cn
511703.0,四川省达州市达川区,http://www.dachuan.gov.cn
511722.0,四川省达州市宣汉县,http://www.xuanhan.gov.cn
511723.0,四川省达州市开江县,http://www.kaijiang.gov.cn
511724.0,四川省达州市大竹县,https://www.dazhu.gov.cn
511725.0,四川省达州市渠县,http://www.quxian.gov.cn
511781.0,四川省达州市万源市,http://www.wanyuan.gov.cn
511800.0,四川省雅安市,https://www.yaan.gov.cn
511802.0,四川省雅安市雨城区,http://www.yayc.gov.cn
511803.0,四川省雅安市名山区,http://www.scms.gov.cn
511822.0,四川省雅安市荥经县,http://3g.yingjing.gov.cn
511823.0,四川省雅安市汉源县,
511824.0,四川省雅安市石棉县,http://www.shimian.gov.cn
511825.0,四川省雅安市天全县,http://www.tqx.gov.cn
511826.0,四川省雅安市芦山县,http://www.yals.gov.cn
511827.0,四川省雅安市宝兴县,
511900.0,四川省巴中市,https://www.cnbz.gov.cn
511902.0,四川省巴中市巴州区,http://bzqzf.gov.cn
511903.0,四川省巴中市恩阳区,https://scey.gov.cn
511921.0,四川省巴中市通江县,https://tjxzf.gov.cn
511922.0,四川省巴中市南江县,https://scnj.gov.cn
511923.0,四川省巴中市平昌县,http://scpc.gov.cn
512000.0,四川省资阳市,http://www.ziyang.gov.cn
512002.0,四川省资阳市雁江区,http://www.yanjiang.gov.cn
512021.0,四川省资阳市安岳县,https://www.anyue.gov.cn
512022.0,四川省资阳市乐至县,
513200.0,四川省阿坝藏族羌族自治州,https://www.abazhou.gov.cn
513201.0,四川省阿坝藏族羌族自治州马尔康市,https://www.maerkang.gov.cn
513221.0,四川省阿坝藏族羌族自治州汶川县,
513222.0,四川省阿坝藏族羌族自治州理县,http://www.ablixian.gov.cn
513223.0,四川省阿坝藏族羌族自治州茂县,
513224.0,四川省阿坝藏族羌族自治州松潘县,https://www.songpan.gov.cn
513225.0,四川省阿坝藏族羌族自治州九寨沟县,https://www.jzg.gov.cn
513226.0,四川省阿坝藏族羌族自治州金川县,https://www.abjinchuan.gov.cn
513227.0,四川省阿坝藏族羌族自治州小金县,https://www.xiaojin.gov.cn
513228.0,四川省阿坝藏族羌族自治州黑水县,https://www.heishui.gov.cn
513230.0,四川省阿坝藏族羌族自治州壤塘县,https://www.rangtang.gov.cn
513231.0,四川省阿坝藏族羌族自治州阿坝县,https://www.abaxian.gov.cn
513232.0,四川省阿坝藏族羌族自治州若尔盖县,https://www.ruoergai.gov.cn
513233.0,四川省阿坝藏族羌族自治州红原县,https://www.hongyuan.gov.cn
513300.0,四川省甘孜藏族自治州,http://www.ganzi.gov.cn
513301.0,四川省甘孜藏族自治州康定市,http://www.kangding.gov.cn
513322.0,四川省甘孜藏族自治州泸定县,http://www.luding.gov.cn
513323.0,四川省甘孜藏族自治州丹巴县,https://www.gzz.gov.cn
513324.0,四川省甘孜藏族自治州九龙县,
513325.0,四川省甘孜藏族自治州雅江县,http://www.yajiang.gov.cn
513326.0,四川省甘孜藏族自治州道孚县,http://www.gzdf.gov.cn
513327.0,四川省甘孜藏族自治州炉霍县,http://www.luhuo.gov.cn
513328.0,四川省甘孜藏族自治州甘孜县,
513329.0,四川省甘孜藏族自治州新龙县,http://www.gzxl.gov.cn
513330.0,四川省甘孜藏族自治州德格县,http://www.dege.gov.cn
513331.0,四川省甘孜藏族自治州白玉县,http://www.baiyu.gov.cn
513332.0,四川省甘孜藏族自治州石渠县,http://www.shiqu.gov.cn
513333.0,四川省甘孜藏族自治州色达县,http://www.gzzsdxrmzf.gov.cn
513334.0,四川省甘孜藏族自治州理塘县,http://www.gzlt.gov.cn
513335.0,四川省甘孜藏族自治州巴塘县,http://www.batang.gov.cn
513336.0,四川省甘孜藏族自治州乡城县,http://www.xcx.gov.cn
513337.0,四川省甘孜藏族自治州稻城县,http://www.daocheng.gov.cn
513338.0,四川省甘孜藏族自治州得荣县,http://www.gzdr.gov.cn
513400.0,四川省凉山彝族自治州,https://www.lsz.gov.cn
513401.0,四川省凉山彝族自治州西昌市,http://www.xichang.gov.cn
513402.0,四川省凉山彝族自治州会理市,http://www.huili.gov.cn
513422.0,四川省凉山彝族自治州木里藏族自治县,http://www.muli.gov.cn
513423.0,四川省凉山彝族自治州盐源县,http://www.yanyuan.gov.cn
513424.0,四川省凉山彝族自治州德昌县,http://www.lsdc.gov.cn
513426.0,四川省凉山彝族自治州会东县,http://www.schd.gov.cn
513427.0,四川省凉山彝族自治州宁南县,http://www.ningnan.gov.cn
513428.0,四川省凉山彝族自治州普格县,http://www.pgx.gov.cn
513429.0,四川省凉山彝族自治州布拖县,http://www.bt.gov.cn
513430.0,四川省凉山彝族自治州金阳县,http://www.jinyang.gov.cn
513431.0,四川省凉山彝族自治州昭觉县,http://www.zhaojue.gov.cn
513432.0,四川省凉山彝族自治州喜德县,http://www.scxd.gov.cn
513433.0,四川省凉山彝族自治州冕宁县,http://www.mn.gov.cn
513434.0,四川省凉山彝族自治州越西县,http://www.scyx.gov.cn
513435.0,四川省凉山彝族自治州甘洛县,http://www.ganluo.gov.cn
513436.0,四川省凉山彝族自治州美姑县,http://www.meigu.gov.cn
513437.0,四川省凉山彝族自治州雷波县,http://www.lbx.gov.cn
520000.0,贵州省,https://www.guizhou.gov.cn
520100.0,贵州省贵阳市,https://www.guiyang.gov.cn
520102.0,贵州省贵阳市南明区,https://www.nanming.gov.cn
520103.0,贵州省贵阳市云岩区,https://www.yunyan.gov.cn
520111.0,贵州省贵阳市花溪区,https://www.huaxi.gov.cn
520112.0,贵州省贵阳市乌当区,https://www.gzwd.gov.cn
520113.0,贵州省贵阳市白云区,https://gzbaiyun.gov.cn
520115.0,贵州省贵阳市观山湖区,https://guanshanhu.gov.cn
520121.0,贵州省贵阳市开阳县,https://www.kaiyang.gov.cn
520122.0,贵州省贵阳市息烽县,http://www.xifeng.gov.cn
520123.0,贵州省贵阳市修文县,https://www.xiuwen.gov.cn
520181.0,贵州省贵阳市清镇市,https://www.gzqz.gov.cn
520200.0,贵州省六盘水市,http://www.gzlps.gov.cn
520201.0,贵州省六盘水市钟山区,http://www.gzzs.gov.cn
520203.0,贵州省六盘水市六枝特区,https://www.liuzhi.gov.cn
520204.0,贵州省六盘水市水城区,http://www.shuicheng.gov.cn
520281.0,贵州省六盘水市盘州市,https://www.panzhou.gov.cn
520300.0,贵州省遵义市,
520302.0,贵州省遵义市红花岗区,https://www.zyhhg.gov.cn
520303.0,贵州省遵义市汇川区,https://www.zyhc.gov.cn
520304.0,贵州省遵义市播州区,https://www.zybz.gov.cn
520322.0,贵州省遵义市桐梓县,http://www.gztongzi.gov.cn
520323.0,贵州省遵义市绥阳县,https://www.suiyang.gov.cn
520324.0,贵州省遵义市正安县,https://www.gzza.gov.cn
520325.0,贵州省遵义市道真仡佬族苗族自治县,http://www.gzdaozhen.gov.cn
520326.0,贵州省遵义市务川仡佬族苗族自治县,https://www.gzwuchuan.gov.cn
520327.0,贵州省遵义市凤冈县,https://www.gzfenggang.gov.cn
520328.0,贵州省遵义市湄潭县,http://www.meitan.gov.cn
520329.0,贵州省遵义市余庆县,https://www.zgyq.gov.cn
520330.0,贵州省遵义市习水县,https://www.xsx.gov.cn
520381.0,贵州省遵义市赤水市,https://www.gzchishui.gov.cn
520382.0,贵州省遵义市仁怀市,https://www.rh.gov.cn
520400.0,贵州省安顺市,https://www.anshun.gov.cn
520402.0,贵州省安顺市西秀区,https://www.xixiu.gov.cn
520403.0,贵州省安顺市平坝区,http://www.anshun.gov.cn
520422.0,贵州省安顺市普定县,https://www.aspd.gov.cn
520423.0,贵州省安顺市镇宁布依族苗族自治县,https://www.gzzn.gov.cn
520424.0,贵州省安顺市关岭布依族苗族自治县,http://www.guanling.gov.cn
520425.0,贵州省安顺市紫云苗族布依族自治县,http://gzzy.gov.cn
520500.0,贵州省毕节市,https://www.bijie.gov.cn
520502.0,贵州省毕节市七星关区,https://www.bjqixingguan.gov.cn
520521.0,贵州省毕节市大方县,http://www.gzdafang.gov.cn
520523.0,贵州省毕节市金沙县,https://www.gzjinsha.gov.cn
520524.0,贵州省毕节市织金县,https://www.gzzhijin.gov.cn
520525.0,贵州省毕节市纳雍县,https://www.gznayong.gov.cn
520526.0,贵州省毕节市威宁彝族回族苗族自治县,
520527.0,贵州省毕节市赫章县,https://www.gzhezhang.gov.cn
520581.0,贵州省毕节市黔西市,https://www.gzqianxi.gov.cn
520600.0,贵州省铜仁市,https://www.trs.gov.cn
520602.0,贵州省铜仁市碧江区,https://www.bjq.gov.cn
520603.0,贵州省铜仁市万山区,http://trws.gov.cn
520621.0,贵州省铜仁市江口县,https://www.jiangkou.gov.cn
520622.0,贵州省铜仁市玉屏侗族自治县,https://www.yp.gov.cn
520623.0,贵州省铜仁市石阡县,https://www.shiqian.gov.cn
520624.0,贵州省铜仁市思南县,https://www.sinan.gov.cn
520625.0,贵州省铜仁市印江土家族苗族自治县,https://www.yinjiang.gov.cn
520626.0,贵州省铜仁市德江县,
520627.0,贵州省铜仁市沿河土家族自治县,https://www.yanhe.gov.cn
520628.0,贵州省铜仁市松桃苗族自治县,https://www.songtao.gov.cn
522300.0,贵州省黔西南布依族苗族自治州,https://www.qxn.gov.cn
522301.0,贵州省黔西南布依族苗族自治州兴义市,https://www.gzxy.gov.cn
522302.0,贵州省黔西南布依族苗族自治州兴仁市,
522323.0,贵州省黔西南布依族苗族自治州普安县,https://www.puan.gov.cn
522324.0,贵州省黔西南布依族苗族自治州晴隆县,https://www.gzql.gov.cn
522325.0,贵州省黔西南布依族苗族自治州贞丰县,https://www.gzzf.gov.cn
522326.0,贵州省黔西南布依族苗族自治州望谟县,https://www.gzwm.gov.cn
522327.0,贵州省黔西南布依族苗族自治州册亨县,https://www.gzch.gov.cn
522328.0,贵州省黔西南布依族苗族自治州安龙县,https://www.gzal.gov.cn
522600.0,贵州省黔东南苗族侗族自治州,https://www.qdn.gov.cn
522601.0,贵州省黔东南苗族侗族自治州凯里市,https://www.kaili.gov.cn
522622.0,贵州省黔东南苗族侗族自治州黄平县,https://qdnhp.gov.cn
522623.0,贵州省黔东南苗族侗族自治州施秉县,https://qdnsb.gov.cn
522624.0,贵州省黔东南苗族侗族自治州三穗县,http://www.gzss.gov.cn
522625.0,贵州省黔东南苗族侗族自治州镇远县,http://zygov.gov.cn
522626.0,贵州省黔东南苗族侗族自治州岑巩县,https://www.qdncg.gov.cn
522627.0,贵州省黔东南苗族侗族自治州天柱县,https://www.tianzhu.gov.cn
522628.0,贵州省黔东南苗族侗族自治州锦屏县,https://www.jinping.gov.cn
522629.0,贵州省黔东南苗族侗族自治州剑河县,https://www.jhx.gov.cn
522630.0,贵州省黔东南苗族侗族自治州台江县,https://gztaijiang.gov.cn
522631.0,贵州省黔东南苗族侗族自治州黎平县,https://www.lp.gov.cn
522632.0,贵州省黔东南苗族侗族自治州榕江县,https://www.rongjiang.gov.cn
522633.0,贵州省黔东南苗族侗族自治州从江县,http://www.congjiang.gov.cn
522634.0,贵州省黔东南苗族侗族自治州雷山县,https://leishan.gov.cn
522635.0,贵州省黔东南苗族侗族自治州麻江县,https://www.majiang.gov.cn
522636.0,贵州省黔东南苗族侗族自治州丹寨县,http://qdn.gov.cn
522700.0,贵州省黔南布依族苗族自治州,https://www.qiannan.gov.cn
522701.0,贵州省黔南布依族苗族自治州都匀市,https://www.duyun.gov.cn
522702.0,贵州省黔南布依族苗族自治州福泉市,https://www.gzfuquan.gov.cn
522722.0,贵州省黔南布依族苗族自治州荔波县,https://libo.gov.cn
522723.0,贵州省黔南布依族苗族自治州贵定县,http://www.guiding.gov.cn
522725.0,贵州省黔南布依族苗族自治州瓮安县,https://www.wengan.gov.cn
522726.0,贵州省黔南布依族苗族自治州独山县,http://www.dushan.gov.cn
522727.0,贵州省黔南布依族苗族自治州平塘县,https://www.gzpt.gov.cn
522728.0,贵州省黔南布依族苗族自治州罗甸县,https://www.gzluodian.gov.cn
522729.0,贵州省黔南布依族苗族自治州长顺县,https://gzcsx.gov.cn
522730.0,贵州省黔南布依族苗族自治州龙里县,https://longli.gov.cn
522731.0,贵州省黔南布依族苗族自治州惠水县,https://www.gzhs.gov.cn
522732.0,贵州省黔南布依族苗族自治州三都水族自治县,https://www.sandu.gov.cn
530000.0,云南省,https://www.yn.gov.cn
530100.0,云南省昆明市,https://www.km.gov.cn
530102.0,云南省昆明市五华区,http://www.kmwh.gov.cn
530103.0,云南省昆明市盘龙区,http://www.kmpl.gov.cn
530111.0,云南省昆明市官渡区,http://www.kmgd.gov.cn
530112.0,云南省昆明市西山区,http://www.kmxs.gov.cn
530113.0,云南省昆明市东川区,http://www.kmdc.gov.cn
530114.0,云南省昆明市呈贡区,http://www.kmcg.gov.cn
530115.0,云南省昆明市晋宁区,http://www.kmjn.gov.cn
530124.0,云南省昆明市富民县,http://www.kmfm.gov.cn
530125.0,云南省昆明市宜良县,http://www.kmyl.gov.cn
530126.0,云南省昆明市石林彝族自治县,http://www.kmsl.gov.cn
530127.0,云南省昆明市嵩明县,http://www.kmsm.gov.cn
530128.0,云南省昆明市禄劝彝族苗族自治县,http://www.kmlq.gov.cn
530129.0,云南省昆明市寻甸回族彝族自治县,http://www.kmxd.gov.cn
530181.0,云南省昆明市安宁市,http://www.kman.gov.cn
530300.0,云南省曲靖市,https://www.qj.gov.cn
530302.0,云南省曲靖市麒麟区,http://ql.gov.cn
530303.0,云南省曲靖市沾益区,http://www.zhanyi.gov.cn
530304.0,云南省曲靖市马龙区,https://www.malong.gov.cn
530322.0,云南省曲靖市陆良县,https://www.luliang.gov.cn
530323.0,云南省曲靖市师宗县,https://www.ynsz.gov.cn
530324.0,云南省曲靖市罗平县,https://www.luoping.gov.cn
530325.0,云南省曲靖市富源县,https://www.qjfy.gov.cn
530326.0,云南省曲靖市会泽县,https://www.huize.gov.cn
530381.0,云南省曲靖市宣威市,https://www.xw.gov.cn
530400.0,云南省玉溪市,
530402.0,云南省玉溪市红塔区,https://www.hongta.gov.cn
530403.0,云南省玉溪市江川区,https://www.ynjc.gov.cn
530423.0,云南省玉溪市通海县,http://www.tonghai.gov.cn
530424.0,云南省玉溪市华宁县,http://www.yuxi.gov.cn
530425.0,云南省玉溪市易门县,http://www.ym.gov.cn
530426.0,云南省玉溪市峨山彝族自治县,https://www.yxes.gov.cn
530427.0,云南省玉溪市新平彝族傣族自治县,https://xinping.gov.cn
530428.0,云南省玉溪市元江哈尼族彝族傣族自治县,http://www.yjx.gov.cn
530481.0,云南省玉溪市澄江市,http://www.yncj.gov.cn
530500.0,云南省保山市,https://www.baoshan.gov.cn
530502.0,云南省保山市隆阳区,https://www.longyang.gov.cn
530521.0,云南省保山市施甸县,https://www.shidian.gov.cn
530523.0,云南省保山市龙陵县,https://www.longling.gov.cn
530524.0,云南省保山市昌宁县,https://www.yncn.gov.cn
530581.0,云南省保山市腾冲市,https://www.tengchong.gov.cn
530600.0,云南省昭通市,http://www.zt.gov.cn
530602.0,云南省昭通市昭阳区,http://www.zyq.gov.cn
530621.0,云南省昭通市鲁甸县,http://www.ludian.gov.cn
530622.0,云南省昭通市巧家县,http://qiaojia.gov.cn
530623.0,云南省昭通市盐津县,http://www.ztyj.gov.cn
530624.0,云南省昭通市大关县,http://www.daguan.gov.cn
530625.0,云南省昭通市永善县,http://www.ynys.gov.cn
530626.0,云南省昭通市绥江县,http://www.zhaotong.jcy.gov.cn
530627.0,云南省昭通市镇雄县,http://zx.gov.cn
530628.0,云南省昭通市彝良县,http://www.cnyl.gov.cn
530629.0,云南省昭通市威信县,http://weixin.gov.cn
530681.0,云南省昭通市水富市,http://www.sfs.gov.cn
530700.0,云南省丽江市,https://www.lijiang.gov.cn
530702.0,云南省丽江市古城区,http://www.ljgucheng.gov.cn
530721.0,云南省丽江市玉龙纳西族自治县,https://yulong.gov.cn
530722.0,云南省丽江市永胜县,https://ynljys.gov.cn
530723.0,云南省丽江市华坪县,http://www.huaping.gov.cn
530724.0,云南省丽江市宁蒗彝族自治县,http://www.ynnl.gov.cn
530800.0,云南省普洱市,https://www.pes.gov.cn
530802.0,云南省普洱市思茅区,https://www.smqzf.gov.cn
530821.0,云南省普洱市宁洱哈尼族彝族自治县,https://www.ne.gov.cn
530822.0,云南省普洱市墨江哈尼族自治县,https://www.mojiang.gov.cn
530823.0,云南省普洱市景东彝族自治县,http://www.jingdong.gov.cn
530824.0,云南省普洱市景谷傣族彝族自治县,https://www.jinggu.gov.cn
530825.0,云南省普洱市镇沅彝族哈尼族拉祜族自治县,https://www.puershi.gov.cn
530826.0,云南省普洱市江城哈尼族彝族自治县,https://www.jcx.gov.cn
530827.0,云南省普洱市孟连傣族拉祜族佤族自治县,https://www.menglian.gov.cn
530828.0,云南省普洱市澜沧拉祜族自治县,https://www.lancang.gov.cn
530829.0,云南省普洱市西盟佤族自治县,https://www.ximeng.gov.cn
530900.0,云南省临沧市,https://www.lincang.gov.cn
530902.0,云南省临沧市临翔区,https://www.ynlx.gov.cn
530921.0,云南省临沧市凤庆县,https://www.ynfq.gov.cn
530922.0,云南省临沧市云县,https://www.ynyx.gov.cn
530923.0,云南省临沧市永德县,http://www.yongde.gov.cn
530924.0,云南省临沧市镇康县,https://www.ynzk.gov.cn
530925.0,云南省临沧市双江拉祜族佤族布朗族傣族自治县,https://www.shuangjiang.gov.cn
530926.0,云南省临沧市耿马傣族佤族自治县,https://www.yngm.gov.cn
530927.0,云南省临沧市沧源佤族自治县,http://www.cangyuan.gov.cn
532300.0,云南省楚雄彝族自治州,https://www.cxs.gov.cn
532301.0,云南省楚雄彝族自治州楚雄市,
532302.0,云南省楚雄彝族自治州禄丰市,https://www.ynlf.gov.cn
532322.0,云南省楚雄彝族自治州双柏县,https://cxz.gov.cn
532323.0,云南省楚雄彝族自治州牟定县,https://www.mdx.gov.cn
532324.0,云南省楚雄彝族自治州南华县,https://www.ynnh.gov.cn
532325.0,云南省楚雄彝族自治州姚安县,https://www.yaoan.gov.cn
532326.0,云南省楚雄彝族自治州大姚县,https://www.dayao.gov.cn
532327.0,云南省楚雄彝族自治州永仁县,https://www.yr.gov.cn
532328.0,云南省楚雄彝族自治州元谋县,https://www.yncxym.gov.cn
532329.0,云南省楚雄彝族自治州武定县,http://ynwd.gov.cn
532500.0,云南省红河哈尼族彝族自治州,https://www.hh.gov.cn
532501.0,云南省红河哈尼族彝族自治州个旧市,https://www.hhgj.gov.cn
532502.0,云南省红河哈尼族彝族自治州开远市,
532503.0,云南省红河哈尼族彝族自治州蒙自市,https://www.hhmz.gov.cn
532504.0,云南省红河哈尼族彝族自治州弥勒市,
532523.0,云南省红河哈尼族彝族自治州屏边苗族自治县,https://www.hhpb.gov.cn
532524.0,云南省红河哈尼族彝族自治州建水县,https://www.hhx.gov.cn
532525.0,云南省红河哈尼族彝族自治州石屏县,
532527.0,云南省红河哈尼族彝族自治州泸西县,
532528.0,云南省红河哈尼族彝族自治州元阳县,https://hhyy.gov.cn
532529.0,云南省红河哈尼族彝族自治州红河县,
532530.0,云南省红河哈尼族彝族自治州金平苗族瑶族傣族自治县,https://www.hhjp.gov.cn
532531.0,云南省红河哈尼族彝族自治州绿春县,https://www.hhlc.gov.cn
532532.0,云南省红河哈尼族彝族自治州河口瑶族自治县,https://www.hhhk.gov.cn
532600.0,云南省文山壮族苗族自治州,https://www.ynws.gov.cn
532601.0,云南省文山壮族苗族自治州文山市,
532622.0,云南省文山壮族苗族自治州砚山县,http://www.yanshan.gov.cn
532623.0,云南省文山壮族苗族自治州西畴县,https://www.xczw.gov.cn
532624.0,云南省文山壮族苗族自治州麻栗坡县,https://www.ynmlp.gov.cn
532625.0,云南省文山壮族苗族自治州马关县,
532626.0,云南省文山壮族苗族自治州丘北县,https://www.ynqb.gov.cn
532627.0,云南省文山壮族苗族自治州广南县,https://www.yngn.gov.cn
532628.0,云南省文山壮族苗族自治州富宁县,http://ynfn.gov.cn
532800.0,云南省西双版纳傣族自治州,https://www.xsbn.gov.cn
532801.0,云南省西双版纳傣族自治州景洪市,https://www.jhs.gov.cn
532822.0,云南省西双版纳傣族自治州勐海县,https://www.ynmh.gov.cn
532823.0,云南省西双版纳傣族自治州勐腊县,https://www.ynml.gov.cn
532900.0,云南省大理白族自治州,https://www.dali.gov.cn
532901.0,云南省大理白族自治州大理市,http://www.yndali.gov.cn
532922.0,云南省大理白族自治州漾濞彝族自治县,http://www.yangbi.gov.cn
532923.0,云南省大理白族自治州祥云县,http://www.xiangyun.gov.cn
532924.0,云南省大理白族自治州宾川县,http://www.bc.gov.cn
532925.0,云南省大理白族自治州弥渡县,https://www.midu.gov.cn
532926.0,云南省大理白族自治州南涧彝族自治县,http://www.zgnj.gov.cn
532927.0,云南省大理白族自治州巍山彝族回族自治县,https://www.dlweishan.gov.cn
532928.0,云南省大理白族自治州永平县,http://www.ypx.gov.cn
532929.0,云南省大理白族自治州云龙县,http://www.ylx.gov.cn
532930.0,云南省大理白族自治州洱源县,http://www.eryuan.gov.cn
532931.0,云南省大理白族自治州剑川县,https://www.jianchuan.gov.cn
532932.0,云南省大理白族自治州鹤庆县,http://www.heqing.gov.cn
533100.0,云南省德宏傣族景颇族自治州,https://www.dh.gov.cn
533102.0,云南省德宏傣族景颇族自治州瑞丽市,https://www.rl.gov.cn
533103.0,云南省德宏傣族景颇族自治州芒市,https://www.dhms.gov.cn
533122.0,云南省德宏傣族景颇族自治州梁河县,https://www.dhlh.gov.cn
533123.0,云南省德宏傣族景颇族自治州盈江县,https://www.dhyj.gov.cn
533124.0,云南省德宏傣族景颇族自治州陇川县,https://www.dhlc.gov.cn
533300.0,云南省怒江傈僳族自治州,https://www.nujiang.gov.cn
533301.0,云南省怒江傈僳族自治州泸水市,
533323.0,云南省怒江傈僳族自治州福贡县,https://fugong.gov.cn
533324.0,云南省怒江傈僳族自治州贡山独龙族怒族自治县,
533325.0,云南省怒江傈僳族自治州兰坪白族普米族自治县,https://www.lanpingfy.gov.cn
533400.0,云南省迪庆藏族自治州,http://www.diqing.gov.cn
533401.0,云南省迪庆藏族自治州香格里拉市,http://www.xianggelila.gov.cn
533422.0,云南省迪庆藏族自治州德钦县,http://deqin.gov.cn
533423.0,云南省迪庆藏族自治州维西傈僳族自治县,http://www.weixi.gov.cn
540000.0,西藏自治区,
540100.0,西藏自治区拉萨市,https://fdi.mofcom.gov.cn
540102.0,西藏自治区拉萨市城关区,https://www.cgq.gov.cn
540103.0,西藏自治区拉萨市堆龙德庆区,https://m.mofcom.gov.cn
540104.0,西藏自治区拉萨市达孜区,https://www.dzq.gov.cn
540121.0,西藏自治区拉萨市林周县,https://www.linzhouxian.gov.cn
540122.0,西藏自治区拉萨市当雄县,https://www.audit.gov.cn
540123.0,西藏自治区拉萨市尼木县,https://www.nmx.gov.cn
540124.0,西藏自治区拉萨市曲水县,
540127.0,西藏自治区拉萨市墨竹工卡县,https://www.lasa.gov.cn
540200.0,西藏自治区日喀则市,
540202.0,西藏自治区日喀则市桑珠孜区,http://www.sangzhuzi.gov.cn
540221.0,西藏自治区日喀则市南木林县,
540222.0,西藏自治区日喀则市江孜县,
540223.0,西藏自治区日喀则市定日县,http://www.drx.gov.cn
540224.0,西藏自治区日喀则市萨迦县,http://www.sj.gov.cn
540225.0,西藏自治区日喀则市拉孜县,http://www.lazi.gov.cn
540226.0,西藏自治区日喀则市昂仁县,
540227.0,西藏自治区日喀则市谢通门县,
540228.0,西藏自治区日喀则市白朗县,http://www.rikaze.gov.cn
540229.0,西藏自治区日喀则市仁布县,
540230.0,西藏自治区日喀则市康马县,http://www.kmx.gov.cn
540231.0,西藏自治区日喀则市定结县,http://www.djx.gov.cn
540232.0,西藏自治区日喀则市仲巴县,http://www.zbx.gov.cn
540233.0,西藏自治区日喀则市亚东县,
540234.0,西藏自治区日喀则市吉隆县,http://www.jilong.gov.cn
540235.0,西藏自治区日喀则市聂拉木县,
540236.0,西藏自治区日喀则市萨嘎县,http://www.sgx.gov.cn
540237.0,西藏自治区日喀则市岗巴县,
540300.0,西藏自治区昌都市,
540302.0,西藏自治区昌都市卡若区,https://karuo.changdu.gov.cn
540321.0,西藏自治区昌都市江达县,https://jiangda.changdu.gov.cn
540322.0,西藏自治区昌都市贡觉县,https://gongjue.changdu.gov.cn
540323.0,西藏自治区昌都市类乌齐县,
540324.0,西藏自治区昌都市丁青县,https://dingqing.changdu.gov.cn
540325.0,西藏自治区昌都市察雅县,
540326.0,西藏自治区昌都市八宿县,https://basu.changdu.gov.cn
540327.0,西藏自治区昌都市左贡县,https://zuogong.changdu.gov.cn
540328.0,西藏自治区昌都市芒康县,https://mangkang.changdu.gov.cn
540329.0,西藏自治区昌都市洛隆县,
540330.0,西藏自治区昌都市边坝县,https://bianba.changdu.gov.cn
540400.0,西藏自治区林芝市,
540402.0,西藏自治区林芝市巴宜区,http://www.bayiqu.gov.cn
540421.0,西藏自治区林芝市工布江达县,
540423.0,西藏自治区林芝市墨脱县,http://www.linzhi.gov.cn
540424.0,西藏自治区林芝市波密县,
540425.0,西藏自治区林芝市察隅县,http://www.chayu.gov.cn
540426.0,西藏自治区林芝市朗县,
540481.0,西藏自治区林芝市米林市,
540500.0,西藏自治区山南市,
540502.0,西藏自治区山南市乃东区,http://www.naidong.gov.cn
540521.0,西藏自治区山南市扎囊县,http://www.zhanang.gov.cn
540522.0,西藏自治区山南市贡嘎县,http://www.gongga.gov.cn
540523.0,西藏自治区山南市桑日县,http://www.sangri.gov.cn
540524.0,西藏自治区山南市琼结县,http://www.qiongjie.gov.cn
540525.0,西藏自治区山南市曲松县,http://www.qusong.gov.cn
540526.0,西藏自治区山南市措美县,
540527.0,西藏自治区山南市洛扎县,
540528.0,西藏自治区山南市加查县,http://www.jiacha.gov.cn
540529.0,西藏自治区山南市隆子县,
540531.0,西藏自治区山南市浪卡子县,http://www.langkazi.gov.cn
540581.0,西藏自治区山南市错那市,http://www.cuona.gov.cn
540600.0,西藏自治区那曲市,
540602.0,西藏自治区那曲市色尼区,http://www.xznq.gov.cn
540621.0,西藏自治区那曲市嘉黎县,http://www.nqjlx.gov.cn
540622.0,西藏自治区那曲市比如县,http://www.nqbrx.gov.cn
540623.0,西藏自治区那曲市聂荣县,http://www.xznr.gov.cn
540624.0,西藏自治区那曲市安多县,http://www.nqadx.gov.cn
540625.0,西藏自治区那曲市申扎县,http://www.nqszx.gov.cn
540626.0,西藏自治区那曲市索县,http://www.xzsx.gov.cn
540627.0,西藏自治区那曲市班戈县,http://www.xzbg.gov.cn
540628.0,西藏自治区那曲市巴青县,http://www.xzbq.gov.cn
540629.0,西藏自治区那曲市尼玛县,http://www.nqnmx.gov.cn
540630.0,西藏自治区那曲市双湖县,http://www.nqshx.gov.cn
542500.0,西藏自治区阿里地区,https://www.mofcom.gov.cn
542521.0,西藏自治区阿里地区普兰县,
542522.0,西藏自治区阿里地区札达县,
542523.0,西藏自治区阿里地区噶尔县,
542524.0,西藏自治区阿里地区日土县,
542525.0,西藏自治区阿里地区革吉县,
542526.0,西藏自治区阿里地区改则县,
542527.0,西藏自治区阿里地区措勤县,
610000.0,陕西省,https://www.shaanxi.gov.cn
610100.0,陕西省西安市,https://www.xa.gov.cn
610102.0,陕西省西安市新城区,https://www.xincheng.gov.cn
610103.0,陕西省西安市碑林区,http://www.beilin.gov.cn
610104.0,陕西省西安市莲湖区,http://www.lianhu.gov.cn
610111.0,陕西省西安市灞桥区,https://www.baqiao.gov.cn
610112.0,陕西省西安市未央区,http://www.weiyang.gov.cn
610113.0,陕西省西安市雁塔区,http://www.yanta.gov.cn
610114.0,陕西省西安市阎良区,http://www.yanliang.gov.cn
610115.0,陕西省西安市临潼区,http://www.lintong.gov.cn
610116.0,陕西省西安市长安区,http://www.changanqu.gov.cn
610117.0,陕西省西安市高陵区,http://www.gaoling.gov.cn
610118.0,陕西省西安市鄠邑区,http://www.xahy.gov.cn
610122.0,陕西省西安市蓝田县,http://www.lantian.gov.cn
610124.0,陕西省西安市周至县,https://www.zhouzhi.gov.cn
610200.0,陕西省铜川市,http://www.tongchuan.gov.cn
610202.0,陕西省铜川市王益区,http://www.tcwy.gov.cn
610203.0,陕西省铜川市印台区,http://www.yintai.gov.cn
610204.0,陕西省铜川市耀州区,http://www.yaozhou.gov.cn
610222.0,陕西省铜川市宜君县,http://www.yijun.gov.cn
610300.0,陕西省宝鸡市,http://m.baoji.gov.cn
610302.0,陕西省宝鸡市渭滨区,https://www.weibin.gov.cn
610303.0,陕西省宝鸡市金台区,http://www.jintai.gov.cn
610304.0,陕西省宝鸡市陈仓区,https://www.chencang.gov.cn
610305.0,陕西省宝鸡市凤翔区,http://www.fengxiang.gov.cn
610323.0,陕西省宝鸡市岐山县,https://baoji.qinfeng.gov.cn
610324.0,陕西省宝鸡市扶风县,http://ff.baojidj.gov.cn
610326.0,陕西省宝鸡市眉县,https://www.meixian.gov.cn
610327.0,陕西省宝鸡市陇县,http://www.longxian.gov.cn
610328.0,陕西省宝鸡市千阳县,http://www.qianyang.gov.cn
610329.0,陕西省宝鸡市麟游县,
610330.0,陕西省宝鸡市凤县,http://www.sxfx.gov.cn
610331.0,陕西省宝鸡市太白县,http://www.taibai.gov.cn
610400.0,陕西省咸阳市,https://www.xianyang.gov.cn
610402.0,陕西省咸阳市秦都区,https://www.snqindu.gov.cn
610403.0,陕西省咸阳市杨陵区,https://www.ylq.gov.cn
610404.0,陕西省咸阳市渭城区,https://www.weic.gov.cn
610422.0,陕西省咸阳市三原县,https://www.snsanyuan.gov.cn
610423.0,陕西省咸阳市泾阳县,https://www.snjingyang.gov.cn
610424.0,陕西省咸阳市乾县,https://www.snqianxian.gov.cn
610425.0,陕西省咸阳市礼泉县,https://www.liquan.gov.cn
610426.0,陕西省咸阳市永寿县,https://www.yongshou.gov.cn
610428.0,陕西省咸阳市长武县,https://www.changwu.gov.cn
610429.0,陕西省咸阳市旬邑县,https://www.snxunyi.gov.cn
610430.0,陕西省咸阳市淳化县,https://www.snchunhua.gov.cn
610431.0,陕西省咸阳市武功县,https://www.wugong.gov.cn
610481.0,陕西省咸阳市兴平市,https://www.snxingping.gov.cn
610482.0,陕西省咸阳市彬州市,https://www.snbinzhou.gov.cn
610500.0,陕西省渭南市,https://www.weinan.gov.cn
610502.0,陕西省渭南市临渭区,https://www.linwei.gov.cn
610503.0,陕西省渭南市华州区,https://www.hzqu.gov.cn
610522.0,陕西省渭南市潼关县,https://tongguan.gov.cn
610523.0,陕西省渭南市大荔县,https://www.dalisn.gov.cn
610524.0,陕西省渭南市合阳县,https://www.heyang.gov.cn
610525.0,陕西省渭南市澄城县,https://www.chengcheng.gov.cn
610526.0,陕西省渭南市蒲城县,https://www.pucheng.gov.cn
610527.0,陕西省渭南市白水县,https://www.baishui.gov.cn
610528.0,陕西省渭南市富平县,https://www.fuping.gov.cn
610581.0,陕西省渭南市韩城市,http://www.hancheng.gov.cn
610582.0,陕西省渭南市华阴市,https://www.huayin.gov.cn
610600.0,陕西省延安市,http://www.yanan.gov.cn
610602.0,陕西省延安市宝塔区,http://www.baotaqu.gov.cn
610603.0,陕西省延安市安塞区,http://www.ansai.gov.cn
610621.0,陕西省延安市延长县,
610622.0,陕西省延安市延川县,http://www.yanchuan.gov.cn
610625.0,陕西省延安市志丹县,http://www.zhidan.gov.cn
610626.0,陕西省延安市吴起县,http://www.wqx.gov.cn
610627.0,陕西省延安市甘泉县,http://www.ganquanxian.gov.cn
610628.0,陕西省延安市富县,http://www.fuxian.gov.cn
610629.0,陕西省延安市洛川县,http://www.lcx.gov.cn
610630.0,陕西省延安市宜川县,http://www.ycx.gov.cn
610631.0,陕西省延安市黄龙县,http://www.hlx.gov.cn
610632.0,陕西省延安市黄陵县,http://www.huangling.gov.cn
610681.0,陕西省延安市子长市,http://www.zichang.gov.cn
610700.0,陕西省汉中市,http://www.hanzhong.gov.cn
610702.0,陕西省汉中市汉台区,http://www.htq.gov.cn
610703.0,陕西省汉中市南郑区,http://www.nanzheng.gov.cn
610722.0,陕西省汉中市城固县,http://www.chenggu.gov.cn
610723.0,陕西省汉中市洋县,http://www.yangxian.gov.cn
610724.0,陕西省汉中市西乡县,http://www.snxx.gov.cn
610725.0,陕西省汉中市勉县,http://www.mianxian.gov.cn
610726.0,陕西省汉中市宁强县,http://www.nq.gov.cn
610727.0,陕西省汉中市略阳县,http://www.lueyang.gov.cn
610728.0,陕西省汉中市镇巴县,http://www.zb.gov.cn
610729.0,陕西省汉中市留坝县,http://www.liuba.gov.cn
610730.0,陕西省汉中市佛坪县,http://www.foping.gov.cn
610800.0,陕西省榆林市,https://www.yl.gov.cn
610802.0,陕西省榆林市榆阳区,https://www.yuyang.gov.cn
610803.0,陕西省榆林市横山区,https://www.hszf.gov.cn
610822.0,陕西省榆林市府谷县,https://www.fg.gov.cn
610824.0,陕西省榆林市靖边县,https://www.jingbian.gov.cn
610825.0,陕西省榆林市定边县,https://dingbian.gov.cn
610826.0,陕西省榆林市绥德县,https://www.sxsd.gov.cn
610827.0,陕西省榆林市米脂县,https://www.mizhi.gov.cn
610828.0,陕西省榆林市佳县,https://www.sxjiaxian.gov.cn
610829.0,陕西省榆林市吴堡县,https://www.wubu.gov.cn
610830.0,陕西省榆林市清涧县,https://qjzhf.gov.cn
610831.0,陕西省榆林市子洲县,https://www.zizhou.gov.cn
610881.0,陕西省榆林市神木市,https://www.sxsm.gov.cn
610900.0,陕西省安康市,https://www.ankang.gov.cn
610902.0,陕西省安康市汉滨区,https://portal.ankang.gov.cn
610921.0,陕西省安康市汉阴县,https://www.hanyin.gov.cn
610922.0,陕西省安康市石泉县,https://www.shiquan.gov.cn
610923.0,陕西省安康市宁陕县,https://www.ningshan.gov.cn
610924.0,陕西省安康市紫阳县,https://www.zyx.gov.cn
610925.0,陕西省安康市岚皋县,https://www.langao.gov.cn
610926.0,陕西省安康市平利县,
610927.0,陕西省安康市镇坪县,https://www.zhp.gov.cn
610929.0,陕西省安康市白河县,https://www.baihe.gov.cn
610981.0,陕西省安康市旬阳市,https://www.xyx.gov.cn
611000.0,陕西省商洛市,https://www.shangluo.gov.cn
611002.0,陕西省商洛市商州区,https://www.shangzhou.gov.cn
611021.0,陕西省商洛市洛南县,https://www.luonan.gov.cn
611022.0,陕西省商洛市丹凤县,http://www.danfeng.gov.cn
611023.0,陕西省商洛市商南县,https://www.shangnan.gov.cn
611024.0,陕西省商洛市山阳县,https://www.shy.gov.cn
611025.0,陕西省商洛市镇安县,https://www.zazf.gov.cn
611026.0,陕西省商洛市柞水县,https://www.snzs.gov.cn
620000.0,甘肃省,https://www.gansu.gov.cn
620100.0,甘肃省兰州市,https://www.lanzhou.gov.cn
620102.0,甘肃省兰州市城关区,https://www.lzcgq.gov.cn
620103.0,甘肃省兰州市七里河区,https://www.qilihe.gov.cn
620104.0,甘肃省兰州市西固区,https://www.xigu.gov.cn
620105.0,甘肃省兰州市安宁区,https://www.lzanning.gov.cn
620111.0,甘肃省兰州市红古区,https://www.honggu.gov.cn
620121.0,甘肃省兰州市永登县,https://www.yongdeng.gov.cn
620122.0,甘肃省兰州市皋兰县,https://www.gaolan.gov.cn
620123.0,甘肃省兰州市榆中县,https://www.lzyuzhong.gov.cn
620200.0,甘肃省嘉峪关市,https://jyg.gov.cn
620300.0,甘肃省金昌市,http://www.gs.gov.cn
620302.0,甘肃省金昌市金川区,http://www.jcs.gov.cn
620321.0,甘肃省金昌市永昌县,http://yongchang.gov.cn
620400.0,甘肃省白银市,https://www.baiyin.gov.cn
620402.0,甘肃省白银市白银区,https://www.baiyinqu.gov.cn
620403.0,甘肃省白银市平川区,https://www.bypc.gov.cn
620421.0,甘肃省白银市靖远县,https://www.jingyuan.gov.cn
620422.0,甘肃省白银市会宁县,https://www.huining.gov.cn
620423.0,甘肃省白银市景泰县,https://www.jingtai.gov.cn
620500.0,甘肃省天水市,http://www.tianshui.gov.cn
620502.0,甘肃省天水市秦州区,http://www.qinzhouqu.gov.cn
620503.0,甘肃省天水市麦积区,https://www.maiji.gov.cn
620521.0,甘肃省天水市清水县,https://www.tsqs.gov.cn
620522.0,甘肃省天水市秦安县,https://www.tianshui.gov.cn
620523.0,甘肃省天水市甘谷县,http://www.gangu.gov.cn
620524.0,甘肃省天水市武山县,https://www.wushan.gov.cn
620525.0,甘肃省天水市张家川回族自治县,https://www.zjc.gov.cn
620600.0,甘肃省武威市,https://www.gswuwei.gov.cn
620602.0,甘肃省武威市凉州区,http://www.gsliangzhou.gov.cn
620621.0,甘肃省武威市民勤县,https://www.minqin.gov.cn
620622.0,甘肃省武威市古浪县,https://www.gulang.gov.cn
620623.0,甘肃省武威市天祝藏族自治县,http://www.gstianzhu.gov.cn
620700.0,甘肃省张掖市,
620702.0,甘肃省张掖市甘州区,http://gsgz.gov.cn
620721.0,甘肃省张掖市肃南裕固族自治县,http://www.gssn.gov.cn
620722.0,甘肃省张掖市民乐县,http://www.gsml.gov.cn
620723.0,甘肃省张掖市临泽县,http://www.gslz.gov.cn
620724.0,甘肃省张掖市高台县,http://www.gaotai.gov.cn
620725.0,甘肃省张掖市山丹县,https://www.shandan.gov.cn
620800.0,甘肃省平凉市,http://www.pingliang.gov.cn
620802.0,甘肃省平凉市崆峒区,http://www.kongtong.gov.cn
620821.0,甘肃省平凉市泾川县,http://www.jingchuan.gov.cn
620822.0,甘肃省平凉市灵台县,
620823.0,甘肃省平凉市崇信县,http://www.chongxin.gov.cn
620825.0,甘肃省平凉市庄浪县,
620826.0,甘肃省平凉市静宁县,http://www.gsjn.gov.cn
620881.0,甘肃省平凉市华亭市,http://www.gsht.gov.cn
620900.0,甘肃省酒泉市,https://www.jiuquan.gov.cn
620902.0,甘肃省酒泉市肃州区,https://www.jqsz.gov.cn
620921.0,甘肃省酒泉市金塔县,https://www.jtxzf.gov.cn
620922.0,甘肃省酒泉市瓜州县,https://www.guazhou.gov.cn
620923.0,甘肃省酒泉市肃北蒙古族自治县,https://www.subei.gov.cn
620924.0,甘肃省酒泉市阿克塞哈萨克族自治县,https://www.akesai.gov.cn
620981.0,甘肃省酒泉市玉门市,https://www.yumen.gov.cn
620982.0,甘肃省酒泉市敦煌市,https://www.dunhuang.gov.cn
621000.0,甘肃省庆阳市,https://www.zgqingyang.gov.cn
621002.0,甘肃省庆阳市西峰区,https://www.gsxf.gov.cn
621021.0,甘肃省庆阳市庆城县,https://www.chinaqingcheng.gov.cn
621022.0,甘肃省庆阳市环县,https://www.huanxian.gov.cn
621023.0,甘肃省庆阳市华池县,https://www.hcx.gov.cn
621024.0,甘肃省庆阳市合水县,https://www.hsxzf.gov.cn
621025.0,甘肃省庆阳市正宁县,https://www.zninfo.gov.cn
621026.0,甘肃省庆阳市宁县,https://www.ningxian.gov.cn
621027.0,甘肃省庆阳市镇原县,https://www.gszy.gov.cn
621100.0,甘肃省定西市,https://www.dingxi.gov.cn
621102.0,甘肃省定西市安定区,http://www.anding.gov.cn
621121.0,甘肃省定西市通渭县,http://www.tongwei.gov.cn
621122.0,甘肃省定西市陇西县,http://www.cnlongxi.gov.cn
621123.0,甘肃省定西市渭源县,http://www.cnwy.gov.cn
621124.0,甘肃省定西市临洮县,http://www.lintao.gov.cn
621125.0,甘肃省定西市漳县,http://m.zhangxian.gov.cn
621126.0,甘肃省定西市岷县,http://www.minxian.gov.cn
621200.0,甘肃省陇南市,
621202.0,甘肃省陇南市武都区,https://www.gslnwd.gov.cn
621221.0,甘肃省陇南市成县,https://www.gscx.gov.cn
621222.0,甘肃省陇南市文县,https://www.lnwx.gov.cn
621223.0,甘肃省陇南市宕昌县,https://www.tanchang.gov.cn
621224.0,甘肃省陇南市康县,https://www.gskx.gov.cn
621225.0,甘肃省陇南市西和县,https://www.xihe.gov.cn
621226.0,甘肃省陇南市礼县,https://www.gslx.gov.cn
621227.0,甘肃省陇南市徽县,https://www.gshxzf.gov.cn
621228.0,甘肃省陇南市两当县,https://ldxzf.gov.cn
622900.0,甘肃省临夏回族自治州,https://linxia.gov.cn
622901.0,甘肃省临夏回族自治州临夏市,https://www.lxs.gov.cn
622921.0,甘肃省临夏回族自治州临夏县,https://www.linxia.gov.cn
622922.0,甘肃省临夏回族自治州康乐县,https://www.gskanglexian.gov.cn
622923.0,甘肃省临夏回族自治州永靖县,https://www.gsyongjing.gov.cn
622924.0,甘肃省临夏回族自治州广河县,https://www.ghx.gov.cn
622925.0,甘肃省临夏回族自治州和政县,https://www.hezheng.gov.cn
622926.0,甘肃省临夏回族自治州东乡族自治县,https://www.dxzzzx.gov.cn
622927.0,甘肃省临夏回族自治州积石山保安族东乡族撒拉族自治县,https://www.jss.gov.cn
623000.0,甘肃省甘南藏族自治州,http://www.gnzrmzf.gov.cn
623001.0,甘肃省甘南藏族自治州合作市,http://www.hezuo.gov.cn
623021.0,甘肃省甘南藏族自治州临潭县,http://www.lintan.gov.cn
623022.0,甘肃省甘南藏族自治州卓尼县,http://www.zhuoni.gov.cn
623023.0,甘肃省甘南藏族自治州舟曲县,http://www.zqx.gov.cn
623024.0,甘肃省甘南藏族自治州迭部县,http://www.tewo.gov.cn
623025.0,甘肃省甘南藏族自治州玛曲县,http://www.maqu.gov.cn
623026.0,甘肃省甘南藏族自治州碌曲县,http://www.luqu.gov.cn
623027.0,甘肃省甘南藏族自治州夏河县,
630000.0,青海省,http://www.qinghai.gov.cn
630100.0,青海省西宁市,https://www.xining.gov.cn
630102.0,青海省西宁市城东区,https://www.xncd.gov.cn
630103.0,青海省西宁市城中区,https://xncz.gov.cn
630104.0,青海省西宁市城西区,https://www.xncx.gov.cn
630105.0,青海省西宁市城北区,https://www.xncb.gov.cn
630106.0,青海省西宁市湟中区,https://www.huangzhong.gov.cn
630121.0,青海省西宁市大通回族土族自治县,https://www.datong.gov.cn
630123.0,青海省西宁市湟源县,http://www.huangyuan.gov.cn
630200.0,青海省海东市,http://www.haidong.gov.cn
630202.0,青海省海东市乐都区,
630203.0,青海省海东市平安区,http://www.pinganqu.gov.cn
630222.0,青海省海东市民和回族土族自治县,https://www.minhe.gov.cn
630223.0,青海省海东市互助土族自治县,https://www.qh.jcy.gov.cn
630224.0,青海省海东市化隆回族自治县,https://www.hualongxian.gov.cn
630225.0,青海省海东市循化撒拉族自治县,http://www.xunhua.gov.cn
632200.0,青海省海北藏族自治州,https://www.hainanzhou.gov.cn
632221.0,青海省海北藏族自治州门源回族自治县,https://www.menyuan.gov.cn
632222.0,青海省海北藏族自治州祁连县,http://www.haibei.gov.cn
632223.0,青海省海北藏族自治州海晏县,
632224.0,青海省海北藏族自治州刚察县,https://www.gangcha.gov.cn
632300.0,青海省黄南藏族自治州,http://www.huangnan.gov.cn
632301.0,青海省黄南藏族自治州同仁市,
632322.0,青海省黄南藏族自治州尖扎县,http://www.jianzha.gov.cn
632323.0,青海省黄南藏族自治州泽库县,http://www.zeku.gov.cn
632324.0,青海省黄南藏族自治州河南蒙古族自治县,http://www.henanxian.gov.cn
632500.0,青海省海南藏族自治州,
632521.0,青海省海南藏族自治州共和县,https://www.gonghe.gov.cn
632522.0,青海省海南藏族自治州同德县,https://www.tongde.gov.cn
632523.0,青海省海南藏族自治州贵德县,
632524.0,青海省海南藏族自治州兴海县,https://www.xinghai.gov.cn
632525.0,青海省海南藏族自治州贵南县,https://www.guinan.gov.cn
632600.0,青海省果洛藏族自治州,
632621.0,青海省果洛藏族自治州玛沁县,
632622.0,青海省果洛藏族自治州班玛县,
632623.0,青海省果洛藏族自治州甘德县,https://www.gande.gov.cn
632624.0,青海省果洛藏族自治州达日县,
632625.0,青海省果洛藏族自治州久治县,https://www.guoluo.gov.cn
632626.0,青海省果洛藏族自治州玛多县,http://www.maduo.gov.cn
632700.0,青海省玉树藏族自治州,https://www.yushuzhou.gov.cn
632701.0,青海省玉树藏族自治州玉树市,https://www.yushushi.gov.cn
632722.0,青海省玉树藏族自治州杂多县,http://www.yushuzhou.gov.cn
632723.0,青海省玉树藏族自治州称多县,http://www.chengduo.gov.cn
632724.0,青海省玉树藏族自治州治多县,
632725.0,青海省玉树藏族自治州囊谦县,https://www.nangqian.gov.cn
632726.0,青海省玉树藏族自治州曲麻莱县,
632800.0,青海省海西蒙古族藏族自治州,https://www.haixi.gov.cn
632801.0,青海省海西蒙古族藏族自治州格尔木市,
632802.0,青海省海西蒙古族藏族自治州德令哈市,
632803.0,青海省海西蒙古族藏族自治州茫崖市,https://www.mangya.gov.cn
632821.0,青海省海西蒙古族藏族自治州乌兰县,https://www.wulanxian.gov.cn
632822.0,青海省海西蒙古族藏族自治州都兰县,http://www.dulan.gov.cn
632823.0,青海省海西蒙古族藏族自治州天峻县,http://www.tianjun.gov.cn
640000.0,宁夏回族自治区,https://www.nx.gov.cn
640100.0,宁夏回族自治区银川市,https://www.yinchuan.gov.cn
640104.0,宁夏回族自治区银川市兴庆区,http://www.xqq.gov.cn
640105.0,宁夏回族自治区银川市西夏区,http://www.ycxixia.gov.cn
640106.0,宁夏回族自治区银川市金凤区,http://www.ycjinfeng.gov.cn
640121.0,宁夏回族自治区银川市永宁县,http://www.nxyn.gov.cn
640122.0,宁夏回族自治区银川市贺兰县,http://www.nxhl.gov.cn
640181.0,宁夏回族自治区银川市灵武市,http://www.nxlw.gov.cn
640200.0,宁夏回族自治区石嘴山市,https://www.shizuishan.gov.cn
640202.0,宁夏回族自治区石嘴山市大武口区,http://www.dwk.gov.cn
640205.0,宁夏回族自治区石嘴山市惠农区,http://www.huinong.gov.cn
640221.0,宁夏回族自治区石嘴山市平罗县,http://www.pingluo.gov.cn
640300.0,宁夏回族自治区吴忠市,https://www.wuzhong.gov.cn
640302.0,宁夏回族自治区吴忠市利通区,http://www.ltq.gov.cn
640303.0,宁夏回族自治区吴忠市红寺堡区,https://www.hongsibu.gov.cn
640323.0,宁夏回族自治区吴忠市盐池县,http://www.yanchi.gov.cn
640324.0,宁夏回族自治区吴忠市同心县,https://www.tongxin.gov.cn
640381.0,宁夏回族自治区吴忠市青铜峡市,http://www.qtx.gov.cn
640400.0,宁夏回族自治区固原市,
640402.0,宁夏回族自治区固原市原州区,http://www.yzh.gov.cn
640422.0,宁夏回族自治区固原市西吉县,https://www.nxxj.gov.cn
640423.0,宁夏回族自治区固原市隆德县,http://www.nxld.gov.cn
640424.0,宁夏回族自治区固原市泾源县,https://www.nxjy.gov.cn
640425.0,宁夏回族自治区固原市彭阳县,https://www.pengyang.gov.cn
640500.0,宁夏回族自治区中卫市,https://www.nxzw.gov.cn
640502.0,宁夏回族自治区中卫市沙坡头区,https://www.spt.gov.cn
640521.0,宁夏回族自治区中卫市中宁县,https://www.znzf.gov.cn
640522.0,宁夏回族自治区中卫市海原县,
650000.0,新疆维吾尔自治区,https://www.xinjiang.gov.cn
650100.0,新疆维吾尔自治区乌鲁木齐市,https://www.urumqi.gov.cn
650102.0,新疆维吾尔自治区乌鲁木齐市天山区,https://www.xjtsq.gov.cn
650103.0,新疆维吾尔自治区乌鲁木齐市沙依巴克区,http://www.sayibak.gov.cn
650104.0,新疆维吾尔自治区乌鲁木齐市新市区,http://www.uhdz.gov.cn
650105.0,新疆维吾尔自治区乌鲁木齐市水磨沟区,http://www.xjsmgq.gov.cn
650106.0,新疆维吾尔自治区乌鲁木齐市头屯河区,http://www.uetd.gov.cn
650107.0,新疆维吾尔自治区乌鲁木齐市达坂城区,http://www.dabancheng.gov.cn
650109.0,新疆维吾尔自治区乌鲁木齐市米东区,http://www.xjmd.gov.cn
650121.0,新疆维吾尔自治区乌鲁木齐市乌鲁木齐县,
650200.0,新疆维吾尔自治区克拉玛依市,https://www.klmy.gov.cn
650202.0,新疆维吾尔自治区克拉玛依市独山子区,https://klmy.gov.cn
650203.0,新疆维吾尔自治区克拉玛依市克拉玛依区,
650204.0,新疆维吾尔自治区克拉玛依市白碱滩区,https://www.bjtq.gov.cn
650205.0,新疆维吾尔自治区克拉玛依市乌尔禾区,https://www.weh.gov.cn
650400.0,新疆维吾尔自治区吐鲁番市,https://www.tlf.gov.cn
650402.0,新疆维吾尔自治区吐鲁番市高昌区,http://gcq.tlf.gov.cn
650421.0,新疆维吾尔自治区吐鲁番市鄯善县,http://www.xjss.gov.cn
650422.0,新疆维吾尔自治区吐鲁番市托克逊县,http://www.tkx.gov.cn
650500.0,新疆维吾尔自治区哈密市,https://www.hami.gov.cn
650502.0,新疆维吾尔自治区哈密市伊州区,http://www.yizhou.gov.cn
650521.0,新疆维吾尔自治区哈密市巴里坤哈萨克自治县,http://www.xjblk.gov.cn
650522.0,新疆维吾尔自治区哈密市伊吾县,https://www.xjyiwu.gov.cn
652300.0,新疆维吾尔自治区昌吉回族自治州,https://www.cj.gov.cn
652301.0,新疆维吾尔自治区昌吉回族自治州昌吉市,https://www.cjs.gov.cn
652302.0,新疆维吾尔自治区昌吉回族自治州阜康市,https://www.fk.gov.cn
652323.0,新疆维吾尔自治区昌吉回族自治州呼图壁县,https://www.htb.gov.cn
652324.0,新疆维吾尔自治区昌吉回族自治州玛纳斯县,https://www.mns.gov.cn
652325.0,新疆维吾尔自治区昌吉回族自治州奇台县,
652327.0,新疆维吾尔自治区昌吉回族自治州吉木萨尔县,https://www.jmser.gov.cn
652328.0,新疆维吾尔自治区昌吉回族自治州木垒哈萨克自治县,https://www.mlx.gov.cn
652700.0,新疆维吾尔自治区博尔塔拉蒙古自治州,https://www.xjboz.gov.cn
652701.0,新疆维吾尔自治区博尔塔拉蒙古自治州博乐市,
652702.0,新疆维吾尔自治区博尔塔拉蒙古自治州阿拉山口市,https://www.alsk.gov.cn
652722.0,新疆维吾尔自治区博尔塔拉蒙古自治州精河县,https://www.xjjh.gov.cn
652723.0,新疆维吾尔自治区博尔塔拉蒙古自治州温泉县,https://www.xjwq.gov.cn
652800.0,新疆维吾尔自治区巴音郭楞蒙古自治州,https://www.xjbz.gov.cn
652801.0,新疆维吾尔自治区巴音郭楞蒙古自治州库尔勒市,https://www.xjkel.gov.cn
652822.0,新疆维吾尔自治区巴音郭楞蒙古自治州轮台县,https://www.xjlt.gov.cn
652823.0,新疆维吾尔自治区巴音郭楞蒙古自治州尉犁县,https://www.yuli.gov.cn
652824.0,新疆维吾尔自治区巴音郭楞蒙古自治州若羌县,
652825.0,新疆维吾尔自治区巴音郭楞蒙古自治州且末县,https://www.xjqmx.gov.cn
652826.0,新疆维吾尔自治区巴音郭楞蒙古自治州焉耆回族自治县,https://www.xjyq.gov.cn
652827.0,新疆维吾尔自治区巴音郭楞蒙古自治州和静县,https://www.xjhj.gov.cn
652828.0,新疆维吾尔自治区巴音郭楞蒙古自治州和硕县,https://www.hoxut.gov.cn
652829.0,新疆维吾尔自治区巴音郭楞蒙古自治州博湖县,https://www.xjbh.gov.cn
652900.0,新疆维吾尔自治区阿克苏地区,
652901.0,新疆维吾尔自治区阿克苏地区阿克苏市,https://www.akss.gov.cn
652902.0,新疆维吾尔自治区阿克苏地区库车市,http://www.aksu.gov.cn
652922.0,新疆维吾尔自治区阿克苏地区温宿县,https://www.wszf.gov.cn
652924.0,新疆维吾尔自治区阿克苏地区沙雅县,https://www.xjsy.gov.cn
652925.0,新疆维吾尔自治区阿克苏地区新和县,https://www.xjxinhe.gov.cn
652926.0,新疆维吾尔自治区阿克苏地区拜城县,https://www.xjbc.gov.cn
652927.0,新疆维吾尔自治区阿克苏地区乌什县,
652928.0,新疆维吾尔自治区阿克苏地区阿瓦提县,https://www.xjawt.gov.cn
652929.0,新疆维吾尔自治区阿克苏地区柯坪县,
653000.0,新疆维吾尔自治区克孜勒苏柯尔克孜自治州,https://www.xjkz.gov.cn
653001.0,新疆维吾尔自治区克孜勒苏柯尔克孜自治州阿图什市,https://www.xjats.gov.cn
653022.0,新疆维吾尔自治区克孜勒苏柯尔克孜自治州阿克陶县,
653023.0,新疆维吾尔自治区克孜勒苏柯尔克孜自治州阿合奇县,https://www.xjahq.gov.cn
653024.0,新疆维吾尔自治区克孜勒苏柯尔克孜自治州乌恰县,http://xjwqx.gov.cn
653100.0,新疆维吾尔自治区喀什地区,http://www.xjks.gov.cn
653101.0,新疆维吾尔自治区喀什地区喀什市,
653121.0,新疆维吾尔自治区喀什地区疏附县,http://www.xjsf.gov.cn
653122.0,新疆维吾尔自治区喀什地区疏勒县,http://www.shule.gov.cn
653123.0,新疆维吾尔自治区喀什地区英吉沙县,http://www.yjs.gov.cn
653124.0,新疆维吾尔自治区喀什地区泽普县,http://www.xjzp.gov.cn
653125.0,新疆维吾尔自治区喀什地区莎车县,http://www.shache.gov.cn
653126.0,新疆维吾尔自治区喀什地区叶城县,http://www.xjyc.gov.cn
653127.0,新疆维吾尔自治区喀什地区麦盖提县,http://www.mgt.gov.cn
653128.0,新疆维吾尔自治区喀什地区岳普湖县,http://www.yph.gov.cn
653129.0,新疆维吾尔自治区喀什地区伽师县,http://www.xjjsx.gov.cn
653130.0,新疆维吾尔自治区喀什地区巴楚县,http://www.bachu.gov.cn
653131.0,新疆维吾尔自治区喀什地区塔什库尔干塔吉克自治县,http://tskeg.gov.cn
653200.0,新疆维吾尔自治区和田地区,https://hts.gov.cn
653201.0,新疆维吾尔自治区和田地区和田市,
653221.0,新疆维吾尔自治区和田地区和田县,http://www.htx.gov.cn
653222.0,新疆维吾尔自治区和田地区墨玉县,http://www.myx.gov.cn
653223.0,新疆维吾尔自治区和田地区皮山县,https://xjht.gov.cn
653224.0,新疆维吾尔自治区和田地区洛浦县,https://www.xjlpx.gov.cn
653225.0,新疆维吾尔自治区和田地区策勒县,
653226.0,新疆维吾尔自治区和田地区于田县,https://www.xjyt.gov.cn
653227.0,新疆维吾尔自治区和田地区民丰县,https://mfx.gov.cn
653228.0,新疆维吾尔自治区和田地区和康县,
653229.0,新疆维吾尔自治区和田地区和安县,
654000.0,新疆维吾尔自治区伊犁哈萨克自治州,
654002.0,新疆维吾尔自治区伊犁哈萨克自治州伊宁市,https://www.xjyl.gov.cn
654003.0,新疆维吾尔自治区伊犁哈萨克自治州奎屯市,http://www.xjkuitun.gov.cn
654004.0,新疆维吾尔自治区伊犁哈萨克自治州霍尔果斯市,http://www.xjhegs.gov.cn
654021.0,新疆维吾尔自治区伊犁哈萨克自治州伊宁县,https://www.xjyn.gov.cn
654022.0,新疆维吾尔自治区伊犁哈萨克自治州察布查尔锡伯自治县,https://www.xjcbcr.gov.cn
654023.0,新疆维吾尔自治区伊犁哈萨克自治州霍城县,http://www.xjhc.gov.cn
654024.0,新疆维吾尔自治区伊犁哈萨克自治州巩留县,https://www.xjgl.gov.cn
654025.0,新疆维吾尔自治区伊犁哈萨克自治州新源县,http://www.xinyuan.gov.cn
654026.0,新疆维吾尔自治区伊犁哈萨克自治州昭苏县,http://www.zhaosu.gov.cn
654027.0,新疆维吾尔自治区伊犁哈萨克自治州特克斯县,http://www.zgtks.gov.cn
654028.0,新疆维吾尔自治区伊犁哈萨克自治州尼勒克县,http://www.xjnlk.gov.cn
654200.0,新疆维吾尔自治区塔城地区,https://www.xjtc.gov.cn
654201.0,新疆维吾尔自治区塔城地区塔城市,https://www.xjtcsh.gov.cn
654221.0,新疆维吾尔自治区塔城地区额敏县,http://www.xjem.gov.cn
654224.0,新疆维吾尔自治区塔城地区托里县,https://www.xjtl.gov.cn
654225.0,新疆维吾尔自治区塔城地区裕民县,http://www.xjym.gov.cn
654226.0,新疆维吾尔自治区塔城地区和布克赛尔蒙古自治县,http://www.xjhbk.gov.cn
654300.0,新疆维吾尔自治区阿勒泰地区,https://www.xjalt.gov.cn
654301.0,新疆维吾尔自治区阿勒泰地区阿勒泰市,https://www.alt.gov.cn
654321.0,新疆维吾尔自治区阿勒泰地区布尔津县,https://www.brj.gov.cn
654322.0,新疆维吾尔自治区阿勒泰地区富蕴县,https://xjfy.gov.cn
654323.0,新疆维吾尔自治区阿勒泰地区福海县,https://www.xjfhx.gov.cn
654324.0,新疆维吾尔自治区阿勒泰地区哈巴河县,https://www.hbh.gov.cn
654325.0,新疆维吾尔自治区阿勒泰地区青河县,https://www.xjqh.gov.cn
654326.0,新疆维吾尔自治区阿勒泰地区吉木乃县,https://www.jmn.gov.cn
659001.0,新疆维吾尔自治区阿勒泰地区石河子市*,http://www.shz.gov.cn
659002.0,新疆维吾尔自治区阿勒泰地区阿拉尔市*,http://www.ale.gov.cn
659003.0,新疆维吾尔自治区阿勒泰地区图木舒克市*,https://www.xjbtnss.gov.cn
659004.0,新疆维吾尔自治区阿勒泰地区五家渠市*,http://www.wjq.gov.cn
659005.0,新疆维吾尔自治区阿勒泰地区北屯市*,http://www.bts.gov.cn
659006.0,新疆维吾尔自治区阿勒泰地区铁门关市*,https://www.tmg.gov.cn
659007.0,新疆维吾尔自治区阿勒泰地区双河市*,http://www.xjshs.gov.cn
659008.0,新疆维吾尔自治区阿勒泰地区可克达拉市*,http://www.cocodala.gov.cn
659009.0,新疆维吾尔自治区阿勒泰地区昆玉市*,https://www.btdsss.gov.cn
659010.0,新疆维吾尔自治区阿勒泰地区胡杨河市*,http://www.nqs.gov.cn
659011.0,新疆维吾尔自治区阿勒泰地区新星市*,http://www.btnsss.gov.cn
659012.0,新疆维吾尔自治区阿勒泰地区白杨市*,http://www.njs.gov.cn
