name,location,trade,grade_type,attribution,url
北京大学第一医院,北京市,公立医院,三甲,综合医院,https://www.pkufh.com
北京大学人民医院,北京市,公立医院,三甲,综合医院,https://www.pkuph.cn
北京积水潭医院,北京市,公立医院,三甲,综合医院,https://www.jst-hosp.com.cn/Html/Index.html
北京市第一中西医结合医院,北京市,公立医院,三甲,综合医院,https://www.zxyjh.com.cn
北京协和医院,北京市,公立医院,三甲,综合医院,https://www.pumch.cn
北京医院,北京市,公立医院,三甲,综合医院,http://www.bjhmoh.cn
北京中医药大学东直门医院,北京市,公立医院,三甲,综合医院,https://www.dzmyy.com.cn
解放军总医院第七医学中心,北京市,公立医院,三甲,综合医院,https://www.ccmu.edu.cn
首都医科大学附属北京安贞医院,北京市,公立医院,三甲,综合医院,https://www.anzhen.org
首都医科大学附属北京世纪坛医院,北京市,公立医院,三甲,综合医院,https://www.bjtth.org
首都医科大学附属北京天坛医院,北京市,公立医院,三甲,综合医院,https://www.bjtth.org
首都医科大学附属北京同仁医院,北京市,公立医院,三甲,综合医院,https://www.trhos.com
首都医科大学附属北京友谊医院,北京市,公立医院,三甲,综合医院,http://www.bfh.com.cn
首都医科大学附属北京朝阳医院,北京市,公立医院,三甲,综合医院,https://www.bjcyh.com.cn
首都医科大学宣武医院,北京市,公立医院,三甲,综合医院,https://xyk.xwhosp.com.cn
中日友好医院,北京市,公立医院,三甲,综合医院,https://lib.zryhyy.com.cn
北京大学第一医院大兴南院区,北京市,公立医院,三甲,综合医院,https://www.pkufh.com
北京地坛医院顺义院区,北京市,公立医院,三甲,综合医院,https://news.qq.com
北京积水潭医院回龙观院区,北京市,公立医院,三甲,综合医院,https://www.jst-hosp.com.cn
北京市第六医院,北京市,公立医院,三甲,综合医院,https://www.pkuh6.cn
北京市肛肠医院,北京市,公立医院,三甲,综合医院,https://www.ellhospital.com
北京协和医院西院,北京市,公立医院,三甲,综合医院,https://www.pumch.cn
北京友谊医院顺义院区,北京市,公立医院,三甲,综合医院,http://www.bjygzx.org.cn
北京朝阳医院京西院区,北京市,公立医院,三甲,综合医院,https://www.bjcyh.com.cn
北京中医药大学第三附属医院,北京市,公立医院,三甲,综合医院,https://www.zydsy.com
北京中医药大学东方医院,北京市,公立医院,三甲,综合医院,https://www.dongfangyy.com.cn
北京中医药大学东方医院西院区,北京市,公立医院,三甲,综合医院,https://www.dongfangyy.com.cn
北京中医药大学东直门医院东区,北京市,公立医院,三甲,综合医院,https://www.dzmyy.com.cn
解放军总医院第八医学中心,北京市,公立医院,三甲,综合医院,https://www.301hospital.com.cn
解放军总医院第六医学中心,北京市,公立医院,三甲,综合医院,http://www.hjzyy.mil.cn
解放军总医院第七医学中心东区,北京市,公立医院,三甲,综合医院,
解放军总医院第三医学中心,北京市,公立医院,三甲,综合医院,https://www.301hospital.com.cn
解放军总医院第四医学中心,北京市,公立医院,三甲,综合医院,https://www.301hospital.com.cn
首都医科大学附属北京同仁医院南区,北京市,公立医院,三甲,综合医院,http://www.trhos.com
武警北京市总队第二医院,北京市,公立医院,三甲,综合医院,http://www.e-medicine.cn
武警北京市总队医院,北京市,公立医院,三甲,综合医院,http://www.chealth.org.cn
战略支援部队特色医学中心,北京市,公立医院,三甲,综合医院,https://www.455hospital.cn
中国人民解放军第三0六医院,北京市,公立医院,三甲,综合医院,https://www.81.cn
中国人民解放军第三〇七医院,北京市,公立医院,三甲,综合医院,
中国人民解放军火箭军总医院,北京市,公立医院,三甲,综合医院,https://www.301hospital.com.cn
中国人民解放军空军航空医学研究所附属医院,北京市,公立医院,三甲,综合医院,https://www.kjtsyxzx.mil.cn
中国人民解放军空军总医院,北京市,公立医院,三甲,综合医院,https://www.301hospital.com.cn
中国人民解放军总医院,北京市,公立医院,三甲,综合医院,https://www.301hospital.com.cn
中国中医科学院广安门医院,北京市,公立医院,三甲,综合医院,https://gamhospital.ac.cn
中国中医科学院西苑医院,北京市,公立医院,三甲,综合医院,https://www.xyhospital.com
北京市平谷区中医医院,北京市,公立医院,三甲,专科医院,http://www.pgzyy.cn
首都儿科研究所附属儿童医院,北京市,公立医院,三甲,专科医院,https://www.shouer.com.cn
首都医科大学附属北京地坛医院,北京市,公立医院,三甲,专科医院,https://www.bjdth.com
首都医科大学附属北京儿童医院,北京市,公立医院,三甲,专科医院,https://www.bch.com.cn
首都医科大学附属北京胸科医院,北京市,公立医院,三甲,专科医院,https://www.bjxkyy.cn
中国医学科学院阜外医院,北京市,公立医院,三甲,专科医院,https://www.fuwaihospital.org
中国医学科学院整形外科医院,北京市,公立医院,三甲,专科医院,http://www.zhengxing.com.cn
北京大学第六医院,北京市,公立医院,三甲,专科医院,http://pkuh6.cn
北京大学肿瘤医院,北京市,公立医院,三甲,专科医院,https://www.bjcancer.org
北京回龙观医院,北京市,公立医院,三甲,专科医院,https://www.bhlgh.com
北京结核病控制研究所,北京市,公立医院,三甲,专科医院,https://www.bjcdc.org
北京军区总医院附属八一儿童医院,北京市,公立医院,三甲,专科医院,https://www.myzx.cn
北京市昌平区中西医结合医院,北京市,公立医院,三甲,专科医院,https://www.zxyjh.com.cn
北京市昌平区中医医院,北京市,公立医院,三甲,专科医院,https://bjcpqyywx.com.cn
北京市第一中西医结合医院东坝院区,北京市,公立医院,三甲,专科医院,
北京市房山区中医医院,北京市,公立医院,三甲,专科医院,https://www.fszyy.com
北京市丰台中西医结合医院,北京市,公立医院,三甲,专科医院,https://www.bjsftzxyjhyy.com
北京市和平里医院,北京市,公立医院,三甲,专科医院,https://www.bjhplyy.com
北京市护国寺中医院,北京市,公立医院,三甲,专科医院,http://www.hgsyiyuan.com
北京市急救中心,北京市,公立医院,三甲,专科医院,https://www.beijing120.com
北京中医医院,北京市,公立医院,三甲,专科医院,https://www.bjzhongyi.com
解放军总医院第五医学中心,北京市,公立医院,三甲,专科医院,http://www.301hospital-5.mil.cn
首都儿科研究所廊坊儿童医院,北京市,公立医院,三甲,专科医院,https://www.163.com
首都医科大学附属北京安定医院,北京市,公立医院,三甲,专科医院,https://www.bjad.com.cn
首都医科大学附属北京妇产医院,北京市,公立医院,三甲,专科医院,https://www.bjogh.com.cn
首都医科大学附属北京口腔医院,北京市,公立医院,三甲,专科医院,https://www.dentist.org.cn
首都医科大学附属北京佑安医院,北京市,公立医院,三甲,专科医院,http://www.bjyah.com
中国康复研究中心,北京市,公立医院,三甲,专科医院,https://www.crrc.com.cn
中国人民解放军第三〇五医院,北京市,公立医院,三甲,专科医院,
中国医学科学院肿瘤医院,北京市,公立医院,三甲,专科医院,https://www.cicams.ac.cn
中国中医科学院望京医院,北京市,公立医院,三甲,专科医院,https://www.wjhospital.com.cn
中国中医科学院眼科医院,北京市,公立医院,三甲,专科医院,https://www.ykhospital.com.cn
武警北京总队第三医院,北京市,公立医院,三乙,综合医院,http://www.e-medicine.cn
中国人民解放军联勤保障部队第九八四医院,北京市,公立医院,三乙,综合医院,http://904yy.mil.cn
北京市安康医院,北京市,公立医院,三乙,专科医院,https://news.sina.com.cn
北京市宣武中医医院,北京市,公立医院,三乙,专科医院,http://www.xwzy.com.cn
北京市门头沟区中医院,北京市,公立医院,二甲,综合医院,http://www.mtgzyy.com
北京市延庆区医院,北京市,公立医院,二甲,综合医院,http://www.bjyqyy.cn
北京市中关村医院,北京市,公立医院,二甲,综合医院,https://www.zgchospital.com
北京大学第一医院丰台医院,北京市,公立医院,二甲,综合医院,https://www.pkufh.com
北京市第二医院,北京市,公立医院,二甲,综合医院,https://www.bjsdeyy.com
北京市第四社会福利医院,北京市,公立医院,二甲,综合医院,http://www.bjhmoh.cn
北京市房山区第一医院,北京市,公立医院,二甲,综合医院,https://www.bjfsyy.com
北京市回民医院,北京市,公立医院,二甲,综合医院,
北京市惠新医院,北京市,公立医院,二甲,综合医院,
北京市健宫医院,北京市,公立医院,二甲,综合医院,https://www.bjsjgyy.com
北京市门头沟区医院,北京市,公立医院,二甲,综合医院,https://www.mtgqyy.cn
北京市普仁医院,北京市,公立医院,二甲,综合医院,
北京市仁和医院,北京市,公立医院,二甲,综合医院,http://www.bjrhyy.cn
北京市石景山医院,北京市,公立医院,二甲,综合医院,https://www.bjsjsyy.com.cn
北京市西城区平安医院,北京市,公立医院,二甲,综合医院,http://www.xcqpayy.com
北京水利医院,北京市,公立医院,二甲,综合医院,
北京藏医院,北京市,公立医院,二甲,综合医院,https://www.bjzangyiyuan.cn
东城区第一人民医院,北京市,公立医院,二甲,综合医院,
航天七三一医院,北京市,公立医院,二甲,综合医院,https://www.gtbjah.cn
清华大学玉泉医院,北京市,公立医院,二甲,综合医院,http://www.yuquanhosp.com
中国科学院大学附属北京怀柔医院,北京市,公立医院,二甲,综合医院,https://www.bjhrh.cn
中国人民解放军第二六三医院,北京市,公立医院,二甲,综合医院,https://www.miaoshou.net
中国人民解放军六六0五五医院,北京市,公立医院,二甲,综合医院,
中国人民解放军三一六医院,北京市,公立医院,二甲,综合医院,https://www.myzx.cn
中国人民解放军五一一一二医院,北京市,公立医院,二甲,综合医院,http://www.302hospital.com
中国人民解放军五一一一六医院,北京市,公立医院,二甲,综合医院,https://yyk.familydoctor.com.cn
北京市海淀区妇幼保健院,北京市,公立医院,二甲,专科医院,http://www.hdfybjy.com
北京市顺义区妇幼保健院,北京市,公立医院,二甲,专科医院,https://www.bch-syfy.cn
北京儿童医院顺义妇儿医院,北京市,公立医院,二甲,专科医院,https://www.bch-syfy.cn
北京侯丽萍风湿病中医医院,北京市,公立医院,二甲,专科医院,
北京民康医院,北京市,公立医院,二甲,专科医院,
北京市昌平区妇幼保健院,北京市,公立医院,二甲,专科医院,
北京市大兴区妇幼保健院,北京市,公立医院,二甲,专科医院,
北京市大兴区精神病医院,北京市,公立医院,二甲,专科医院,http://www.dxbughouse.com
北京市东城区第二妇幼保健院,北京市,公立医院,二甲,专科医院,
北京市东城区第一妇幼保健院,北京市,公立医院,二甲,专科医院,https://www.51mch.com
北京市房山区妇幼保健院,北京市,公立医院,二甲,专科医院,https://www.chunyuyisheng.com
北京市海淀区青龙桥医院,北京市,公立医院,二甲,专科医院,https://www.hdhospital.com
北京市化工职业病防治院,北京市,公立医院,二甲,专科医院,https://www.bjhgzfy.cn
北京市怀柔区妇幼保健院,北京市,公立医院,二甲,专科医院,
北京市密云区中医医院,北京市,公立医院,二甲,专科医院,https://zyj.beijing.gov.cn
北京市通州区妇幼保健院,北京市,公立医院,二甲,专科医院,https://www.bjtzfy.com
北京市通州区中西医结合医院,北京市,公立医院,二甲,专科医院,
北京市延庆区妇幼保健院,北京市,公立医院,二甲,专科医院,http://zhengxie.bjyq.gov.cn
北京市朝阳区妇儿医院,北京市,公立医院,二甲,专科医院,
北京市朝阳区中医院,北京市,公立医院,二甲,专科医院,https://www.cyszxyy.com
北京同济东方中西医结合医院,北京市,公立医院,二甲,专科医院,
北京中医医院延庆医院,北京市,公立医院,二甲,专科医院,https://www.bjzyyyyqyy.com
昌平区天通苑中医医院,北京市,公立医院,二甲,专科医院,https://bjscpqttyzyyy.com
中国残疾人联合会北京按摩医院,北京市,公立医院,二甲,专科医院,https://www.cdpf.org.cn
中国人民解放军六六四00部队医院,北京市,公立医院,二甲,专科医院,https://news.qq.com
中国中医科学院广安门医院南区,北京市,公立医院,二甲,专科医院,http://www.gamhnq.cn
北京南口铁路医院,北京市,公立医院,二乙,综合医院,
北京市昌平区南口医院,北京市,公立医院,二乙,综合医院,https://bjcpqyywx.com.cn
北京市昌平区沙河医院,北京市,公立医院,二乙,综合医院,https://bjcpqyywx.com.cn
北京市崇文区体育馆路医院,北京市,公立医院,二乙,综合医院,http://cwmzyyy.com
北京市丰台区南苑医院,北京市,公立医院,二乙,综合医院,https://www.nyyy.cn
北京市丰台区铁营医院,北京市,公立医院,二乙,综合医院,http://www.tyyy.com.cn
北京市平谷区第二医院,北京市,公立医院,二乙,综合医院,http://www.pgyy.com
北京市顺义区空港医院,北京市,公立医院,二乙,综合医院,
北京市西城区广外医院,北京市,公立医院,二乙,综合医院,
北京市羊坊店医院,北京市,公立医院,二乙,综合医院,https://www.miaoshou.net
北京市展览路医院,北京市,公立医院,二乙,综合医院,
清华大学校医院,北京市,公立医院,二乙,综合医院,https://xyy.tsinghua.edu.cn
通州区第三医院,北京市,公立医院,二乙,综合医院,https://www.ntdsyy.com
北京市昌平区精神卫生保健院,北京市,公立医院,二乙,专科医院,https://www.bjchp.gov.cn
北京市丰台区妇幼保健院,北京市,公立医院,二乙,专科医院,http://www.bjftfy.com
北京市平谷区精神病医院,北京市,公立医院,二乙,专科医院,http://www.pgyy.com
北京市石景山区中医院,北京市,公立医院,二乙,专科医院,https://www.bjsjsyy.com.cn
北京市朝阳区第三医院,北京市,公立医院,二乙,专科医院,https://www.puh3.net.cn
北京大学第一医院肿瘤诊所中心,北京市,公立医院,二丙,综合医院,https://www.pkufh.com
北京怡德医院,北京市,私立医院,二甲,综合医院,https://www.edencare.com.cn
北京宜和医院,北京市,私立医院,二甲,综合医院,https://lidu.amcare.com.cn
北京万杰医院,北京市,私立医院,二甲,综合医院,https://zyy.yilianmeiti.com
北京德尔康尼骨科医院,北京市,私立医院,二甲,专科医院,https://www.dcn.org.cn
北京美中宜和北三环妇儿医院,北京市,私立医院,二甲,专科医院,https://www.baodaohealth.com
北京东苑中医医院,北京市,私立医院,二甲,专科医院,https://www.bucm.edu.cn
铁道部南口机车车辆厂医院,北京市,私立医院,二乙,综合医院,https://www.zgylbx.com
北京同仁堂中医医院,北京市,私立医院,二乙,专科医院,https://zyyy.tongrentang.com
北京朝阳三环肿瘤医院,北京市,私立医院,二乙,专科医院,https://www.shhospital.com.cn
北京家恩德运医院,北京市,私立医院,一甲,综合医院,https://www.jiaenhospital.com
保定市脑血管病医院,北京市,私立医院,一丙,专科医院,http://bjnxgbyy.com
北京昌平北城中医医院,北京市,私立医院,一级,综合医院,http://www.bczyyy.com
北京霍普医院,北京市,私立医院,一级,综合医院,
北京善方医院,北京市,私立医院,一级,综合医院,https://www.prnasia.com
北京熙仁医院,北京市,私立医院,一级,综合医院,https://m.jianke.com
北京优联医院,北京市,私立医院,一级,综合医院,http://www.hnaunicare.com
北京昭德医院,北京市,私立医院,一级,综合医院,
北京爱尔眼科医院有限公司,北京市,私立医院,一级,专科医院,http://www.intecheye.com
北京爱尔英智眼科医院,北京市,私立医院,一级,专科医院,http://www.intecheye.com
北京东区儿童医院,北京市,私立医院,一级,专科医院,http://www.bche.cn
北京华厦民众眼科医院,北京市,私立医院,一级,专科医院,https://www.mzeyes.com
北京劲松中西医结合医院,北京市,私立医院,一级,专科医院,http://www.bjjszyyy.com
北京和睦家医院,北京市,私立医院,未定级,综合医院,https://beijing.ufh.com.cn
北京莱佛士医院,北京市,私立医院,未定级,综合医院,https://www.rafflesmedicalchina.com
北京南加门诊部,北京市,私立医院,未定级,综合医院,https://www.nyyy.cn
北京天坛普华医院,北京市,私立医院,未定级,综合医院,https://www.puhuachina.cn
北京铂林眼科诊所,北京市,私立医院,未定级,专科医院,https://www.bolineyecare.com
北京昌平华佑医院,北京市,私立医院,未定级,专科医院,http://www.ihuayou.com
北京慈禄儿科门诊部,北京市,私立医院,未定级,专科医院,https://zyj.beijing.gov.cn
北京丰联嘉悦丽格眼科诊所有限公司,北京市,私立医院,未定级,专科医院,https://www.meipian.cn
北京青苗口腔门诊部,北京市,私立医院,未定级,专科医院,https://www.ikidsmile.com
首都医科大学三博脑科医院,北京市,私立医院,未定级,专科医院,https://m.sbnk.cn
复旦大学附属华山医院,上海市,公立医院,三甲,综合医院,https://www.huashan.org.cn
复旦大学附属中山医院,上海市,公立医院,三甲,综合医院,http://www.zs-hospital.sh.cn
上海长征医院,上海市,公立医院,三甲,综合医院,http://www.shczyy.com
上海第二军医大学附属东方肝胆外科医院,上海市,公立医院,三甲,综合医院,https://www.mfk.com
上海交通大学医学院附属仁济医院,上海市,公立医院,三甲,综合医院,https://www.renji.com
上海交通大学医学院附属瑞金医院,上海市,公立医院,三甲,综合医院,https://www.rjh.com.cn
上海交通大学医学院附属新华医院,上海市,公立医院,三甲,综合医院,https://www.xinhuamed.com.cn
上海市宝山区中西医结合医院,上海市,公立医院,三甲,综合医院,
上海市第六人民医院,上海市,公立医院,三甲,综合医院,https://www.6thhosp.com
上海市第六人民医院东院,上海市,公立医院,三甲,综合医院,https://news.qq.com
上海市第十人民医院,上海市,公立医院,三甲,综合医院,https://www.shdsyy.com.cn
上海市第一人民医院,上海市,公立医院,三甲,综合医院,http://www.firsthospital.cn
上海市东方医院,上海市,公立医院,三甲,综合医院,https://www.easthospital.cn
上海市同济医院,上海市,公立医院,三甲,综合医院,https://www.tongjihospital.com.cn
上海市中西医结合医院,上海市,公立医院,三甲,综合医院,https://www.stcmih.com
上海市中医医院,上海市,公立医院,三甲,综合医院,https://www.szy.sh.cn
上海中医药大学附属龙华医院,上海市,公立医院,三甲,综合医院,https://www.longhua.net
第二军医大学第三附属医院安亭新院,上海市,公立医院,三甲,综合医院,http://www.e-medicine.cn
复旦大学附属华山医院北院,上海市,公立医院,三甲,综合医院,https://www.huashan.org.cn
复旦大学附属华山医院东院,上海市,公立医院,三甲,综合医院,https://www.huashan.org.cn
上海长海医院,上海市,公立医院,三甲,综合医院,https://www.chhospital.com.cn
上海华东医院,上海市,公立医院,三甲,综合医院,https://www.huadonghospital.com
上海交通大学医学院附属第九人民医院,上海市,公立医院,三甲,综合医院,https://www.9hospital.com.cn
上海交通大学医学院附属第九人民医院北院,上海市,公立医院,三甲,综合医院,https://www.9hospital.com.cn
上海交通大学医学院附属仁济医院北院,上海市,公立医院,三甲,综合医院,https://www.renji.com
上海交通大学医学院附属仁济医院东院,上海市,公立医院,三甲,综合医院,https://www.renji.com
上海交通大学医学院附属仁济医院南院,上海市,公立医院,三甲,综合医院,https://www.renji.com
上海中医药大学附属曙光医院,上海市,公立医院,三甲,综合医院,https://www.sgyy.cn
上海中医药大学附属曙光医院东院,上海市,公立医院,三甲,综合医院,https://www.sgyy.cn
中国人民解放军第四五五医院,上海市,公立医院,三甲,综合医院,https://www.455hospital.cn
中国人民解放军第四一一医院,上海市,公立医院,三甲,综合医院,https://m.miaoshou.net
中国人民解放军海军第九Ｏ五医院,上海市,公立医院,三甲,综合医院,http://905yy.mil.cn
中国人民武装警察部队上海总队医院,上海市,公立医院,三甲,综合医院,http://www.e-medicine.cn
复旦大学附属儿科医院,上海市,公立医院,三甲,专科医院,https://ch.shmu.edu.cn
复旦大学附属妇产科医院,上海市,公立医院,三甲,专科医院,https://www.fckyy.org.cn
复旦大学附属肿瘤医院,上海市,公立医院,三甲,专科医院,https://www.shca.org.cn
上海市第一妇婴保健院,上海市,公立医院,三甲,专科医院,https://www.51mch.com
上海市肺科医院,上海市,公立医院,三甲,专科医院,https://www.shsfkyy.com
上海市公共卫生临床中心,上海市,公立医院,三甲,专科医院,https://www.shaphc.org
上海市精神卫生中心,上海市,公立医院,三甲,专科医院,https://www.smhc.org.cn
上海市口腔医院,上海市,公立医院,三甲,专科医院,https://www.shssdc.com
上海中医药大学附属岳阳中西医结合医院,上海市,公立医院,三甲,专科医院,https://www.shyueyanghospital.com
中国福利会国际和平妇幼保健院,上海市,公立医院,三甲,专科医院,https://www.ipmch.com.cn
复旦大学附属眼耳鼻喉科医院,上海市,公立医院,三甲,专科医院,https://www.fdeent.org
上海交通大学医学院附属上海儿童医学中心,上海市,公立医院,三甲,专科医院,http://www.scmc.com.cn
上海市儿童医院,上海市,公立医院,三甲,专科医院,https://www.shchildren.com.cn
上海市光华中西医结合医院,上海市,公立医院,三甲,专科医院,https://www.ghhospital.com.cn
上海市精神卫生中心闵行院区,上海市,公立医院,三甲,专科医院,https://www.smhc.org.cn
上海市浦东新区传染病医院,上海市,公立医院,三甲,专科医院,
上海市胸科医院,上海市,公立医院,三甲,专科医院,https://www.shxkyy.com
复旦大学附属金山医院,上海市,公立医院,三乙,综合医院,https://www.jinshanhos.org.cn
复旦大学附属上海市第五人民医院,上海市,公立医院,三乙,综合医院,https://www.5thhospital.com
复旦大学附属中山医院青浦分院,上海市,公立医院,三乙,综合医院,https://www.qphospital.com.cn
上海市奉贤区中心医院,上海市,公立医院,三乙,综合医院,https://www.myzx.cn
上海市闵行区中心医院,上海市,公立医院,三乙,综合医院,https://www.mh-hospital.sh.cn
上海市浦东新区公利医院,上海市,公立医院,三乙,综合医院,https://www.glhospital.com
上海市浦东新区人民医院,上海市,公立医院,三乙,综合医院,https://www.shpdph.cn
上海市浦东医院,上海市,公立医院,三乙,综合医院,https://www.shpdh.org
上海市普陀区中心医院,上海市,公立医院,三乙,综合医院,https://m.youlai.cn
上海市松江区中心医院,上海市,公立医院,三乙,综合医院,https://www.sjzxyy.com
上海市同仁医院,上海市,公立医院,三乙,综合医院,https://www.shtrhospital.com
上海市徐汇区中心医院,上海市,公立医院,三乙,综合医院,https://m.youlai.cn
上海市杨浦区中心医院,上海市,公立医院,三乙,综合医院,https://www.shypzx.com
上海交通大学医学院附属新华医院崇明分院,上海市,公立医院,三乙,综合医院,https://m.haodf.com
上海市青浦区中心医院,上海市,公立医院,三乙,综合医院,https://www.myzx.cn
同济大学附属杨浦医院,上海市,公立医院,三乙,综合医院,https://www.shypzx.com
上海市第一康复医院,上海市,公立医院,三乙,专科医院,
上海市眼科医院,上海市,公立医院,三乙,专科医院,https://www.shsyf.com
上海市宝山区大场医院,上海市,公立医院,二甲,综合医院,
上海市宝山区仁和医院,上海市,公立医院,二甲,综合医院,
上海市第八人民医院,上海市,公立医院,二甲,综合医院,https://hxhr.cd120.com
上海市嘉定区南翔医院,上海市,公立医院,二甲,综合医院,
上海市嘉定区中心医院,上海市,公立医院,二甲,综合医院,https://www.jdhospital.com
上海市浦东新区周浦医院,上海市,公立医院,二甲,综合医院,https://www.zphospital.com
上海中冶医院,上海市,公立医院,二甲,综合医院,http://www.mccshhospital.com
复旦大学附属中山医院分部,上海市,公立医院,二甲,综合医院,http://www.zs-hospital.sh.cn
上海海港医院,上海市,公立医院,二甲,综合医院,https://www.ythghospital.com
上海建工医院,上海市,公立医院,二甲,综合医院,https://shjgyy.scg.com.cn
上海交通大学医学院附属瑞金医院卢湾分院,上海市,公立医院,二甲,综合医院,https://www.rjlwh.com.cn
上海交通大学医学院附属同仁医院仙霞路院区,上海市,公立医院,二甲,综合医院,https://www.shtrhospital.com
上海浦东新区光明中医医院,上海市,公立医院,二甲,综合医院,
上海市第二人民医院,上海市,公立医院,二甲,综合医院,https://news.qq.com
上海市第六人民医院金山分院,上海市,公立医院,二甲,综合医院,https://www.jszxyy.net.cn
上海市第四人民医院,上海市,公立医院,二甲,综合医院,https://www.sh4th.com
上海市第一人民医院宝山分院,上海市,公立医院,二甲,综合医院,
上海市第一人民医院松江南院,上海市,公立医院,二甲,综合医院,http://www.firsthospital.cn
上海市奉贤区奉城人民医院,上海市,公立医院,二甲,综合医院,http://www.shfa120.com
上海市海员医院,上海市,公立医院,二甲,综合医院,
上海市黄浦区中心医院,上海市,公立医院,二甲,综合医院,
上海市黄浦区中心医院分部,上海市,公立医院,二甲,综合医院,https://www.fckyy.org.cn
上海市江湾医院,上海市,公立医院,二甲,综合医院,
上海市静安区市北医院,上海市,公立医院,二甲,综合医院,
上海市静安区闸北中心医院,上海市,公立医院,二甲,综合医院,
上海市静安区中心医院,上海市,公立医院,二甲,综合医院,http://www.chealth.org.cn
上海市浦东新区浦南医院,上海市,公立医院,二甲,综合医院,https://www.punanhospital.com
上海市普陀区利群医院,上海市,公立医院,二甲,综合医院,http://www.liqun.org
上海市杨浦区民星地段医院,上海市,公立医院,二甲,综合医院,
上海市杨浦区市东医院,上海市,公立医院,二甲,综合医院,https://www.shpdh.org
上海邮电医院,上海市,公立医院,二甲,综合医院,
中国人民解放军第108医院,上海市,公立医院,二甲,综合医院,
上海市长宁区妇幼保健院,上海市,公立医院,二甲,专科医院,http://www.shcnfb.cn
复旦大学附属肿瘤医院闵行分院,上海市,公立医院,二甲,专科医院,https://www.shca.org.cn
复旦大学医学院医疗保健中心,上海市,公立医院,二甲,专科医院,https://shmc.fudan.edu.cn
静安区中医医院,上海市,公立医院,二甲,专科医院,
上海衡山虹妇幼医院,上海市,公立医院,二甲,专科医院,
上海市宝山区妇幼保健所,上海市,公立医院,二甲,专科医院,
上海市宝山区精神卫生中心,上海市,公立医院,二甲,专科医院,https://www.shbsq.gov.cn
上海市宝山区中医院,上海市,公立医院,二甲,专科医院,https://www.shutcm.edu.cn
上海市长宁区天山中医医院,上海市,公立医院,二甲,专科医院,https://m.fh21.com.cn
上海市第二肺科医院,上海市,公立医院,二甲,专科医院,
上海市奉贤区海湾医院,上海市,公立医院,二甲,专科医院,https://xxgk.fengxian.gov.cn
上海市奉贤区中医医院,上海市,公立医院,二甲,专科医院,
上海市虹口区妇幼保健院,上海市,公立医院,二甲,专科医院,
上海市虹口区精神卫生中心,上海市,公立医院,二甲,专科医院,https://www.smhc.org.cn
上海市黄浦区妇幼保健院,上海市,公立医院,二甲,专科医院,https://new.qq.com
上海市黄浦区中西医结合医院,上海市,公立医院,二甲,专科医院,https://www.stcmih.com
上海市嘉定区妇幼保健院,上海市,公立医院,二甲,专科医院,
上海市嘉定区精神卫生中心,上海市,公立医院,二甲,专科医院,https://www.smhc.org.cn
上海市嘉定区中医院,上海市,公立医院,二甲,专科医院,https://www.jdhospital.com
上海市静安区精神卫生中心,上海市,公立医院,二甲,专科医院,https://www.smhc.org.cn
上海市金山区中西医结合医院,上海市,公立医院,二甲,专科医院,http://www.jszxy.cn
上海市卢湾区妇幼保健院,上海市,公立医院,二甲,专科医院,
上海市闵行区中医医院,上海市,公立医院,二甲,专科医院,http://www.tcmmh.com
上海市南市区精神病防治院,上海市,公立医院,二甲,专科医院,https://www.smhc.org.cn
上海市浦东新区妇幼保健院,上海市,公立医院,二甲,专科医院,https://www.51mch.com
上海市浦东新区精神卫生中心,上海市,公立医院,二甲,专科医院,https://www.shspdjw.com
上海市浦东新区中医医院,上海市,公立医院,二甲,专科医院,http://www.xupu120.com
上海市普陀区妇幼保健院,上海市,公立医院,二甲,专科医院,https://www.huikang120.com
上海市普陀区中医医院,上海市,公立医院,二甲,专科医院,https://www.shpt.gov.cn
上海市青浦区中医院,上海市,公立医院,二甲,专科医院,https://mip.mfk.com
上海市松江区方塔中医院,上海市,公立医院,二甲,专科医院,https://www.sgyy.cn
上海市松江区精神卫生中心,上海市,公立医院,二甲,专科医院,https://www.smhc.org.cn
上海市香山中医医院,上海市,公立医院,二甲,专科医院,
上海市杨浦区精神卫生中心,上海市,公立医院,二甲,专科医院,https://www.sumhs.edu.cn
上海市养志康复医院,上海市,公立医院,二甲,专科医院,https://www.shygkf.org.cn
民航上海医院,上海市,公立医院,二乙,综合医院,
上海市金山区亭林医院,上海市,公立医院,二乙,综合医院,
上海第一钢铁厂职工医院,上海市,公立医院,二乙,综合医院,
上海航道医院,上海市,公立医院,二乙,综合医院,
上海市宝山区罗店医院,上海市,公立医院,二乙,综合医院,https://www.myzx.cn
上海市北站医院,上海市,公立医院,二乙,综合医院,https://news.qq.com
上海市崇明区第三人民医院,上海市,公立医院,二乙,综合医院,
上海市第十人民医院崇明分院,上海市,公立医院,二乙,综合医院,https://www.shdsyy.com.cn
上海市公惠医院,上海市,公立医院,二乙,综合医院,
上海市监狱总医院,上海市,公立医院,二乙,综合医院,
上海市闵行区吴泾医院,上海市,公立医院,二乙,综合医院,
上海市普陀区中山北路街道医院,上海市,公立医院,二乙,综合医院,https://m.youlai.cn
上海市松江区九亭医院,上海市,公立医院,二乙,综合医院,https://m.youlai.cn
上海市松江区乐都医院,上海市,公立医院,二乙,综合医院,https://www.163.com
上海市松江区泗泾医院,上海市,公立医院,二乙,综合医院,https://www.sjzxyy.com
上海市徐汇区大华医院,上海市,公立医院,二乙,综合医院,
上海市徐汇区日晖地段医院,上海市,公立医院,二乙,综合医院,https://ihealth.hospital-cas.cn
上海市徐汇区宛平地段医院,上海市,公立医院,二乙,综合医院,https://www.zgylbx.com
上海市杨浦区控江医院,上海市,公立医院,二乙,综合医院,
上海市远洋医院,上海市,公立医院,二乙,综合医院,
上海长航医院,上海市,公立医院,二乙,综合医院,https://www.chzyy.com.cn
上海中医药大学附属龙华医院浦东分院,上海市,公立医院,二乙,综合医院,https://www.longhua.net
上海市奉贤区牙病防治所,上海市,公立医院,二乙,专科医院,
上海市瑞金康复医院,上海市,公立医院,二乙,专科医院,https://www.rjh.com.cn
崇明区传染病医院,上海市,公立医院,二乙,专科医院,
崇明县精神卫生中心,上海市,公立医院,二乙,专科医院,https://www.smhc.org.cn
上海市崇明区妇幼保健所,上海市,公立医院,二乙,专科医院,https://www.xinhuachongming.com
上海市崇明区康乐医院,上海市,公立医院,二乙,专科医院,
上海市第二精神病康复院,上海市,公立医院,二乙,专科医院,https://www.smhc.org.cn
上海市奉贤区古华医院,上海市,公立医院,二乙,专科医院,
上海市虹口区牙病防治所,上海市,公立医院,二乙,专科医院,https://www.shhk.gov.cn
上海市黄浦区精神卫生中心,上海市,公立医院,二乙,专科医院,https://www.smhc.org.cn
上海市黄浦区牙病防治所,上海市,公立医院,二乙,专科医院,
上海市嘉定区牙病防治所,上海市,公立医院,二乙,专科医院,http://www.cohf.cn
上海市静安区妇幼保健所,上海市,公立医院,二乙,专科医院,https://www.jingan.gov.cn
上海市静安区老年医院,上海市,公立医院,二乙,专科医院,
上海市静安区老年医院分院,上海市,公立医院,二乙,专科医院,
上海市静安区牙病防治所,上海市,公立医院,二乙,专科医院,https://www.jingan.gov.cn
上海市卢湾区精神卫生中心,上海市,公立医院,二乙,专科医院,https://www.smhc.org.cn
上海市闵行区妇幼保健所,上海市,公立医院,二乙,专科医院,https://zwgk.shmh.gov.cn
上海市民政第一精神卫生中心,上海市,公立医院,二乙,专科医院,https://www.smhc.org.cn
上海市南汇区传染病医院,上海市,公立医院,二乙,专科医院,https://www.pudong.gov.cn
上海市南汇区结核病防治院,上海市,公立医院,二乙,专科医院,https://wsjkw.sh.gov.cn
上海市南汇区精神卫生中心,上海市,公立医院,二乙,专科医院,https://www.smhc.org.cn
上海市松江区妇幼保健院,上海市,公立医院,二乙,专科医院,
上海市杨浦区妇幼保健院,上海市,公立医院,二乙,专科医院,
上海市杨浦区中医医院,上海市,公立医院,二乙,专科医院,https://www.shypzx.com
上海市长宁区精神卫生中心,上海市,公立医院,二丙,专科医院,https://www.smhc.org.cn
上海市杨浦区牙病防治所,上海市,公立医院,二丙,专科医院,https://www.shyp.gov.cn
上海市奉贤区海湾镇社区卫生服务中心,上海市,公立医院,一甲,综合医院,https://xxgk.fengxian.gov.cn
上海市奉贤区青村镇社区卫生服务中心,上海市,公立医院,一甲,综合医院,https://xxgk.fengxian.gov.cn
上海市嘉定区外冈镇社区卫生服务中心,上海市,公立医院,一甲,综合医院,https://www.schp.sh.cn
上海市第二康复医院,上海市,公立医院,未定级,专科医院,
上海市第四康复医院,上海市,公立医院,未定级,专科医院,
上海远大心胸医院,上海市,私立医院,三丙,专科医院,
上海第一精神病康复院,上海市,私立医院,二甲,专科医院,https://www.smhc.org.cn
上海市黄浦区传染病医院,上海市,私立医院,二甲,专科医院,
南京晨光集团公司医院,上海市,私立医院,二乙,综合医院,
上海申东医院,上海市,私立医院,二乙,综合医院,
上海市燎原农场职工医院,上海市,私立医院,二乙,综合医院,
上海市青浦区朱家角人民医院,上海市,私立医院,二乙,综合医院,
上海爱尔眼科医院,上海市,私立医院,二乙,专科医院,http://www.aier021.com
上海市神州中医院,上海市,私立医院,二乙,专科医院,
上海新视界眼科医院,上海市,私立医院,一级,专科医院,http://www.neweye.cn
上海百汇医院,上海市,私立医院,未定级,综合医院,https://www.parkwaychina.com
上海德达医院,上海市,私立医院,未定级,综合医院,https://m.deltahealth.com.cn
上海德济医院,上海市,私立医院,未定级,综合医院,https://www.shneuro.org
上海德馨医院,上海市,私立医院,未定级,综合医院,http://www.dixin.cn
上海敦复医院,上海市,私立医院,未定级,综合医院,http://www.dfmedicalcenter.com
上海广慈纪念医院,上海市,私立医院,未定级,综合医院,https://www.meipian.cn
上海海华医院,上海市,私立医院,未定级,综合医院,https://www.shhhyy.com
上海和睦家新城医院,上海市,私立医院,未定级,综合医院,
上海和睦家医院,上海市,私立医院,未定级,综合医院,https://shanghai.ufh.com.cn
上海禾新医院,上海市,私立医院,未定级,综合医院,https://www.meipian.cn
上海莱佛士医院,上海市,私立医院,未定级,综合医院,https://www.rafflesmedicalchina.com
上海力泉医院,上海市,私立医院,未定级,综合医院,
上海全康医疗中心,上海市,私立医院,未定级,综合医院,http://ghcchina.com
上海申德医院,上海市,私立医院,未定级,综合医院,https://www.suntechospital.com
上海太平康复医院,上海市,私立医院,未定级,综合医院,http://www.ykkfyy.cn
上海天佑医院,上海市,私立医院,未定级,综合医院,https://news.qq.com
上海同合骨科医院,上海市,私立医院,未定级,综合医院,https://www.tophealth.com.cn
上海维乐美维医院,上海市,私立医院,未定级,综合医院,
上海沃德医疗中心,上海市,私立医院,未定级,综合医院,https://am-sino.com
上海曜影医院,上海市,私立医院,未定级,综合医院,https://www.sinounitedhealth.com.cn
上海闸新中西医结合医院,上海市,私立医院,未定级,综合医院,
上海贝瞳佳视眼科门诊部,上海市,私立医院,未定级,专科医院,http://www.neweyes.com.cn
上海慈源康复医院,上海市,私立医院,未定级,专科医院,
上海禾滨康复医院,上海市,私立医院,未定级,专科医院,https://www.hebinhospital.com
上海和平眼科医院,上海市,私立医院,未定级,专科医院,https://www.hpyk.com
上海开元骨科医院,上海市,私立医院,未定级,专科医院,https://www.columbia-kaiyuan.com
上海美华妇儿医院,上海市,私立医院,未定级,专科医院,https://sh.am-sino.com
上海美中嘉和肿瘤门诊部,上海市,私立医院,未定级,专科医院,http://app.mjhospital.com
上海孟超肿瘤医院,上海市,私立医院,未定级,专科医院,https://www.shcancer.com
上海品安亨廷顿妇科门诊部,上海市,私立医院,未定级,专科医院,https://www.care-u.com.tw
上海瑞慈水仙妇儿医院,上海市,私立医院,未定级,专科医院,
上海新道培血液病医院,上海市,私立医院,未定级,专科医院,
上海星晨儿童医院,上海市,私立医院,未定级,专科医院,https://m.haodf.com
上海新起点康复医院,上海市,私立医院,未定级,专科医院,
上海伊咏儿科门诊部,上海市,私立医院,未定级,专科医院,https://www.shchildren.com.cn
上海正中脊中医诊所,上海市,私立医院,未定级,专科医院,
北京大学深圳医院,广东省,公立医院,三甲,综合医院,https://www.pkuszh.com
东莞市第五人民医院,广东省,公立医院,三甲,综合医院,https://www.dgswy.com
东莞市人民医院,广东省,公立医院,三甲,综合医院,https://www.dgphospital.com
东莞市松山湖中心医院,广东省,公立医院,三甲,综合医院,https://www.dg3yy.com
佛山市第二人民医院,广东省,公立医院,三甲,综合医院,https://www.fsey.com
佛山市第一人民医院,广东省,公立医院,三甲,综合医院,https://www.fsyyy.com
佛山市南海区人民医院,广东省,公立医院,三甲,综合医院,https://www.nhrmyy.com
佛山市三水区人民医院,广东省,公立医院,三甲,综合医院,https://www.sshospital.cn
佛山市中医院,广东省,公立医院,三甲,综合医院,http://www.fstcm.com.cn
广东省第二人民医院,广东省,公立医院,三甲,综合医院,https://www.gd2h.com
广东省人民医院,广东省,公立医院,三甲,综合医院,https://www.e5413.com
广东药科大学附属第一医院,广东省,公立医院,三甲,综合医院,https://www.gy120.net
广东医科大学附属医院,广东省,公立医院,三甲,综合医院,https://www.gdmuah.com
广州市第一人民医院,广东省,公立医院,三甲,综合医院,https://www.gzhosp.cn
广州市第一人民医院南沙医院,广东省,公立医院,三甲,综合医院,https://www.gzhosp.cn
广州市番禺区中心医院,广东省,公立医院,三甲,综合医院,https://www.pyhospital.com.cn
广州医科大学附属第二医院,广东省,公立医院,三甲,综合医院,https://www.gyey.com
广州医科大学附属第三医院,广东省,公立医院,三甲,综合医院,http://gy3y.com
广州医科大学附属第一医院,广东省,公立医院,三甲,综合医院,https://www.gyfyy.com
广州医科大学附属中医医院,广东省,公立医院,三甲,综合医院,https://www.gzszyy.com
广州中医药大学第一附属医院白云医院,广东省,公立医院,三甲,综合医院,https://www.bytcm.com
惠州市第六人民医院,广东省,公立医院,三甲,综合医院,https://www.hzsdlrmyy.com
惠州市第三人民医院,广东省,公立医院,三甲,综合医院,https://www.hzdsrmyy.com
惠州市第一人民医院,广东省,公立医院,三甲,综合医院,https://m.hzfh.gd.cn
惠州市中大惠亚医院,广东省,公立医院,三甲,综合医院,http://www.zdhyyy.com
惠州市中心人民医院,广东省,公立医院,三甲,综合医院,https://www.hzch.gd.cn
江门市人民医院,广东省,公立医院,三甲,综合医院,http://www.jmszxyy.com.cn
江门市五邑中医院,广东省,公立医院,三甲,综合医院,https://www.51ht.com
江门市中心医院,广东省,公立医院,三甲,综合医院,http://www.jmszxyy.com.cn
暨南大学附属第一医院,广东省,公立医院,三甲,综合医院,https://www.jd120.com
南方医科大学第三附属医院,广东省,公立医院,三甲,综合医院,http://www.nysy.com.cn
南方医科大学第五附属医院,广东省,公立医院,三甲,综合医院,http://www.ny5y.cn
南方医科大学南方医院,广东省,公立医院,三甲,综合医院,https://www.nfyy.com
南方医科大学顺德医院,广东省,公立医院,三甲,综合医院,https://www.sdrmyy.com
南方医科大学中西医结合医院,广东省,公立医院,三甲,综合医院,https://www.nfzxy.com
南方医科大学珠江医院,广东省,公立医院,三甲,综合医院,https://www.zjyy.com.cn
清远市人民医院,广东省,公立医院,三甲,综合医院,
汕头大学医学院第一附属医院,广东省,公立医院,三甲,综合医院,https://www.stuh.com.cn
韶关市第一人民医院,广东省,公立医院,三甲,综合医院,http://www.sgsyy.com
深圳平乐骨伤科医院（深圳市坪山区中医院）,广东省,公立医院,三甲,综合医院,
深圳市宝安区人民医院,广东省,公立医院,三甲,综合医院,
深圳市宝安区中医院,广东省,公立医院,三甲,综合医院,
深圳市第二人民医院,广东省,公立医院,三甲,综合医院,http://www.szrch.com
深圳市第九人民医院,广东省,公立医院,三甲,综合医院,https://www.szhospital.com
深圳市第三人民医院,广东省,公立医院,三甲,综合医院,http://www.szsdsrmyy.com
深圳市龙岗区人民医院,广东省,公立医院,三甲,综合医院,https://www.lg.gov.cn
深圳市龙岗中心医院,广东省,公立医院,三甲,综合医院,
深圳市龙华区中心医院,广东省,公立医院,三甲,综合医院,http://www.glyy.org
深圳市罗湖区人民医院,广东省,公立医院,三甲,综合医院,http://www.szlhyy.com.cn
深圳市南山区人民医院,广东省,公立医院,三甲,综合医院,https://www.sznsyy.cn
深圳市人民医院,广东省,公立医院,三甲,综合医院,https://www.szhospital.com
深圳市中医院,广东省,公立医院,三甲,综合医院,https://www.szszyy.cn
香港大学深圳医院,广东省,公立医院,三甲,综合医院,http://www.hku-szh.org
云浮市人民医院,广东省,公立医院,三甲,综合医院,https://www.yfsrmyy.cn
云浮市中医院,广东省,公立医院,三甲,综合医院,https://www.dayi.org.cn
湛江中心人民医院,广东省,公立医院,三甲,综合医院,https://www.dr0759.com
中山大学附属第六医院,广东省,公立医院,三甲,综合医院,https://www.zs6y.com
中山大学附属第三医院,广东省,公立医院,三甲,综合医院,https://www.zssy.com.cn
中山大学附属第三医院粤东医院,广东省,公立医院,三甲,综合医院,http://www.zssyydyy.cn
中山大学附属第五医院,广东省,公立医院,三甲,综合医院,https://www.sysu5h.cn
中山大学附属第一医院,广东省,公立医院,三甲,综合医院,https://www.fahsysu.org.cn
中山大学孙逸仙纪念医院,广东省,公立医院,三甲,综合医院,https://www.gzsys.org.cn
中山市小榄人民医院,广东省,公立医院,三甲,综合医院,http://www.xlrmyy.com
珠海市人民医院,广东省,公立医院,三甲,综合医院,https://www.zhhospital.cn
潮州市中心医院,广东省,公立医院,三甲,综合医院,http://www.chaozhouch.com
东莞市第九人民医院,广东省,公立医院,三甲,综合医院,
东莞市第三人民医院,广东省,公立医院,三甲,综合医院,https://www.dg3yy.com
东莞市厚街人民医院,广东省,公立医院,三甲,综合医院,
东华医院松山湖院区,广东省,公立医院,三甲,综合医院,https://m.youlai.cn
高州市人民医院,广东省,公立医院,三甲,综合医院,http://www.gzph.net
广东省农垦中心医院,广东省,公立医院,三甲,综合医院,https://www.myzx.cn
广东医学院附属医院海东医院院区,广东省,公立医院,三甲,综合医院,
广州军区广州总医院一五七分院,广东省,公立医院,三甲,综合医院,
广州市红十字会医院,广东省,公立医院,三甲,综合医院,https://www.gzrch.com
广州市花都区人民医院,广东省,公立医院,三甲,综合医院,http://www.hdhosp.com
广州市番禺中心医院,广东省,公立医院,三甲,综合医院,https://www.pyhospital.com.cn
广州医科大学附属第二医院番禺院区,广东省,公立医院,三甲,综合医院,https://www.gyey.com
广州医科大学附属第三医院荔湾医院,广东省,公立医院,三甲,综合医院,https://www.gylwyy.com
广州医学院荔湾医院,广东省,公立医院,三甲,综合医院,https://www.gylwyy.com
河源市人民医院,广东省,公立医院,三甲,综合医院,https://www.hyrmyy.com
惠州市中医医院东江新城院区,广东省,公立医院,三甲,综合医院,
揭阳市人民医院,广东省,公立医院,三甲,综合医院,http://www.jyshrmyy.com
揭阳市试验区人民医院,广东省,公立医院,三甲,综合医院,
吉林大学珠海医学院附属医院,广东省,公立医院,三甲,综合医院,
开平市中心医院,广东省,公立医院,三甲,综合医院,https://www.kpzxyy.com
罗定市人民医院,广东省,公立医院,三甲,综合医院,http://rmyy.luoding.gov.cn
茂名市人民医院,广东省,公立医院,三甲,综合医院,https://www.mmrmyy.com
梅州市人民医院,广东省,公立医院,三甲,综合医院,http://www.mzrmyy.com
梅州市人民医院扶大院区,广东省,公立医院,三甲,综合医院,
梅州市人民医院广梅院区,广东省,公立医院,三甲,综合医院,
梅州市人民医院泰康院区,广东省,公立医院,三甲,综合医院,
南部战区空军医院,广东省,公立医院,三甲,综合医院,http://www.458hospital.com
南方医科大学南方医院增城分院,广东省,公立医院,三甲,综合医院,https://www.nfyyzcfy.com
普宁华侨医院,广东省,公立医院,三甲,综合医院,http://www.pnhqyy.com
普宁市人民医院,广东省,公立医院,三甲,综合医院,http://www.pnsrmyy.com
汕头大学医学院第二附属医院,广东省,公立医院,三甲,综合医院,https://www.st120.cn
汕头市中心医院,广东省,公立医院,三甲,综合医院,https://www.sthospital.com
汕尾市第二人民医院,广东省,公立医院,三甲,综合医院,https://www.st2yy.com.cn
深圳市第八人民医院,广东省,公立医院,三甲,综合医院,http://www.sysu8h.com.cn
深圳市第六人民医院,广东省,公立医院,三甲,综合医院,
武警广东省总队医院,广东省,公立医院,三甲,综合医院,https://www.myzx.cn
阳江市人民医院,广东省,公立医院,三甲,综合医院,https://www.yjhospital.com
粤北人民医院,广东省,公立医院,三甲,综合医院,
肇庆市第一人民医院,广东省,公立医院,三甲,综合医院,http://www.zqts.com
中国人民解放军第四二一医院,广东省,公立医院,三甲,综合医院,https://www.myzx.cn
中国人民解放军第一九六医院,广东省,公立医院,三甲,综合医院,
中国人民解放军第一七三医院,广东省,公立医院,三甲,综合医院,
中国人民解放军南部战区海军第一医院,广东省,公立医院,三甲,综合医院,
中国人民解放军南部战区总医院,广东省,公立医院,三甲,综合医院,http://www.458hospital.com
中国人民解放军一五七医院,广东省,公立医院,三甲,综合医院,
中山大学附属第六医院瘦狗岭北院区,广东省,公立医院,三甲,综合医院,
中山大学附属第一医院东院,广东省,公立医院,三甲,综合医院,
中山大学附属肿瘤医院中新知识城院区,广东省,公立医院,三甲,综合医院,
中山大学孙逸仙纪念医院南院,广东省,公立医院,三甲,综合医院,https://www.gzsys.org.cn
中山市博爱医院,广东省,公立医院,三甲,综合医院,https://www.zsboai.com
中山市人民医院,广东省,公立医院,三甲,综合医院,https://www.zsph.com
东莞市妇幼保健院,广东省,公立医院,三甲,专科医院,https://www.dgbjy.com
东莞市中医院,广东省,公立医院,三甲,专科医院,https://www.dg-tcm.com
佛山市妇幼保健院,广东省,公立医院,三甲,专科医院,https://www.fsfy.com
佛山市顺德区妇幼保健院,广东省,公立医院,三甲,专科医院,https://www.sdfybj.com
广东三九脑科医院,广东省,公立医院,三甲,专科医院,
广东省妇幼保健院,广东省,公立医院,三甲,专科医院,https://www.e3861.com
广东省中医院,广东省,公立医院,三甲,专科医院,https://www.gdhtcm.com
广州市妇女儿童医疗中心,广东省,公立医院,三甲,专科医院,https://www.gzfezx.com
广州市番禺区中医院,广东省,公立医院,三甲,专科医院,https://www.gzpyzy.cn
广州医科大学附属口腔医院,广东省,公立医院,三甲,专科医院,https://www.gykqyy.com
广州医科大学附属脑科医院,广东省,公立医院,三甲,专科医院,https://www.gzbrain.cn
广州医科大学附属肿瘤医院,广东省,公立医院,三甲,专科医院,https://www.gzcancer.com
广州中医药大学第三附属医院,广东省,公立医院,三甲,专科医院,http://www.gzhtcm3.com
广州中医药大学深圳医院,广东省,公立医院,三甲,专科医院,https://www.szftzy.cn
江门市妇幼保健院,广东省,公立医院,三甲,专科医院,http://www.jmfy3861.com
南方医科大学皮肤病医院,广东省,公立医院,三甲,专科医院,http://www.gdskin.com
清远市中医院,广东省,公立医院,三甲,专科医院,https://www.gdqyszyy.com
韶关市妇幼保健院,广东省,公立医院,三甲,专科医院,http://sgfybjy.show.imosi.com
深圳市宝安区妇幼保健院,广东省,公立医院,三甲,专科医院,http://www.bawjxt.net
深圳市儿童医院,广东省,公立医院,三甲,专科医院,http://www.szkid.com.cn
深圳市妇幼保健院,广东省,公立医院,三甲,专科医院,http://www.szmch.net.cn
深圳市康宁医院,广东省,公立医院,三甲,专科医院,http://www.szknyy.com
深圳市眼科医院,广东省,公立医院,三甲,专科医院,
肇庆市中医院,广东省,公立医院,三甲,专科医院,
中山大学肿瘤防治中心,广东省,公立医院,三甲,专科医院,https://www.sysucc.org.cn
中山大学中山眼科中心,广东省,公立医院,三甲,专科医院,https://www.gzzoc.com
珠海市妇幼保健院,广东省,公立医院,三甲,专科医院,https://www.fuyou.cn
佛山市南海区妇幼保健院,广东省,公立医院,三甲,专科医院,https://www.fsfy.com
高州市中医院,广东省,公立医院,三甲,专科医院,
广东省第二中医院,广东省,公立医院,三甲,专科医院,http://www.gdzy5413.com
广东省妇幼保健院越秀院区,广东省,公立医院,三甲,专科医院,https://www.e3861.com
广东省口腔医院,广东省,公立医院,三甲,专科医院,http://www.smukqyy.cn
广东省中西医结合医院,广东省,公立医院,三甲,专科医院,https://gzitwm.net
广东省中医院二沙岛分院,广东省,公立医院,三甲,专科医院,https://ersha.guahao.com
广州市惠爱医院,广东省,公立医院,三甲,专科医院,https://www.gzbrain.cn
广州市胸科医院,广东省,公立医院,三甲,专科医院,https://www.xkyy.com.cn
广州市中西医结合医院,广东省,公立医院,三甲,专科医院,https://gzitwm.net
广州市中医医院,广东省,公立医院,三甲,专科医院,https://www.gzszyy.com
广州医科大学附属妇女儿童医院,广东省,公立医院,三甲,专科医院,https://www.gzfezx.com
广州中医药大学第一附属医院,广东省,公立医院,三甲,专科医院,https://www.gztcm.com.cn
广州中医药大学顺德医院,广东省,公立医院,三甲,专科医院,https://www.gdsdyy.com
惠州市中医医院,广东省,公立医院,三甲,专科医院,https://www.hzszyyy.com
罗定市中医院,广东省,公立医院,三甲,专科医院,https://zyy.luoding.gov.cn
茂名市中医院,广东省,公立医院,三甲,专科医院,https://www.mmszyy.com
梅州市第二中医医院,广东省,公立医院,三甲,专科医院,http://www.mzszyyy2.com
普宁市中医医院,广东省,公立医院,三甲,专科医院,http://www.pnszyyy.com
汕头市中医院,广东省,公立医院,三甲,专科医院,http://www.stszyy.cn
韶关市中医院,广东省,公立医院,三甲,专科医院,
深圳市健宁医院,广东省,公立医院,三甲,专科医院,
深圳市龙岗区中医院,广东省,公立医院,三甲,专科医院,https://www.szszyy.cn
阳江市中医院,广东省,公立医院,三甲,专科医院,https://www.yjtcm.com
湛江市第二中医院,广东省,公立医院,三甲,专科医院,https://www.zjshtcm.com
湛江市第一中医院,广东省,公立医院,三甲,专科医院,http://www.zjsdyzyyy.cn
中山大学光华口腔医学院附属口腔医院,广东省,公立医院,三甲,专科医院,https://www.zdkqyy.com
中山市中医院,广东省,公立医院,三甲,专科医院,https://www.zsszyy.com
汕头市第二人民医院,广东省,公立医院,三乙,综合医院,https://www.st2yy.com.cn
佛山市高明区人民医院,广东省,公立医院,三乙,综合医院,https://www.gmrmyy.com
汕头大学医学院附属肿瘤医院,广东省,公立医院,三乙,专科医院,https://www.sumcch.cn
广州市白云区第二人民医院,广东省,公立医院,三丙,综合医院,
深圳市松岗人民医院,广东省,公立医院,三丙,综合医院,
广东医科大学附属惠州妇女儿童医院,广东省,公立医院,三丙,专科医院,https://hzsbjy.com
广州市花都区妇幼保健院,广东省,公立医院,三丙,专科医院,
深圳市龙岗区耳鼻咽喉医院,广东省,公立医院,三丙,专科医院,
深圳市南山区妇幼保健院,广东省,公立医院,三丙,专科医院,https://www.nsqfy.cn
东莞市寮步医院,广东省,公立医院,二甲,综合医院,http://www.lbhosp.com
佛山市顺德区乐从医院,广东省,公立医院,二甲,综合医院,http://www.sdlcyy.net
广东省水电医院,广东省,公立医院,二甲,综合医院,https://m.jianke.com
广东中能建电力医院,广东省,公立医院,二甲,综合医院,http://www.rngdyy.com
广州市花都区第二人民医院,广东省,公立医院,二甲,综合医院,http://www.hd2h.com
和平县人民医院,广东省,公立医院,二甲,综合医院,http://www.heping.gov.cn
惠州仲恺高新区人民医院,广东省,公立医院,二甲,综合医院,https://www.hzzkrmyy.com
江门市新会区中医院,广东省,公立医院,二甲,综合医院,https://www.xhzyy.com
江门市中心医院江海分院,广东省,公立医院,二甲,综合医院,http://www.jhqrmyy.com
深圳市坪山区人民医院,广东省,公立医院,二甲,综合医院,
新兴县人民医院,广东省,公立医院,二甲,综合医院,http://www.xxry.cn
阳江市第三人民医院,广东省,公立医院,二甲,综合医院,https://www.yjtcm.com
中山火炬开发区医院,广东省,公立医院,二甲,综合医院,https://www.zshjkfqyy.com
珠海市第五人民医院,广东省,公立医院,二甲,综合医院,https://www.zhfivehospital.com
宝安人民医院（集团）第三人民医院,广东省,公立医院,二甲,综合医院,http://www.szsdsrmyy.com
潮安区人民医院,广东省,公立医院,二甲,综合医院,
潮南区人民医院,广东省,公立医院,二甲,综合医院,
大埔县人民医院,广东省,公立医院,二甲,综合医院,
德庆县人民医院,广东省,公立医院,二甲,综合医院,
电白县第三人民医院,广东省,公立医院,二甲,综合医院,https://www.mmdbrmyy.com
东莞市常平医院,广东省,公立医院,二甲,综合医院,http://www.dgcah.com
东莞市大朗医院,广东省,公立医院,二甲,综合医院,http://www.dgdlyy.com
东莞市凤岗医院,广东省,公立医院,二甲,综合医院,http://www.fgyy.com
东莞市莞城医院,广东省,公立医院,二甲,综合医院,http://www.dggcyy.com
东莞市横沥医院,广东省,公立医院,二甲,综合医院,https://www.dghlyy.com.cn
东莞市黄江医院,广东省,公立医院,二甲,综合医院,http://www.dghj120.com
东莞市虎门医院,广东省,公立医院,二甲,综合医院,https://www.dghmyy.com
东莞市南城医院,广东省,公立医院,二甲,综合医院,
东莞市桥头医院,广东省,公立医院,二甲,综合医院,http://www.qtyy.com
东莞市清溪医院,广东省,公立医院,二甲,综合医院,
东莞市企石医院,广东省,公立医院,二甲,综合医院,http://www.dgqsyy.com
东莞市石排医院,广东省,公立医院,二甲,综合医院,https://www.dgspyy.com.cn
东莞市中堂医院,广东省,公立医院,二甲,综合医院,http://www.dgsztyy.com
端州区红会医院,广东省,公立医院,二甲,综合医院,
恩平市人民医院,广东省,公立医院,二甲,综合医院,http://eprmyy.cn
封开县人民医院,广东省,公立医院,二甲,综合医院,
丰顺县人民医院,广东省,公立医院,二甲,综合医院,
佛冈县人民医院,广东省,公立医院,二甲,综合医院,
佛山市第一人民医院禅城医院,广东省,公立医院,二甲,综合医院,https://www.fsyyy.com
佛山市南海经济开发区人民医院,广东省,公立医院,二甲,综合医院,
佛山市南海经济开发区人民医院小塘分院,广东省,公立医院,二甲,综合医院,http://www.nanhai.gov.cn
佛山市南海区第八人民医院,广东省,公立医院,二甲,综合医院,
佛山市南海区第九人民医院,广东省,公立医院,二甲,综合医院,
佛山市南海区第六人民医院,广东省,公立医院,二甲,综合医院,https://www.nhrmyy.com
佛山市南海区第七人民医院,广东省,公立医院,二甲,综合医院,https://m.haodf.com
佛山市南海区第四人民医院,广东省,公立医院,二甲,综合医院,https://www.fsmby.com.cn
佛山市南海区第五人民医院,广东省,公立医院,二甲,综合医院,https://www.fsgbly.com
佛山市南海区红十字会医院,广东省,公立医院,二甲,综合医院,
佛山市南海区罗村医院,广东省,公立医院,二甲,综合医院,https://www.miaoshou.net
佛山市顺德大良医院,广东省,公立医院,二甲,综合医院,https://www.sddlyy.cn
佛山市顺德区勒流医院,广东省,公立医院,二甲,综合医院,
佛山市顺德区伦教医院,广东省,公立医院,二甲,综合医院,https://www.sdljyy.org.cn
高州市市区医院,广东省,公立医院,二甲,综合医院,http://www.gzph.net
广东省大宝山矿业有限公司医院,广东省,公立医院,二甲,综合医院,
广东省凡口铅锌矿职工医院,广东省,公立医院,二甲,综合医院,
广东省工人医院,广东省,公立医院,二甲,综合医院,https://www.gdsgryy.com
广东省惠州市仲恺高新技术产业开发区人民医院,广东省,公立医院,二甲,综合医院,
广东省交通医院,广东省,公立医院,二甲,综合医院,http://www.a-hospital.com
广东省银行医院,广东省,公立医院,二甲,综合医院,
广东药学院广钢附属医院,广东省,公立医院,二甲,综合医院,https://gy120.net
广宁县人民医院,广东省,公立医院,二甲,综合医院,
广州开发区医院,广东省,公立医院,二甲,综合医院,http://www.getddhospi.com
广州空军后勤医院,广东省,公立医院,二甲,综合医院,https://m.jianke.com
广州市白云区人民医院,广东省,公立医院,二甲,综合医院,https://www.gdghospital.org.cn
广州市海珠区第二人民医院,广东省,公立医院,二甲,综合医院,https://www.gd2h.com
广州市荔湾区第二人民医院,广东省,公立医院,二甲,综合医院,
广州市荔湾区人民医院,广东省,公立医院,二甲,综合医院,https://www.lw.gov.cn
广州市南沙区第二人民医院,广东省,公立医院,二甲,综合医院,https://www.gd2h.com
广州市南沙区第六人民医院,广东省,公立医院,二甲,综合医院,https://www.6thhosp.com
广州市番禺区第六人民医院,广东省,公立医院,二甲,综合医院,
广州市天河区新塘医院,广东省,公立医院,二甲,综合医院,
广州市越秀区第二人民医院,广东省,公立医院,二甲,综合医院,
广州新海医院,广东省,公立医院,二甲,综合医院,
广州燕岭医院,广东省,公立医院,二甲,综合医院,
广州医科大学附属广佛医院,广东省,公立医院,二甲,综合医院,
广州中医药大学顺德医院附属均安医院,广东省,公立医院,二甲,综合医院,
海丰县彭湃纪念医院,广东省,公立医院,二甲,综合医院,
核工业四一九职工医院,广东省,公立医院,二甲,综合医院,https://www.youlai.cn
鹤山市人民医院,广东省,公立医院,二甲,综合医院,
花都武警医院,广东省,公立医院,二甲,综合医院,
化州市人民医院,广东省,公立医院,二甲,综合医院,
惠来县人民医院,广东省,公立医院,二甲,综合医院,
惠州华康骨伤医院,广东省,公立医院,二甲,综合医院,
惠州市大亚湾经济技术开发区人民医院,广东省,公立医院,二甲,综合医院,
惠州市惠阳区平潭人民医院,广东省,公立医院,二甲,综合医院,
江门市第二人民医院,广东省,公立医院,二甲,综合医院,http://www.jm2rmyy.com
江门市江海区人民医院,广东省,公立医院,二甲,综合医院,http://www.jhqrmyy.com
江门市新会区第二人民医院,广东省,公立医院,二甲,综合医院,
江门市新会人民医院,广东省,公立医院,二甲,综合医院,
蕉岭县人民医院,广东省,公立医院,二甲,综合医院,
嘉应学院医学院附属医院,广东省,公立医院,二甲,综合医院,
揭东县人民医院,广东省,公立医院,二甲,综合医院,http://www.jdxrmyy.com
揭西县棉湖华侨医院,广东省,公立医院,二甲,综合医院,
揭阳市蓝城区人民医院,广东省,公立医院,二甲,综合医院,http://www.jylcqrmyy.com
揭阳市榕城区中心医院,广东省,公立医院,二甲,综合医院,http://www.rcqzxyy.cn
乐昌市人民医院,广东省,公立医院,二甲,综合医院,
雷州市人民医院,广东省,公立医院,二甲,综合医院,https://www.lzph.net
连南县人民医院,广东省,公立医院,二甲,综合医院,https://www.lnry120.com
连平县人民医院,广东省,公立医院,二甲,综合医院,https://m.haodf.com
连山县人民医院,广东省,公立医院,二甲,综合医院,
龙川县人民医院,广东省,公立医院,二甲,综合医院,http://www.longchuan.gov.cn
龙门县人民医院,广东省,公立医院,二甲,综合医院,
陆丰市人民医院,广东省,公立医院,二甲,综合医院,
罗定市第二人民医院,广东省,公立医院,二甲,综合医院,http://sdx.luoding.gov.cn
茂名农垦医院,广东省,公立医院,二甲,综合医院,https://www.youlai.cn
茂名市电白区第二人民医院,广东省,公立医院,二甲,综合医院,
梅州市第三人民医院,广东省,公立医院,二甲,综合医院,http://www.mz3y.com
民航广州医院,广东省,公立医院,二甲,综合医院,
南方医科大学北滘医院,广东省,公立医院,二甲,综合医院,
南方医科大学江都医院,广东省,公立医院,二甲,综合医院,https://www.jdsry.com
南方医科大学顺德医院附属杏坛医院,广东省,公立医院,二甲,综合医院,https://www.sdxtyy.com
南雄市计划生育综合医院,广东省,公立医院,二甲,综合医院,http://wsbs.gdnx.gov.cn
南雄市人民医院,广东省,公立医院,二甲,综合医院,
平远县人民医院,广东省,公立医院,二甲,综合医院,
清远市第二人民医院,广东省,公立医院,二甲,综合医院,https://www.qy21.net
清远市清城区人民医院,广东省,公立医院,二甲,综合医院,
饶平县人民医院,广东省,公立医院,二甲,综合医院,
仁化县人民医院,广东省,公立医院,二甲,综合医院,
乳源瑶族自治县人民医院,广东省,公立医院,二甲,综合医院,
汕头大学医学院第一附属医院龙湖医院,广东省,公立医院,二甲,综合医院,https://www.stlhrmyy.com
汕头市潮阳区人民医院,广东省,公立医院,二甲,综合医院,
汕头市澄海区人民医院,广东省,公立医院,二甲,综合医院,
汕头市第三人民医院,广东省,公立医院,二甲,综合医院,https://www.shantou.gov.cn
汕头市金园区人民医院,广东省,公立医院,二甲,综合医院,https://yyk.familydoctor.com.cn
汕头市龙湖区第二人民医院,广东省,公立医院,二甲,综合医院,https://www.st2yy.com.cn
韶关市第三人民医院,广东省,公立医院,二甲,综合医院,
韶关市七Ｏ六地质大队职工医院,广东省,公立医院,二甲,综合医院,
韶关市曲江区人民医院,广东省,公立医院,二甲,综合医院,https://www.sgsqjqrmyy.com
韶关市新浈江区人民医院,广东省,公立医院,二甲,综合医院,
韶关铁路医院,广东省,公立医院,二甲,综合医院,
深圳市龙岗区第二人民医院,广东省,公立医院,二甲,综合医院,http://www.szrch.com
深圳市龙岗区第五人民医院,广东省,公立医院,二甲,综合医院,
深圳市龙岗区横岗人民医院,广东省,公立医院,二甲,综合医院,https://www.lg.gov.cn
深圳市中金岭南股份公司韶关分公司职工医院,广东省,公立医院,二甲,综合医院,https://www.sg.gov.cn
始兴县人民医院,广东省,公立医院,二甲,综合医院,
顺德龙江医院,广东省,公立医院,二甲,综合医院,http://www.sdljyy.com
四会市人民医院,广东省,公立医院,二甲,综合医院,
遂溪县第二人民医院,广东省,公立医院,二甲,综合医院,
遂溪县人民医院,广东省,公立医院,二甲,综合医院,https://www.sxxrmyy.com
翁源县第二人民医院,广东省,公立医院,二甲,综合医院,
翁源县人民医院,广东省,公立医院,二甲,综合医院,
五华县人民医院,广东省,公立医院,二甲,综合医院,
新丰县人民医院,广东省,公立医院,二甲,综合医院,
兴宁市人民医院,广东省,公立医院,二甲,综合医院,http://www.xnrmyy.com
信宜市人民医院,广东省,公立医院,二甲,综合医院,https://www.xysrmyy.cn
徐闻县人民医院,广东省,公立医院,二甲,综合医院,
阳东区人民医院,广东省,公立医院,二甲,综合医院,https://www.ydrmyy.com
阳江高新区人民医院,广东省,公立医院,二甲,综合医院,https://www.yjgxqrmyy.com
阳江市海陵区人民医院,广东省,公立医院,二甲,综合医院,https://www.yjhospital.com
阳江市江城区人民医院,广东省,公立医院,二甲,综合医院,https://www.yjhospital.com
阳江市卫校附属医院,广东省,公立医院,二甲,综合医院,
阳江市中西医结合医院,广东省,公立医院,二甲,综合医院,https://m.jianke.com
阳西县人民医院,广东省,公立医院,二甲,综合医院,http://yxrmyy0662.com
源城区人民医院,广东省,公立医院,二甲,综合医院,https://www.hyrmyy.com
郁南县第二人民医院,广东省,公立医院,二甲,综合医院,
郁南县人民医院,广东省,公立医院,二甲,综合医院,http://www.ynrmyy.cn
云浮硫铁矿企业集团公司医院,广东省,公立医院,二甲,综合医院,
云浮市云城区人民医院,广东省,公立医院,二甲,综合医院,
湛江农垦第二医院,广东省,公立医院,二甲,综合医院,
湛江坡头区南油医院,广东省,公立医院,二甲,综合医院,
湛江市第四人民医院,广东省,公立医院,二甲,综合医院,http://www.zjsdsrmyy.com
肇庆市鼎湖区人民医院,广东省,公立医院,二甲,综合医院,
肇庆市第三人民医院,广东省,公立医院,二甲,综合医院,
肇庆市第一人民医院北岭分院,广东省,公立医院,二甲,综合医院,
肇庆市端州区华佗医院,广东省,公立医院,二甲,综合医院,http://bzshtzyy.com
肇庆医学高等专科学校附属医院,广东省,公立医院,二甲,综合医院,https://lcyxx.zqmc.edu.cn
中国人民解放军第一六八医院,广东省,公立医院,二甲,综合医院,
中国人民解放军一八八医院,广东省,公立医院,二甲,综合医院,https://www.myzx.cn
中山大学第一附属医院东山院区,广东省,公立医院,二甲,综合医院,
中山市板芙医院,广东省,公立医院,二甲,综合医院,
中山市大涌医院,广东省,公立医院,二甲,综合医院,
中山市东凤医院,广东省,公立医院,二甲,综合医院,http://www.zsdfyy.com
中山市东升医院,广东省,公立医院,二甲,综合医院,
中山市港口医院,广东省,公立医院,二甲,综合医院,
中山市古镇人民医院,广东省,公立医院,二甲,综合医院,http://zsgzyy.com
中山市黄圃人民医院,广东省,公立医院,二甲,综合医院,http://www.zsshprmyy.com
中山市南朗医院,广东省,公立医院,二甲,综合医院,
中山市三乡医院,广东省,公立医院,二甲,综合医院,http://www.zssxyy.com
中山市沙溪隆都医院,广东省,公立医院,二甲,综合医院,https://www.sxldyy.cn
中山市坦洲医院,广东省,公立医院,二甲,综合医院,https://zsstzrmyy.cn
珠海市香洲区人民医院,广东省,公立医院,二甲,综合医院,http://www.xzqrmyy.com
珠海市香洲区香洲医院,广东省,公立医院,二甲,综合医院,http://www.xzqrmyy.com
紫金县人民医院,广东省,公立医院,二甲,综合医院,
佛山市高明区中医院,广东省,公立医院,二甲,专科医院,http://www.fstcm.com.cn
广州市黄埔区中医院,广东省,公立医院,二甲,专科医院,https://m.gzszyy.com
广州市荔湾区骨伤科医院,广东省,公立医院,二甲,专科医院,http://www.lwqgskyy.com
江门市新会区妇幼保健院,广东省,公立医院,二甲,专科医院,http://www.jmfy3861.com
台山市中医院,广东省,公立医院,二甲,专科医院,
德庆县中医院,广东省,公立医院,二甲,专科医院,https://www.gddq.gov.cn
东源县中医院,广东省,公立医院,二甲,专科医院,
佛冈县中医院,广东省,公立医院,二甲,专科医院,http://www.fogang.gov.cn
佛山市中医院三水分院,广东省,公立医院,二甲,专科医院,https://www.sszyy.com.cn
广东省第一荣军医院,广东省,公立医院,二甲,专科医院,
广东省天河区中医医院,广东省,公立医院,二甲,专科医院,https://zxyy.thnet.gov.cn
广东省心血管病研究所,广东省,公立医院,二甲,专科医院,https://www.gdghospital.org.cn
广东省职业病防治院,广东省,公立医院,二甲,专科医院,http://www.gdpcc.com
广东天河区妇幼保健院,广东省,公立医院,二甲,专科医院,
广宁县中医院,广东省,公立医院,二甲,专科医院,https://www.gdgn.gov.cn
广州市从化区中医医院,广东省,公立医院,二甲,专科医院,https://www.chqzyy.com
广州市芳村区中医院,广东省,公立医院,二甲,专科医院,
广州市海珠区石溪中医院,广东省,公立医院,二甲,专科医院,https://www.gdhtcm.com
广州市海珠区中医医院,广东省,公立医院,二甲,专科医院,
广州市荔湾区妇幼保健院,广东省,公立医院,二甲,专科医院,http://www.gzslwqfy.cn
广州市荔湾区中医医院,广东省,公立医院,二甲,专科医院,http://www.gzslwzy.com
广州市天河区中医医院,广东省,公立医院,二甲,专科医院,https://zxyy.thnet.gov.cn
广州市越秀区第二中医医院,广东省,公立医院,二甲,专科医院,
广州市越秀区妇幼保健院,广东省,公立医院,二甲,专科医院,https://www.e3861.com
广州市越秀区正骨医院,广东省,公立医院,二甲,专科医院,
广州市越秀区中医医院,广东省,公立医院,二甲,专科医院,https://www.gzszyy.com
广州市越秀区中医院,广东省,公立医院,二甲,专科医院,https://www.gzszyy.com
广州市增城区妇幼保健院,广东省,公立医院,二甲,专科医院,
鹤山市中医院,广东省,公立医院,二甲,专科医院,https://www.hsszhyy.cn
河源市妇幼保健院,广东省,公立医院,二甲,专科医院,
河源市中医院,广东省,公立医院,二甲,专科医院,https://www.lcxzyy.cn
化州市中医院,广东省,公立医院,二甲,专科医院,
惠东县中医院,广东省,公立医院,二甲,专科医院,http://hdxzyy.cn
惠来县慈云中医院,广东省,公立医院,二甲,专科医院,http://k.sina.com.cn
惠州市惠阳区中医院,广东省,公立医院,二甲,专科医院,
江门市第三人民医院,广东省,公立医院,二甲,专科医院,http://www.jmmh.cn
蕉岭县中医医院,广东省,公立医院,二甲,专科医院,https://www.jiaoling.gov.cn
蕉岭县中医院,广东省,公立医院,二甲,专科医院,https://www.meizhou.gov.cn
揭阳市榕城区妇幼保健院,广东省,公立医院,二甲,专科医院,
揭阳市中医院,广东省,公立医院,二甲,专科医院,http://www.jyzyy.cn
开平市中医院,广东省,公立医院,二甲,专科医院,https://www.kpzxyy.com
乐昌市中医院,广东省,公立医院,二甲,专科医院,
连州市中医院,广东省,公立医院,二甲,专科医院,
龙川县中医院,广东省,公立医院,二甲,专科医院,https://www.lcxzyy.cn
茂名市电白区中医院,广东省,公立医院,二甲,专科医院,
茂名市妇幼保健院,广东省,公立医院,二甲,专科医院,https://www.mmfybjy.com
梅州市妇幼保健计划生育服务中心,广东省,公立医院,二甲,专科医院,https://www.mzsfy.cn
南沙区中医院,广东省,公立医院,二甲,专科医院,https://www.gdhtcm.com
南雄市中医院,广东省,公立医院,二甲,专科医院,
坪山新区妇幼保健院,广东省,公立医院,二甲,专科医院,
普宁市妇幼保健院,广东省,公立医院,二甲,专科医院,http://www.pnsfybjy.com
汕头大学精神卫生中心,广东省,公立医院,二甲,专科医院,https://www.stumhc.cn
汕头市潮阳区中医医院,广东省,公立医院,二甲,专科医院,
汕头市潮阳区中医院,广东省,公立医院,二甲,专科医院,
汕头市妇幼幼保健院,广东省,公立医院,二甲,专科医院,https://www.stbjy.cn
韶关市曲江区中医院,广东省,公立医院,二甲,专科医院,
韶关市粤北第三人民医院,广东省,公立医院,二甲,专科医院,
深圳市福田妇幼保健院,广东省,公立医院,二甲,专科医院,https://www.szftfybj.com
深圳市龙岗区妇幼保健院,广东省,公立医院,二甲,专科医院,http://www.szmch.net.cn
深圳市罗湖区妇幼保健院,广东省,公立医院,二甲,专科医院,http://www.szmch.net.cn
深圳市罗湖区中医院,广东省,公立医院,二甲,专科医院,
四会市中医院,广东省,公立医院,二甲,专科医院,
翁源县中医院,广东省,公立医院,二甲,专科医院,https://www.wengyuan.gov.cn
五华县中医医院,广东省,公立医院,二甲,专科医院,https://www.whqrmyy.com.cn
五邑中医院恩平分院,广东省,公立医院,二甲,专科医院,https://www.51htep.com
新丰县中医院,广东省,公立医院,二甲,专科医院,https://data.120ask.com
新兴县中医院,广东省,公立医院,二甲,专科医院,
信宜市中医院,广东省,公立医院,二甲,专科医院,
徐闻县中医院,广东省,公立医院,二甲,专科医院,
阳春市妇幼保健院,广东省,公立医院,二甲,专科医院,https://www.ycfy.com.cn
阳春市中医院,广东省,公立医院,二甲,专科医院,https://www.ycszyy.cn
阳江市中医眼科医院,广东省,公立医院,二甲,专科医院,
阳山县中医院,广东省,公立医院,二甲,专科医院,
英德市中医院,广东省,公立医院,二甲,专科医院,http://www.yingde.gov.cn
郁南县中医院,广东省,公立医院,二甲,专科医院,
肇庆市鼎湖区中医院,广东省,公立医院,二甲,专科医院,https://yyk.fh21.com.cn
肇庆市高要区中医院,广东省,公立医院,二甲,专科医院,
中山市第三人民医院,广东省,公立医院,二甲,专科医院,http://www.zsdsyy.com
珠海市斗门区侨立中医院,广东省,公立医院,二甲,专科医院,
电白县雷打石医院,广东省,公立医院,二乙,综合医院,
东莞三局医院,广东省,公立医院,二乙,综合医院,https://www.myzx.cn
封开县第二人民医院,广东省,公立医院,二乙,综合医院,
高州市广南医院,广东省,公立医院,二乙,综合医院,http://www.gzph.net
广东省岗美华侨农场医院,广东省,公立医院,二乙,综合医院,https://wsjkw.gd.gov.cn
广东省石录铜业公司职工医院,广东省,公立医院,二乙,综合医院,https://www.gzrehab.com.cn
广州市龙洞人民医院,广东省,公立医院,二乙,综合医院,https://www.ldrmyy120.com
广州市南沙区第一人民医院,广东省,公立医院,二乙,综合医院,https://www.gzhosp.cn
海军四二六医院,广东省,公立医院,二乙,综合医院,
和平县第二人民医院,广东省,公立医院,二乙,综合医院,https://www.ah2rmyy.com
华南农业大学医院,广东省,公立医院,二乙,综合医院,https://xyy.scau.edu.cn
惠城区水口人民医院,广东省,公立医院,二乙,综合医院,https://www.qm120.com
惠州市第三人民医院东院区,广东省,公立医院,二乙,综合医院,https://www.hzdsrmyy.com
惠州市杨村华侨柑橘场医院,广东省,公立医院,二乙,综合医院,http://www.huizhou.gov.cn
揭阳市榕城区人民医院,广东省,公立医院,二乙,综合医院,
开平市第二人民医院,广东省,公立医院,二乙,综合医院,
乐昌市第二人民医院,广东省,公立医院,二乙,综合医院,http://www.lechang.gov.cn
连平县第二人民医院,广东省,公立医院,二乙,综合医院,http://www.lianping.gov.cn
连平县中信人民医院,广东省,公立医院,二乙,综合医院,
连山壮族瑶族自治县人民医院,广东省,公立医院,二乙,综合医院,
茂名市茂南区人民医院,广东省,公立医院,二乙,综合医院,https://www.mmnyy.com
汕头市濠江区人民医院,广东省,公立医院,二乙,综合医院,https://www.sthjhos.cn
汕尾市城区人民医院,广东省,公立医院,二乙,综合医院,http://www.swsyy.com
阳江市水运医院,广东省,公立医院,二乙,综合医院,
中山市黄布医院,广东省,公立医院,二乙,综合医院,
珠海市红旗医院,广东省,公立医院,二乙,综合医院,
潮州市湘桥区中医院,广东省,公立医院,二乙,专科医院,
佛山市高明区妇幼保健院,广东省,公立医院,二乙,专科医院,
高州市妇幼保健院,广东省,公立医院,二乙,专科医院,
广东省第三荣军医院,广东省,公立医院,二乙,专科医院,
怀集县精神病医院,广东省,公立医院,二乙,专科医院,
连平县中医院,广东省,公立医院,二乙,专科医院,
龙川县妇幼保健院,广东省,公立医院,二乙,专科医院,
罗定市大岗医院,广东省,公立医院,二乙,专科医院,
梅州华南康复医院,广东省,公立医院,二乙,专科医院,
平远县中医院,广东省,公立医院,二乙,专科医院,
韶关市职业病防治院,广东省,公立医院,二乙,专科医院,
肇庆市皮肤病医院,广东省,公立医院,二乙,专科医院,
广东省第二人民医院珠海医院,广东省,公立医院,二丙,综合医院,
深圳市福田区第二人民医院,广东省,公立医院,二丙,综合医院,
海丰县梅陇人民医院,广东省,公立医院,二丙,综合医院,
肇庆市高要区妇幼保健院,广东省,公立医院,二丙,专科医院,
深圳市第四人民医院,广东省,公立医院,未定级,综合医院,
广东省生殖科学研究所（广东省生殖医院）,广东省,公立医院,未定级,专科医院,
深圳市职业病防治院,广东省,公立医院,未定级,专科医院,
珠海市第三人民医院,广东省,公立医院,未定级,专科医院,
东莞康华医院,广东省,私立医院,三甲,综合医院,
佛山复星禅诚医院,广东省,私立医院,三甲,综合医院,
广东祈福医院,广东省,私立医院,三甲,综合医院,
东莞东华医院,广东省,私立医院,三甲,综合医院,
汕头市国瑞医院,广东省,私立医院,三甲,综合医院,
深圳龙城医院,广东省,私立医院,三甲,专科医院,
广东同江医院,广东省,私立医院,三乙,综合医院,
汕头潮南民生医院,广东省,私立医院,三乙,综合医院,
广州爱尔眼科医院,广东省,私立医院,三乙,专科医院,
深圳恒生医院,广东省,私立医院,三丙,综合医院,
中山市陈星海医院,广东省,私立医院,三丙,综合医院,
中信惠州医院,广东省,私立医院,三丙,综合医院,
河源长安医院,广东省,私立医院,二甲,综合医院,
中山市广济医院,广东省,私立医院,二甲,综合医院,
东莞仁康医院,广东省,私立医院,二甲,综合医院,
广州市交通运输职工医院,广东省,私立医院,二甲,综合医院,
广州友好医院,广东省,私立医院,二甲,综合医院,
连州北山医院,广东省,私立医院,二甲,综合医院,
南海经济开发区人民医院,广东省,私立医院,二甲,综合医院,
深圳慈海医院,广东省,私立医院,二甲,综合医院,https://jbk.iask.sina.com.cn
深圳流花医院,广东省,私立医院,二甲,综合医院,https://www.miaoshou.net
深圳武警医院,广东省,私立医院,二甲,综合医院,https://www.myzx.cn
新容奇医院,广东省,私立医院,二甲,综合医院,https://www.rqyy.com
珠海上衝医院,广东省,私立医院,二甲,综合医院,
广州安和泰妇产医院,广东省,私立医院,二甲,专科医院,
惠州爱尔眼科医院,广东省,私立医院,二甲,专科医院,https://www.eye0752.com
惠州口腔医院,广东省,私立医院,二甲,专科医院,
东莞金美济妇女儿童医院,广东省,私立医院,二甲,专科医院,http://www.dgfuer.com
广州协佳医院,广东省,私立医院,二甲,专科医院,http://www.gzxjmwf.com
揭阳爱维艾夫医院,广东省,私立医院,二甲,专科医院,http://www.jyivf.com
揭阳安真妇产医院,广东省,私立医院,二甲,专科医院,
阳江安琪儿妇产医院,广东省,私立医院,二甲,专科医院,
中山医博济医院,广东省,私立医院,二甲,专科医院,
广州亿仁医院,广东省,私立医院,二乙,综合医院,http://tag.120ask.com
梅州金盘医院,广东省,私立医院,二乙,综合医院,https://www.163.com
肇庆高新区人民医院,广东省,私立医院,二乙,综合医院,
深圳健丰医院,广东省,私立医院,二丙,综合医院,https://news.sina.cn
广州伊丽莎白妇产医院,广东省,私立医院,二丙,专科医院,https://www.eliza020.com
开平侨乡医院,广东省,私立医院,一级,综合医院,http://www.kaiping.gov.cn
开强正康医院,广东省,私立医院,一级,综合医院,
深圳新风和睦家医院,广东省,私立医院,一级,综合医院,https://szu.ufh.com.cn
深圳云杉云里医院,广东省,私立医院,一级,综合医院,
鹤山宝芝林医院,广东省,私立医院,一级,专科医院,https://new.qq.com
仁树医院,广东省,私立医院,一级,专科医院,https://www.treeent.com
深圳宝田医院,广东省,私立医院,未定级,综合医院,https://m.jianke.com
深圳新联门诊部,广东省,私立医院,未定级,综合医院,https://www.uni-medica.com
中山火炬开发区海滨社区卫生服务中心,广东省,私立医院,未定级,综合医院,http://www.zs.gov.cn
东莞百佳玛丽亚妇产医院,广东省,私立医院,未定级,专科医院,http://www.dgmaria.cn
东莞博球口腔医院,广东省,私立医院,未定级,专科医院,http://www.bqkqyy.cn
东莞健力口腔医院,广东省,私立医院,未定级,专科医院,https://www.dgkq.com
广州爱博恩妇产医院,广东省,私立医院,未定级,专科医院,http://www.36663663.com
广州华佑戒毒医院,广东省,私立医院,未定级,专科医院,http://www.ihuayou.com
惠州希玛林顺潮眼科医院,广东省,私立医院,未定级,专科医院,https://www.hzcmer.com
揭阳希玛林顺潮眼科医院,广东省,私立医院,未定级,专科医院,http://wap.szcmer.com
汕头口腔医疗中心,广东省,私立医院,未定级,专科医院,https://www.stkqzx.com
深圳汉喜心血管病医院,广东省,私立医院,未定级,专科医院,
深圳新安希玛林顺潮眼科医院,广东省,私立医院,未定级,专科医院,http://www.szcmer.com
源城恒信口腔门诊部,广东省,私立医院,未定级,专科医院,http://hckoi.com
湛江爱尔奥理德眼科医院,广东省,私立医院,未定级,专科医院,http://www.aier0759.com
中山百佳妇产医院,广东省,私立医院,未定级,专科医院,http://www.zsnvzi.com
珠海广安手足外科医院,广东省,私立医院,未定级,专科医院,http://www.zhgahosp.com
珠海希玛林顺潮眼科医院,广东省,私立医院,未定级,专科医院,http://www.zhcmer.com
东阳市中医院,浙江省,公立医院,三甲,综合医院,
杭州市第一人民医院,浙江省,公立医院,三甲,综合医院,https://www.hz-hospital.com
杭州市红十字会医院,浙江省,公立医院,三甲,综合医院,https://www.hzhhyy.com
杭州市西溪医院,浙江省,公立医院,三甲,综合医院,https://www.xixih.net
杭州市中医院,浙江省,公立医院,三甲,综合医院,https://hztcm.cn
湖州市中心医院,浙江省,公立医院,三甲,综合医院,http://www.hzhospital.com
金华市中心医院,浙江省,公立医院,三甲,综合医院,http://www.jhzxyy.cn
丽水市人民医院,浙江省,公立医院,三甲,综合医院,https://www.ls-hospital.com
丽水市中心医院,浙江省,公立医院,三甲,综合医院,https://lshospital.zj.cn
宁波大学附属第一医院,浙江省,公立医院,三甲,综合医院,http://www.nbdyyy.com
宁波市医疗中心李惠利医院,浙江省,公立医院,三甲,综合医院,http://www.nblhlyy.com
瑞安市人民医院,浙江省,公立医院,三甲,综合医院,http://www.rahos.gov.cn
绍兴市人民医院,浙江省,公立医院,三甲,综合医院,https://www.sxrmyy.cn
台州市中心医院（台州学院附属医院）,浙江省,公立医院,三甲,综合医院,http://www.tzzxyy.com
温州市中心医院,浙江省,公立医院,三甲,综合医院,https://www.wzhosp.com
温州医科大学附属第二医院,浙江省,公立医院,三甲,综合医院,http://www.wzhealth.com
浙江大学医学院附属第二医院,浙江省,公立医院,三甲,综合医院,https://www.z2hospital.com
浙江大学医学院附属第四医院,浙江省,公立医院,三甲,综合医院,https://www.zju4h.com
浙江大学医学院附属第一医院,浙江省,公立医院,三甲,综合医院,https://news.qq.com
浙江大学医学院附属邵逸夫医院,浙江省,公立医院,三甲,综合医院,https://www.srrsh.com
浙江省台州医院,浙江省,公立医院,三甲,综合医院,http://www.tzhospital.com
浙江省中医院,浙江省,公立医院,三甲,综合医院,http://www.zjhtcm.com
浙江中医药大学附属第二医院,浙江省,公立医院,三甲,综合医院,https://www.xhhos.com
浙江中医药大学附属第三医院,浙江省,公立医院,三甲,综合医院,https://www.zjszsyy.com
中国科学院大学宁波华美医院,浙江省,公立医院,三甲,综合医院,http://www.nbdeyy.com
舟山医院,浙江省,公立医院,三甲,综合医院,
杭州师范大学附属医院,浙江省,公立医院,三甲,综合医院,
杭州市下沙医院,浙江省,公立医院,三甲,综合医院,
嘉兴市第二医院,浙江省,公立医院,三甲,综合医院,https://www.jxey.com
嘉兴市第一医院,浙江省,公立医院,三甲,综合医院,http://www.jxdyyy.com
金华长庚医院,浙江省,公立医院,三甲,综合医院,
宁波大学医学院附属医院,浙江省,公立医院,三甲,综合医院,
宁波市第二医院,浙江省,公立医院,三甲,综合医院,http://www.nbdeyy.com
宁波市第一医院,浙江省,公立医院,三甲,综合医院,http://www.nbdyyy.com
衢州市衢江人民医院,浙江省,公立医院,三甲,综合医院,https://www.qzhospital.com
衢州市人民医院,浙江省,公立医院,三甲,综合医院,https://www.qzhospital.com
绍兴市人民医院高新分院,浙江省,公立医院,三甲,综合医院,
松阳县人民医院,浙江省,公立医院,三甲,综合医院,
台州市中心医院,浙江省,公立医院,三甲,综合医院,http://www.tzzxyy.com
台州浙东医院,浙江省,公立医院,三甲,综合医院,
温州市人民医院,浙江省,公立医院,三甲,综合医院,https://www.wzsrmyy.com
温州市人民医院娄桥院区,浙江省,公立医院,三甲,综合医院,https://www.wzsrmyy.com
温州医科大学附属第一医院,浙江省,公立医院,三甲,综合医院,https://www.wzhospital.cn
武警浙江省总队杭州医院,浙江省,公立医院,三甲,综合医院,
武警浙江总队嘉兴医院,浙江省,公立医院,三甲,综合医院,https://www.yiyuan.com
浙江大学附属第一医院之江院区,浙江省,公立医院,三甲,综合医院,https://www.zy91.com
浙江大学医学院附属第二医院青山湖院区,浙江省,公立医院,三甲,综合医院,https://news.qq.com
浙江大学医学院附属邵逸夫医院大运河分院,浙江省,公立医院,三甲,综合医院,https://www.srrsh.com
浙江省立同德医院,浙江省,公立医院,三甲,综合医院,https://www.zjtongde.com
浙江省人民医院,浙江省,公立医院,三甲,综合医院,https://www.hospitalstar.com
浙江省人民医院富阳院区,浙江省,公立医院,三甲,综合医院,https://www.fysrmyy.com
浙江省消防总队医院,浙江省,公立医院,三甲,综合医院,http://tag.120ask.com
浙江医院,浙江省,公立医院,三甲,综合医院,https://www.zjhospital.com.cn
浙江医院三墩院区,浙江省,公立医院,三甲,综合医院,https://www.zjhospital.com.cn
浙江中医药大学附属第三医院莫干山院区,浙江省,公立医院,三甲,综合医院,https://www.mfk.com
中国人民解放军第九八医院,浙江省,公立医院,三甲,综合医院,https://www.miaoshou.net
中国人民解放军联勤保障部队第九〇六医院,浙江省,公立医院,三甲,综合医院,
中国人民解放军联勤保障部队第九〇三医院,浙江省,公立医院,三甲,综合医院,http://904yy.mil.cn
杭州市第七人民医院,浙江省,公立医院,三甲,专科医院,https://www.hz7hospital.com
湖州市第三人民医院,浙江省,公立医院,三甲,专科医院,http://www.hzsy.com
湖州市妇幼保健院,浙江省,公立医院,三甲,专科医院,https://www.hzfby.com
嘉兴市妇幼保健院,浙江省,公立医院,三甲,专科医院,https://www.jxfby.com
丽水市第二人民医院,浙江省,公立医院,三甲,专科医院,http://www.2113515.com.cn
丽水市中医医院,浙江省,公立医院,三甲,专科医院,
宁波大学附属康宁医院,浙江省,公立医院,三甲,专科医院,https://www.nbknyy.com
衢州市中医医院,浙江省,公立医院,三甲,专科医院,https://www.qzszyy.com
温岭市中医院,浙江省,公立医院,三甲,专科医院,https://www.wlzyy.com
温州市中医院,浙江省,公立医院,三甲,专科医院,https://www.wzszyy.com
温州医科大学附属眼视光医院杭州院区,浙江省,公立医院,三甲,专科医院,https://www.hzeye.cn
义乌市妇幼保健院,浙江省,公立医院,三甲,专科医院,https://www.ywfby.com
浙江大学医学院附属儿童医院,浙江省,公立医院,三甲,专科医院,http://www.zjuch.cn
浙江大学医学院附属妇产科医院,浙江省,公立医院,三甲,专科医院,https://www.womanhospital.cn
富阳市中医骨伤科医院,浙江省,公立医院,三甲,专科医院,http://www.gushangke.com
杭州市第七人民医院浙西院区,浙江省,公立医院,三甲,专科医院,https://www.hz7hospital.com
杭州市富阳中医骨伤医院,浙江省,公立医院,三甲,专科医院,http://www.gushangke.com
湖州市中医院,浙江省,公立医院,三甲,专科医院,http://www.hzszyy.com
嘉兴市中医院,浙江省,公立医院,三甲,专科医院,https://www.jxzyy.cn
金华市第二医院,浙江省,公立医院,三甲,专科医院,
金华市中医院,浙江省,公立医院,三甲,专科医院,http://www.jhszyyy.cn
宁波市妇女儿童医院,浙江省,公立医院,三甲,专科医院,http://www.nbfeyy.com
宁波市中医院,浙江省,公立医院,三甲,专科医院,https://www.nbszyy.com.cn
上虞市中医院,浙江省,公立医院,三甲,专科医院,https://www.syzyy.com
绍兴市第七人民医院,浙江省,公立医院,三甲,专科医院,https://www.sxdqyy.com
绍兴市妇幼保健院,浙江省,公立医院,三甲,专科医院,https://www.sxfby.com
绍兴市中医院,浙江省,公立医院,三甲,专科医院,https://www.sxzyy.cn
温州医科大学附属口腔医院,浙江省,公立医院,三甲,专科医院,https://www.dentist.ac.cn
温州医科大学附属眼视光医院,浙江省,公立医院,三甲,专科医院,https://www.wzeye.cn
新昌县中医院,浙江省,公立医院,三甲,专科医院,http://www.xcxzyy.com
义乌市中医医院,浙江省,公立医院,三甲,专科医院,http://www.ywzxyy.com
浙江大学医学院附属儿童医院滨江院区,浙江省,公立医院,三甲,专科医院,http://www.zjuch.cn
浙江大学医学院附属口腔医院,浙江省,公立医院,三甲,专科医院,http://www.zjuss.cn
舟山市妇幼保健医院,浙江省,公立医院,三甲,专科医院,https://www.zsfybjy.com
舟山市中医院,浙江省,公立医院,三甲,专科医院,http://www.zjzsszyy.com
诸暨市中医医院,浙江省,公立医院,三甲,专科医院,https://www.zjzyyy.cn
苍南县人民医院,浙江省,公立医院,三乙,综合医院,http://www.cnxrmyy.net
长兴县人民医院,浙江省,公立医院,三乙,综合医院,http://www.cxrmyy.com
慈溪市人民医院医疗健康集团,浙江省,公立医院,三乙,综合医院,https://www.zjcxph.com
东阳市人民医院,浙江省,公立医院,三乙,综合医院,https://www.dyhospital.com
海宁市人民医院,浙江省,公立医院,三乙,综合医院,
杭州市临安区人民医院,浙江省,公立医院,三乙,综合医院,https://rmyy.lanews.com.cn
杭州市萧山区第一人民医院,浙江省,公立医院,三乙,综合医院,
嘉善县中医医院,浙江省,公立医院,三乙,综合医院,https://www.jsdyyy.com
金华市人民医院,浙江省,公立医院,三乙,综合医院,
宁波大学附属阳明医院,浙江省,公立医院,三乙,综合医院,
衢州市第二人民医院,浙江省,公立医院,三乙,综合医院,https://www.qzhospital.com
绍兴第二医院,浙江省,公立医院,三乙,综合医院,https://www.sxdeyy.cn
绍兴市上虞人民医院,浙江省,公立医院,三乙,综合医院,https://www.syrmyy.com.cn
绍兴文理学院附属医院,浙江省,公立医院,三乙,综合医院,https://www.sxmh.net.cn
嵊州市人民医院,浙江省,公立医院,三乙,综合医院,https://www.zdyyszfy.cn
台州市第一人民医院,浙江省,公立医院,三乙,综合医院,https://www.tzrmyy.cn
台州市立医院,浙江省,公立医院,三乙,综合医院,http://www.tzmh.com
天台县人民医院,浙江省,公立医院,三乙,综合医院,https://www.zjtthospital.cn
温岭市第一人民医院,浙江省,公立医院,三乙,综合医院,https://www.wlyy.cn
义乌市中心医院,浙江省,公立医院,三乙,综合医院,http://www.ywzxyy.com
慈溪市人民医院,浙江省,公立医院,三乙,综合医院,https://www.zjcxph.com
杭州市第三人民医院,浙江省,公立医院,三乙,综合医院,https://www.hz3yy.com
杭州市富阳区第一人民医院,浙江省,公立医院,三乙,综合医院,https://www.fysrmyy.com
杭州市余杭区第一人民医院,浙江省,公立医院,三乙,综合医院,https://www.zy91.com
嘉善县第一人民医院,浙江省,公立医院,三乙,综合医院,https://www.jsdyyy.com
宁波大学医学院附属阳明医院,浙江省,公立医院,三乙,综合医院,
宁波市北仑区人民医院,浙江省,公立医院,三乙,综合医院,http://www.bl91.com
宁波市第四人民医院,浙江省,公立医院,三乙,综合医院,
宁波市勤州人民医院,浙江省,公立医院,三乙,综合医院,https://www.nbyzyy.com
宁波市鄞州人民医院,浙江省,公立医院,三乙,综合医院,https://www.nbyzyy.com
平阳县人民医院,浙江省,公立医院,三乙,综合医院,https://www.pyhosp.com
绍兴市中心医院,浙江省,公立医院,三乙,综合医院,https://www.sxhospital.com
台州恩泽医疗中心路桥医院,浙江省,公立医院,三乙,综合医院,
桐乡市第一人民医院,浙江省,公立医院,三乙,综合医院,
桐乡市第一人民医院二分院,浙江省,公立医院,三乙,综合医院,
新昌县人民医院,浙江省,公立医院,三乙,综合医院,https://www.xcrmyy.cn
鄞州区第二医院,浙江省,公立医院,三乙,综合医院,http://www.yz2y.com
永康市第一人民医院,浙江省,公立医院,三乙,综合医院,
乐清市人民医院,浙江省,公立医院,三乙,综合医院,https://www.yqrmyy.com
浙江大学医学院附属第二医院建德分院,浙江省,公立医院,三乙,综合医院,https://news.qq.com
浙江普陀医院,浙江省,公立医院,三乙,综合医院,https://www.zspt-hospital.com
浙江衢化医院,浙江省,公立医院,三乙,综合医院,https://www.zjqhyy.com
中国人民解放军一一八医院,浙江省,公立医院,三乙,综合医院,
诸暨市人民医院,浙江省,公立医院,三乙,综合医院,
苍南县中医院,浙江省,公立医院,三乙,专科医院,
杭州市余杭区中医院,浙江省,公立医院,三乙,专科医院,
嘉兴市康慈医院,浙江省,公立医院,三乙,专科医院,
瑞安市妇幼保健院,浙江省,公立医院,三乙,专科医院,http://www.rafybjy.com
绍兴市上虞妇幼保健院,浙江省,公立医院,三乙,专科医院,https://www.syfby.com
台州市第二人民医院,浙江省,公立医院,三乙,专科医院,http://www.tz2y.cn
长兴县妇幼保健院,浙江省,公立医院,三乙,专科医院,https://www.cxfybjy.com
慈溪市妇幼保健院,浙江省,公立医院,三乙,专科医院,
奉化市中医院,浙江省,公立医院,三乙,专科医院,http://www.fh.gov.cn
海宁市中医院,浙江省,公立医院,三乙,专科医院,
杭州市余杭区妇幼保健院,浙江省,公立医院,三乙,专科医院,
宁波第二医院北郊院区,浙江省,公立医院,三乙,专科医院,
宁波市第六医院,浙江省,公立医院,三乙,专科医院,http://www.nbdlyy.com
宁波市精神病院,浙江省,公立医院,三乙,专科医院,http://www.nbsjsby.com
宁波市眼科医院,浙江省,公立医院,三乙,专科医院,http://www.nbeye.com
宁海县妇幼保健院,浙江省,公立医院,三乙,专科医院,http://www.nhfybjy.com
平湖市中医院,浙江省,公立医院,三乙,专科医院,
平阳县中医院,浙江省,公立医院,三乙,专科医院,https://www.pyxzyy.cn
衢州市第三医院,浙江省,公立医院,三乙,专科医院,https://www.qzsdsyy.com
瑞安市中医院,浙江省,公立医院,三乙,专科医院,https://www.razyy.com
台州市眼科医院,浙江省,公立医院,三乙,专科医院,https://tzeye.com.cn
台州市中医院,浙江省,公立医院,三乙,专科医院,http://www.tzszyy.cn
桐乡市中医医院,浙江省,公立医院,三乙,专科医院,
温州市第七人民医院龙湾院区,浙江省,公立医院,三乙,专科医院,https://www.xl51.com
温州市第七人民医院西山院区,浙江省,公立医院,三乙,专科医院,
永嘉县中医院,浙江省,公立医院,三乙,专科医院,
永康市妇幼保健院,浙江省,公立医院,三乙,专科医院,
浙江老年关怀医院,浙江省,公立医院,三乙,专科医院,
舟山市第二人民医院,浙江省,公立医院,三乙,专科医院,http://www.zsjsby.org.cn
海宁市中心医院,浙江省,公立医院,二甲,综合医院,
海盐县人民医院,浙江省,公立医院,二甲,综合医院,
杭州市余杭区第三人民医院,浙江省,公立医院,二甲,综合医院,https://www.hz3yy.com
开化县人民医院,浙江省,公立医院,二甲,综合医院,https://www.khxrmyy.com
宁波市第七医院,浙江省,公立医院,二甲,综合医院,
磐安县人民医院,浙江省,公立医院,二甲,综合医院,
平湖市第一人民医院,浙江省,公立医院,二甲,综合医院,https://www.phyy.com
衢州市柯城区人民医院,浙江省,公立医院,二甲,综合医院,https://www.kcyy.cn
遂昌县人民医院,浙江省,公立医院,二甲,综合医院,https://www.scrmyy.com
台州市肿瘤医院,浙江省,公立医院,二甲,综合医院,https://www.wlsph.com
温州市龙湾区第一人民医院,浙江省,公立医院,二甲,综合医院,https://m.jianke.com
仙居县人民医院,浙江省,公立医院,二甲,综合医院,https://www.xjrmyy.com.cn
医疗发现,浙江省,公立医院,二甲,综合医院,http://www.zgyljk.com
玉环市第二人民医院,浙江省,公立医院,二甲,综合医院,https://www.yh2j.com
安吉县人民医院,浙江省,公立医院,二甲,综合医院,
苍南县第二人民医院,浙江省,公立医院,二甲,综合医院,https://www.yiyuan.com
常山县人民医院,浙江省,公立医院,二甲,综合医院,http://www.csrmyy.com
长兴县第二人民医院,浙江省,公立医院,二甲,综合医院,http://www.cxrmyy.com
淳安县第一人民医院,浙江省,公立医院,二甲,综合医院,https://www.chunanhospital.com
岱山县第一人民医院,浙江省,公立医院,二甲,综合医院,https://www.dsrmyy.cn
德清县人民医院,浙江省,公立医院,二甲,综合医院,https://www.wkjbjt.cn
东部战区海军医院,浙江省,公立医院,二甲,综合医院,
东阳市人民医院巍山分院,浙江省,公立医院,二甲,综合医院,https://www.dyhospital.com
奉化区人民医院,浙江省,公立医院,二甲,综合医院,http://www.fhhospital.com
杭州钢铁集团公司职工医院,浙江省,公立医院,二甲,综合医院,http://www.zyjhzyy.com
杭州市大江东医院,浙江省,公立医院,二甲,综合医院,https://www.hz9hospital.com
杭州市拱墅区红十字会医院,浙江省,公立医院,二甲,综合医院,http://www.hangzhouredcross.org
杭州市萧山区第三人民医院,浙江省,公立医院,二甲,综合医院,https://www.hz3yy.com
杭州市余杭区第二人民医院,浙江省,公立医院,二甲,综合医院,http://www.hzyhey.com
湖州市南浔区人民医院,浙江省,公立医院,二甲,综合医院,https://www.nxqrmyy.com
景宁县人民医院,浙江省,公立医院,二甲,综合医院,
缙云县人民医院,浙江省,公立医院,二甲,综合医院,https://www.163.com
兰溪市第二人民医院,浙江省,公立医院,二甲,综合医院,https://www.lxsrmyy.com
兰溪市红十字会医院,浙江省,公立医院,二甲,综合医院,https://www.zjredcross.org.cn
兰溪市人民医院,浙江省,公立医院,二甲,综合医院,https://www.lxsrmyy.com
临海市第二人民医院,浙江省,公立医院,二甲,综合医院,https://www.lhey.cn
临海市第一人民医院,浙江省,公立医院,二甲,综合医院,https://www.lhsyy.com
龙泉市人民医院,浙江省,公立医院,二甲,综合医院,https://www.lqrmyy.cn
龙游县人民医院,浙江省,公立医院,二甲,综合医院,https://www.ly120.com
宁波市第九医院,浙江省,公立医院,二甲,综合医院,http://www.nbsdjyy.com
宁波市镇海龙赛医院,浙江省,公立医院,二甲,综合医院,
宁海县第一医院,浙江省,公立医院,二甲,综合医院,
浦江县人民医院,浙江省,公立医院,二甲,综合医院,
青田县人民医院,浙江省,公立医院,二甲,综合医院,
青田县中医院,浙江省,公立医院,二甲,综合医院,
庆元县人民医院,浙江省,公立医院,二甲,综合医院,
瑞安市第二人民医院,浙江省,公立医院,二甲,综合医院,
三门县人民医院,浙江省,公立医院,二甲,综合医院,http://www.zjsmyy.com
绍兴市上虞第二人民医院,浙江省,公立医院,二甲,综合医院,https://www.syrmyy.com.cn
嵊泗县人民医院,浙江省,公立医院,二甲,综合医院,
嵊州市崇仁人民医院,浙江省,公立医院,二甲,综合医院,https://www.sxrmyy.cn
泰顺县人民医院,浙江省,公立医院,二甲,综合医院,
台州市博爱医院,浙江省,公立医院,二甲,综合医院,https://www.bo-ai.com
桐庐县第一人民医院,浙江省,公立医院,二甲,综合医院,
桐乡市第二人民医院,浙江省,公立医院,二甲,综合医院,https://yyk.familydoctor.com.cn
文成县人民医院,浙江省,公立医院,二甲,综合医院,https://job.wmu.edu.cn
武义县第一人民医院,浙江省,公立医院,二甲,综合医院,
义乌市第二人民医院,浙江省,公立医院,二甲,综合医院,
永嘉县人民医院,浙江省,公立医院,二甲,综合医院,http://rmyy.yj.gov.cn
乐清市第二人民医院,浙江省,公立医院,二甲,综合医院,http://www.yqsey.com
乐清市第三人民医院,浙江省,公立医院,二甲,综合医院,https://www.yqsy.net
乐清市第三人民医院湖头分院,浙江省,公立医院,二甲,综合医院,
玉环市人民医院,浙江省,公立医院,二甲,综合医院,
云和县人民医院,浙江省,公立医院,二甲,综合医院,
浙江大学校医院,浙江省,公立医院,二甲,综合医院,
浙江大学医学院附属第一医院城站院区,浙江省,公立医院,二甲,综合医院,
浙江大学医学院附属邵逸夫医院江山分院,浙江省,公立医院,二甲,综合医院,
浙江省青春医院,浙江省,公立医院,二甲,综合医院,
浙江省武义县第一人民医院,浙江省,公立医院,二甲,综合医院,
舟山市定海区中心医院,浙江省,公立医院,二甲,综合医院,
诸暨市店口中山医院,浙江省,公立医院,二甲,综合医院,
诸暨市第四人民医院,浙江省,公立医院,二甲,综合医院,
诸暨市红十字医院,浙江省,公立医院,二甲,综合医院,
诸暨市中心医院,浙江省,公立医院,二甲,综合医院,https://www.zjzyyy.cn
诸暨市中心医院大侣分院,浙江省,公立医院,二甲,综合医院,
慈溪市第七人民医院（慈溪市心理卫生中心）,浙江省,公立医院,二甲,专科医院,
海宁市妇幼保健院,浙江省,公立医院,二甲,专科医院,
江山市中医院,浙江省,公立医院,二甲,专科医院,
衢州市妇幼保健院,浙江省,公立医院,二甲,专科医院,https://www.qzsfby.com
嵊州市妇幼保健院,浙江省,公立医院,二甲,专科医院,
台州市黄岩区中医院,浙江省,公立医院,二甲,专科医院,https://www.hyqzyy.com
安吉县妇幼保健院,浙江省,公立医院,二甲,专科医院,
常山县中医院,浙江省,公立医院,二甲,专科医院,https://www.miaoshou.net
淳安县中医院,浙江省,公立医院,二甲,专科医院,
慈溪市中医医院,浙江省,公立医院,二甲,专科医院,
德清县中医院,浙江省,公立医院,二甲,专科医院,https://www.wkjbjt.cn
东阳市妇女儿童医院,浙江省,公立医院,二甲,专科医院,
奉化市妇幼保健院,浙江省,公立医院,二甲,专科医院,https://www.163.com
富阳区第三人民医院,浙江省,公立医院,二甲,专科医院,http://www.fy3y.com
富阳区中医院,浙江省,公立医院,二甲,专科医院,http://www.hzsfyqzyy.cn
国家电网公司职业病防治院,浙江省,公立医院,二甲,专科医院,http://www.ahzfy.com
海盐县中医院,浙江省,公立医院,二甲,专科医院,http://www.hyxzyy.com
杭州市公安局安康医院,浙江省,公立医院,二甲,专科医院,http://zjpcpia.com
杭州市拱墅中西医结合医院,浙江省,公立医院,二甲,专科医院,https://www.youlai.cn
杭州市萧山区第六人民医院,浙江省,公立医院,二甲,专科医院,https://www.xiaoshan.gov.cn
建德市中医院,浙江省,公立医院,二甲,专科医院,
江山市第四人民医院,浙江省,公立医院,二甲,专科医院,https://www.jssrmyy.com
嘉善县中医院,浙江省,公立医院,二甲,专科医院,https://www.jsdyyy.com
嘉兴市安定医院,浙江省,公立医院,二甲,专科医院,
解放军杭州疗养院,浙江省,公立医院,二甲,专科医院,
缙云县中医医院,浙江省,公立医院,二甲,专科医院,
开化县中医院,浙江省,公立医院,二甲,专科医院,https://www.kaihua.gov.cn
兰溪市中医院,浙江省,公立医院,二甲,专科医院,
临安区中医院,浙江省,公立医院,二甲,专科医院,https://zyy.lanews.com.cn
临海市中医院,浙江省,公立医院,二甲,专科医院,https://www.lhzyy.com
丽水市妇幼保健院,浙江省,公立医院,二甲,专科医院,
龙泉市中医院,浙江省,公立医院,二甲,专科医院,https://www.lqrmyy.cn
龙游县中医医院,浙江省,公立医院,二甲,专科医院,
鹿城区精神病医院,浙江省,公立医院,二甲,专科医院,http://www.lplnyy.com
宁波市北仑区中医院,浙江省,公立医院,二甲,专科医院,
宁波市康复医院,浙江省,公立医院,二甲,专科医院,http://www.nbkfzx.com
宁波市镇海区中医医院,浙江省,公立医院,二甲,专科医院,
宁海县中医院,浙江省,公立医院,二甲,专科医院,
浦江县中医院,浙江省,公立医院,二甲,专科医院,
庆元县中医院,浙江省,公立医院,二甲,专科医院,
瑞安市第五人民医院,浙江省,公立医院,二甲,专科医院,
绍兴市柯桥区中医医院,浙江省,公立医院,二甲,专科医院,https://www.kqqzyyy.com
嵊州市中医院,浙江省,公立医院,二甲,专科医院,
松阳县中医医院,浙江省,公立医院,二甲,专科医院,https://www.youlai.cn
台州市中西医结合医院,浙江省,公立医院,二甲,专科医院,https://www.tzzxy.com
天台中医院,浙江省,公立医院,二甲,专科医院,https://www.ttxzyy.cn
桐庐县中医院,浙江省,公立医院,二甲,专科医院,
武义县中医院,浙江省,公立医院,二甲,专科医院,
象山县第三人民医院,浙江省,公立医院,二甲,专科医院,https://m.jianke.com
象山县中医院,浙江省,公立医院,二甲,专科医院,
仙居县中医院,浙江省,公立医院,二甲,专科医院,https://www.xjzyy.cn
永康市中医院,浙江省,公立医院,二甲,专科医院,https://m.haodf.com
乐清市中医院,浙江省,公立医院,二甲,专科医院,http://www.yqszyy.com
玉环市中医院,浙江省,公立医院,二甲,专科医院,https://www.yhzyy.com.cn
余姚市中医院,浙江省,公立医院,二甲,专科医院,http://www.yyzyy.cn
淳安县第二人民医院,浙江省,公立医院,二乙,综合医院,https://www.caeryuan.cn
东阳市横店医院,浙江省,公立医院,二乙,综合医院,
嘉兴市秀洲区人民医院,浙江省,公立医院,二乙,综合医院,http://www.xiuzhou.gov.cn
宁波市鄞州区第三医院,浙江省,公立医院,二乙,综合医院,
平阳县第二人民医院,浙江省,公立医院,二乙,综合医院,
永康市第二人民医院,浙江省,公立医院,二乙,综合医院,https://m.haodf.com
余姚市第四人民医院,浙江省,公立医院,二乙,综合医院,http://www.yydsyy.com
安吉县第二人民医院,浙江省,公立医院,二乙,综合医院,http://www.anji.gov.cn
安吉县第三人民医院,浙江省,公立医院,二乙,综合医院,https://www.miaoshou.net
慈溪市第六人民医院,浙江省,公立医院,二乙,综合医院,https://m.jianke.com
慈溪市第三人民医院,浙江省,公立医院,二乙,综合医院,http://www.cixi.gov.cn
德清县第三人民医院,浙江省,公立医院,二乙,综合医院,https://mds.dqh-hznu.com
东阳市红十字会医院,浙江省,公立医院,二乙,综合医院,
富阳区第二人民医院,浙江省,公立医院,二乙,综合医院,http://www.fy2y.com
杭州市江干区笕桥医院,浙江省,公立医院,二乙,综合医院,
杭州市江干区人民医院海潮院区,浙江省,公立医院,二乙,综合医院,https://myyk.jianke.com
杭州市临安区於潜人民医院,浙江省,公立医院,二乙,综合医院,https://m.jianke.com
杭州市下城区天水武林街道社区卫生服务中心,浙江省,公立医院,二乙,综合医院,http://www.nhc.gov.cn
杭州市萧山区第二人民医院,浙江省,公立医院,二乙,综合医院,
杭州市西湖区第二人民医院,浙江省,公立医院,二乙,综合医院,https://www.hzxh.gov.cn
杭州市西湖区人民医院,浙江省,公立医院,二乙,综合医院,https://www.hzxh.gov.cn
湖州市南浔区练市人民医院,浙江省,公立医院,二乙,综合医院,
湖州市南浔区菱湖人民医院,浙江省,公立医院,二乙,综合医院,https://www.nxqlhrmyy.com
湖州市南浔区双林人民医院,浙江省,公立医院,二乙,综合医院,
湖州市吴兴区人民医院,浙江省,公立医院,二乙,综合医院,https://www.wxqrmyy.com
建德市第二人民医院,浙江省,公立医院,二乙,综合医院,https://www.jd-hospital.com
建德市中西医结合医院,浙江省,公立医院,二乙,综合医院,
嘉善县第二人民医院,浙江省,公立医院,二乙,综合医院,https://yyk.familydoctor.com.cn
嘉兴市第二医院南湖分院,浙江省,公立医院,二乙,综合医院,https://www.jxey.com
嘉兴市王店人民医院,浙江省,公立医院,二乙,综合医院,
嘉兴市秀洲区新塍医院,浙江省,公立医院,二乙,综合医院,
金华市第五医院,浙江省,公立医院,二乙,综合医院,
金华市婺城区第一人民医院,浙江省,公立医院,二乙,综合医院,
金华市中心医院婺城院区,浙江省,公立医院,二乙,综合医院,
缙云县第二人民医院,浙江省,公立医院,二乙,综合医院,
开化县第二人民医院,浙江省,公立医院,二乙,综合医院,
临安市昌化人民医院,浙江省,公立医院,二乙,综合医院,
临安市於潜人民医院,浙江省,公立医院,二乙,综合医院,
丽水市莲都区人民医院,浙江省,公立医院,二乙,综合医院,
宁波市第二人民医院保黎院区,浙江省,公立医院,二乙,综合医院,
宁波市奉化区第二医院,浙江省,公立医院,二乙,综合医院,
宁波市鄞州区钱湖医院,浙江省,公立医院,二乙,综合医院,
宁波市镇海区炼化医院,浙江省,公立医院,二乙,综合医院,
宁波小港医院,浙江省,公立医院,二乙,综合医院,
平湖市第二人民医院,浙江省,公立医院,二乙,综合医院,
平阳县萧江医院,浙江省,公立医院,二乙,综合医院,
瑞安市第三人民医院,浙江省,公立医院,二乙,综合医院,
绍兴市柯桥区齐贤医院,浙江省,公立医院,二乙,综合医院,
桐庐县第二人民医院,浙江省,公立医院,二乙,综合医院,
桐乡市第三人民医院,浙江省,公立医院,二乙,综合医院,
温州矾矿医院,浙江省,公立医院,二乙,综合医院,
温州市红旗医院,浙江省,公立医院,二乙,综合医院,
温州市龙湾区人民医院,浙江省,公立医院,二乙,综合医院,
温州市鹿城区人民医院,浙江省,公立医院,二乙,综合医院,
温州市瓯海区第三人民医院,浙江省,公立医院,二乙,综合医院,
温州市中医院水心院区门诊,浙江省,公立医院,二乙,综合医院,
余姚市第三人民医院,浙江省,公立医院,二乙,综合医院,
浙江省医疗健康集团长兴医院,浙江省,公立医院,二乙,综合医院,
浙江省乐清市第五人民医院,浙江省,公立医院,二乙,综合医院,
浙江省诸暨市第六人民医院,浙江省,公立医院,二乙,综合医院,
诸暨市第二人民医院,浙江省,公立医院,二乙,综合医院,
诸暨市第三人民医院,浙江省,公立医院,二乙,综合医院,
开化县妇幼保健院,浙江省,公立医院,二乙,专科医院,
岱山县中医院,浙江省,公立医院,二乙,专科医院,
德清县妇幼保健院,浙江省,公立医院,二乙,专科医院,
东阳市第七人民医院,浙江省,公立医院,二乙,专科医院,
海盐县妇幼保健院,浙江省,公立医院,二乙,专科医院,
湖州市南浔区中医院,浙江省,公立医院,二乙,专科医院,
建德市第四人民医院,浙江省,公立医院,二乙,专科医院,
嘉兴市秀洲区妇幼保健院,浙江省,公立医院,二乙,专科医院,
宁波市海曙区中医医院,浙江省,公立医院,二乙,专科医院,
磐安县中医院,浙江省,公立医院,二乙,专科医院,
绍兴市口腔医院,浙江省,公立医院,二乙,专科医院,
台州市黄岩区第三人民医院,浙江省,公立医院,二乙,专科医院,
桐庐县妇幼保健院,浙江省,公立医院,二乙,专科医院,
温岭市精神康复医院,浙江省,公立医院,二乙,专科医院,
温州长庚耳鼻喉医院,浙江省,公立医院,二乙,专科医院,
温州市鹿城精神病医院,浙江省,公立医院,二乙,专科医院,
仙居县精神病医院,浙江省,公立医院,二乙,专科医院,
永康市第三人民医院,浙江省,公立医院,二乙,专科医院,
云和县中医院,浙江省,公立医院,二乙,专科医院,
杭州市江干区人民医院,浙江省,公立医院,二丙,综合医院,
仙居县第二人民医院,浙江省,公立医院,二丙,综合医院,
苍南县铁龙眼耳鼻喉科医院,浙江省,公立医院,二丙,专科医院,
富阳区新登中医骨伤科医院,浙江省,公立医院,二丙,专科医院,
杭州市下城区中西医结合医院,浙江省,公立医院,二丙,专科医院,
文成县中医院,浙江省,公立医院,二丙,专科医院,
杭州市五云山医院,浙江省,公立医院,未定级,综合医院,
宁波市杭州湾医院,浙江省,公立医院,未定级,综合医院,
浙江萧山老年医院,浙江省,公立医院,未定级,综合医院,
杭州市儿童医院,浙江省,公立医院,未定级,专科医院,
温州医科大学附属台州妇女儿童医院,浙江省,公立医院,未定级,专科医院,
医院汇,浙江省,私立医院,三甲,综合医院,
温州康宁医院,浙江省,私立医院,三甲,专科医院,
浙江萧山医院,浙江省,私立医院,三乙,综合医院,
台州骨伤医院,浙江省,私立医院,三乙,专科医院,
温州东华医院(温州手足外科医院),浙江省,私立医院,三乙,专科医院,https://www.wzdhyy.cn
宁波爱尔光明眼科医院,浙江省,私立医院,三乙,专科医院,http://0873.aierchina.com
湖州南太湖医院,浙江省,私立医院,三丙,综合医院,
杭州整形医院,浙江省,私立医院,三丙,专科医院,
海宁康华医院,浙江省,私立医院,二甲,综合医院,https://www.hnkhhospital.com
横店文荣医院,浙江省,私立医院,二甲,综合医院,
长兴县博济医院,浙江省,私立医院,二甲,综合医院,
海宁市康华医院,浙江省,私立医院,二甲,综合医院,https://www.hnkhhospital.com
湖州长兴雉州医院,浙江省,私立医院,二甲,综合医院,
金华文荣医院,浙江省,私立医院,二甲,综合医院,
青田江南医院,浙江省,私立医院,二甲,综合医院,
义乌市稠州医院,浙江省,私立医院,二甲,综合医院,
浙江省舟山广安医院,浙江省,私立医院,二甲,综合医院,https://m.jianke.com
杭州文仲中医医院,浙江省,私立医院,二甲,专科医院,
杭州詹氏中医骨伤医院,浙江省,私立医院,二甲,专科医院,https://m.fh21.com.cn
宁波爱伊美医院,浙江省,私立医院,二甲,专科医院,
台州章氏骨伤医院,浙江省,私立医院,二甲,专科医院,https://m.youlai.cn
温岭妇幼保健院,浙江省,私立医院,二甲,专科医院,https://www.wlfby.com
温州中山医院,浙江省,私立医院,二甲,专科医院,https://www.zjszsyy.com
舟山顾鹤传骨伤医院,浙江省,私立医院,二甲,专科医院,http://www.zsgsgs.com
湖州交通医院（湖州第六医院）,浙江省,私立医院,二乙,综合医院,http://www.hzhospital.com
诸暨仁泽康复医院,浙江省,私立医院,二乙,综合医院,
慈林医院,浙江省,私立医院,二乙,综合医院,http://www.chccilin.com
慈溪协和医院,浙江省,私立医院,二乙,综合医院,
湖州第六医院,浙江省,私立医院,二乙,综合医院,https://hssdlrmyy.com
江山贝林医院,浙江省,私立医院,二乙,综合医院,http://www.jsblyy.com
桐乡东方医院,浙江省,私立医院,二乙,综合医院,
温州曙光医院,浙江省,私立医院,二乙,综合医院,https://www.sgyy.cn
温州万福医院,浙江省,私立医院,二乙,综合医院,https://www.douyin.com
萧山经济技术开发区医院,浙江省,私立医院,二乙,综合医院,
永康市第五人民医院,浙江省,私立医院,二乙,综合医院,http://www.yk.gov.cn
镇海第二医院,浙江省,私立医院,二乙,综合医院,http://www.nbdeyy.com
慈溪蓝十字脑科医院,浙江省,私立医院,二乙,专科医院,http://cx.shlsnk.com
缙云田氏伤科医院,浙江省,私立医院,二乙,专科医院,http://tag.120ask.com
绍兴爱尔眼科医院,浙江省,私立医院,二乙,专科医院,http://aier0575.com
奉化新桥骨科医院,浙江省,私立医院,二乙,专科医院,
杭州旭明骨科医院,浙江省,私立医院,二乙,专科医院,
宁波鄞州协禾口腔医院,浙江省,私立医院,二乙,专科医院,
衢州口腔医院,浙江省,私立医院,二乙,专科医院,https://qzkq.eetop.com
台州黄岩仁泽中西医结合医院,浙江省,私立医院,二乙,专科医院,
温州肛泰医院,浙江省,私立医院,二乙,专科医院,
温州王侨骨伤医院,浙江省,私立医院,二乙,专科医院,
上虞区第三医院,浙江省,私立医院,一级,综合医院,http://www.82233333.com
浙江康静医院,浙江省,私立医院,一级,综合医院,https://www.comginhospital.com
长兴第二医院,浙江省,私立医院,未定级,综合医院,
杭州未来科技城医院,浙江省,私立医院,未定级,综合医院,https://www.hzfuturehos.com
杭州余杭邦尔医院,浙江省,私立医院,未定级,综合医院,https://www.hzyhgkyy.com
杭州中兴医院,浙江省,私立医院,未定级,综合医院,http://www.zx-hosp.com
嘉兴凯宜医院,浙江省,私立医院,未定级,综合医院,http://www.columbia-jiaxing.com
金华宏悦妇女儿童医院,浙江省,私立医院,未定级,综合医院,
兰溪百城医院,浙江省,私立医院,未定级,综合医院,http://www.cnbcyl.com
上海交通大学医学院附属瑞金医院舟山分院,浙江省,私立医院,未定级,综合医院,
树兰（杭州）医院,浙江省,私立医院,未定级,综合医院,https://www.shulanhz.com.cn
仙居邦尔医院,浙江省,私立医院,未定级,综合医院,
义乌天祥医疗东方医院,浙江省,私立医院,未定级,综合医院,
杭州爱尔眼科医院,浙江省,私立医院,未定级,专科医院,http://www.eye0571.com
杭州艾玛妇产医院,浙江省,私立医院,未定级,专科医院,https://www.hzaima.com
杭州贝瑞斯美华妇儿医院,浙江省,私立医院,未定级,专科医院,https://www.hzmeihua.com
杭州彩虹鱼康复护理院,浙江省,私立医院,未定级,专科医院,http://kangfu.bdpf.org.cn
杭州朝聚眼科医院,浙江省,私立医院,未定级,专科医院,https://www.cjyk0472.com
杭州（国际）牙科医院,浙江省,私立医院,未定级,专科医院,https://www.hzgjykyy.com
杭州华厦眼科医院,浙江省,私立医院,未定级,专科医院,https://www.huaxiaeye.com
杭州江干博凡口腔医院,浙江省,私立医院,未定级,专科医院,
杭州菁华妇儿医院,浙江省,私立医院,未定级,专科医院,
杭州开璞健康管理有限公司武林路口腔门诊部,浙江省,私立医院,未定级,专科医院,
杭州口腔医院城西分院,浙江省,私立医院,未定级,专科医院,http://www.hkcxfy.com
杭州口腔医院平海院区,浙江省,私立医院,未定级,专科医院,
杭州美中宜和妇儿医院,浙江省,私立医院,未定级,专科医院,https://www.hzamcare.com
杭州茗视佳眼科门诊部,浙江省,私立医院,未定级,专科医院,https://www.msgvision.com
杭州庆春口腔门诊部,浙江省,私立医院,未定级,专科医院,
杭州上扬城北口腔医院,浙江省,私立医院,未定级,专科医院,https://www.51dentist.com
杭州太学眼科门诊部,浙江省,私立医院,未定级,专科医院,https://news.sina.com.cn
杭州萧山儿童口腔医院,浙江省,私立医院,未定级,专科医院,https://www.163.com
杭州萧山牙科医院,浙江省,私立医院,未定级,专科医院,http://www.hzyakeyy.com
杭州西湖之江眼科医院,浙江省,私立医院,未定级,专科医院,http://m.xhzjeye.com
杭州余杭口腔医院,浙江省,私立医院,未定级,专科医院,http://www.hzlzkq.cn
嘉兴常春藤老年医院,浙江省,私立医院,未定级,专科医院,
嘉兴朝聚眼科医院,浙江省,私立医院,未定级,专科医院,https://www.cjyk0573.com
宁波泰康脑科医院,浙江省,私立医院,未定级,专科医院,http://www.nbtkhospital.com
宁波鄞州恒美口腔医院,浙江省,私立医院,未定级,专科医院,http://www.nbkqyy.com
圣托（嘉兴）妇女儿童医院,浙江省,私立医院,未定级,专科医院,https://www.chunyuyisheng.com
温州百佳东方妇产医院,浙江省,私立医院,未定级,专科医院,http://www.nz120.com
乐清友义骨伤医院,浙江省,私立医院,未定级,专科医院,http://www.yqgsyy.com
浙江绿城心血管病医院,浙江省,私立医院,未定级,专科医院,http://www.greentownhospital.com
诸暨艾玛妇产医院,浙江省,私立医院,未定级,专科医院,http://www.zjaima.com
北京大学滨海医院,天津市,公立医院,三甲,综合医院,
天津市第三中心医院,天津市,公立医院,三甲,综合医院,http://www.tj3zx.cn
天津市第一中心医院,天津市,公立医院,三甲,综合医院,https://www.tj-fch.com
天津市蓟州区人民医院,天津市,公立医院,三甲,综合医院,http://www.tjjxphosp.com
天津市中医药研究院附属医院,天津市,公立医院,三甲,综合医院,http://www.tjtcm.cn
天津医科大学第二医院,天津市,公立医院,三甲,综合医院,https://www.tjmush.com.cn
天津医科大学总医院,天津市,公立医院,三甲,综合医院,https://www.tjmugh.com.cn
天津中医药大学第一附属医院,天津市,公立医院,三甲,综合医院,https://www.tjtcm.cn
天津环湖医院,天津市,公立医院,三甲,综合医院,http://www.tnsi.org
天津市宝坻区人民医院,天津市,公立医院,三甲,综合医院,https://www.bddhospital.com
天津市第四中心医院,天津市,公立医院,三甲,综合医院,http://www.tj4thch.cn
天津市海河医院,天津市,公立医院,三甲,综合医院,https://www.haiheyiyuan.cn
天津市静海区医院,天津市,公立医院,三甲,综合医院,
天津市南开医院,天津市,公立医院,三甲,综合医院,https://www.tjnkh.com.cn
天津市人民医院,天津市,公立医院,三甲,综合医院,https://www.tjmugh.com.cn
天津市人民医院滨江分院,天津市,公立医院,三甲,综合医院,http://www.tjzxfc.cn
天津市新一中心医院,天津市,公立医院,三甲,综合医院,https://www.tj-fch.com
天津市永久医院,天津市,公立医院,三甲,综合医院,
天津医科大学第三附属医院,天津市,公立医院,三甲,综合医院,http://www.tj3zx.cn
天津医院和平院区,天津市,公立医院,三甲,综合医院,https://www.tjnothop.cn
天津医院河西院区,天津市,公立医院,三甲,综合医院,https://www.tjorthop.org
武警后勤学院附属医院,天津市,公立医院,三甲,综合医院,
中国人民解放军第四六四医院,天津市,公立医院,三甲,综合医院,http://www.81.cn
中国人民解放军联勤保障部队第九八三医院,天津市,公立医院,三甲,综合医院,http://904yy.mil.cn
泰达国际心血管病医院,天津市,公立医院,三甲,专科医院,https://www.tedahospital.com.cn
天津市北辰区中医院,天津市,公立医院,三甲,专科医院,https://www.bczhongyi.cn
天津医科大学肿瘤医院,天津市,公立医院,三甲,专科医院,http://www.tjmuch.com
中国医学科学院血液病医院,天津市,公立医院,三甲,专科医院,https://www.chinablood.com.cn
北辰区新中医医院,天津市,公立医院,三甲,专科医院,
天津市安定医院,天津市,公立医院,三甲,专科医院,https://www.tmu.edu.cn
天津市滨海新区肿瘤医院,天津市,公立医院,三甲,专科医院,
天津市第二人民医院,天津市,公立医院,三甲,专科医院,https://www.tjmush.com.cn
天津市儿童医院,天津市,公立医院,三甲,专科医院,http://www.tjchildrenshospital.com
天津市口腔医院,天津市,公立医院,三甲,专科医院,https://www.tjskq.com
天津市武清区中医院,天津市,公立医院,三甲,专科医院,https://www.wuqingzhongyi.com
天津市胸科医院,天津市,公立医院,三甲,专科医院,http://www.chesthospital.com
天津市眼科医院,天津市,公立医院,三甲,专科医院,https://www.oio.cn
天津市整形外科医院,天津市,公立医院,三甲,专科医院,https://www.myzx.cn
天津市中心妇产科医院,天津市,公立医院,三甲,专科医院,http://www.tjzxfc.cn
天津市中医医院,天津市,公立医院,三甲,专科医院,https://news13.tjutcm.edu.cn
天津医科大学代谢病医院,天津市,公立医院,三甲,专科医院,
天津医科大学口腔医院,天津市,公立医院,三甲,专科医院,https://dentistry.tmu.edu.cn
天津医科大学眼科医院,天津市,公立医院,三甲,专科医院,https://www.oio.cn
天津中医药大学第二附属医院,天津市,公立医院,三甲,专科医院,https://www.tjzyefy.com
天津市宁河区医院,天津市,公立医院,三乙,综合医院,http://www.nhxyy.com
天津泰达医院,天津市,公立医院,三乙,综合医院,https://www.tedahospital.com.cn
天津市第四医院,天津市,公立医院,三乙,专科医院,http://www.tj4thch.cn
天津市公安局安康医院,天津市,公立医院,三乙,专科医院,
天津市民政局安宁医院,天津市,公立医院,三乙,专科医院,
天津北大医疗海洋石油医院,天津市,公立医院,二甲,综合医院,https://www.mingyihui.net
蓟县269医院,天津市,公立医院,二甲,综合医院,https://www.tmu.edu.cn
天津8630医院,天津市,公立医院,二甲,综合医院,
天津电力医院,天津市,公立医院,二甲,综合医院,https://www.tjmugh.com.cn
天津港口医院,天津市,公立医院,二甲,综合医院,
天津海滨人民医院,天津市,公立医院,二甲,综合医院,http://www.tjhbrmyy.cn
天津河东天铁医院,天津市,公立医院,二甲,综合医院,https://www.douyin.com
天津碱厂医院,天津市,公立医院,二甲,综合医院,https://www.163.com
天津技术开发区医院,天津市,公立医院,二甲,综合医院,
天津市滨海新区大港社区医院,天津市,公立医院,二甲,综合医院,
天津市滨海新区大港医院,天津市,公立医院,二甲,综合医院,http://www.bhxqzyyy.com
天津市第二医院,天津市,公立医院,二甲,综合医院,https://www.tjmush.com.cn
天津市第一医院,天津市,公立医院,二甲,综合医院,https://www.tj-fch.com
天津市第一中心医院东院,天津市,公立医院,二甲,综合医院,https://www.tj-fch.com
天津市东丽区东丽医院,天津市,公立医院,二甲,综合医院,https://www.tjdlyy.com.cn
天津市公安医院,天津市,公立医院,二甲,综合医院,
天津市汉沽区医院,天津市,公立医院,二甲,综合医院,
天津市河东区赤峰医院,天津市,公立医院,二甲,综合医院,
天津市红桥医院,天津市,公立医院,二甲,综合医院,
天津市黄河医院,天津市,公立医院,二甲,综合医院,
天津市民族医院,天津市,公立医院,二甲,综合医院,
天津市咸水沽医院,天津市,公立医院,二甲,综合医院,
天津市新生医院,天津市,公立医院,二甲,综合医院,
天津医科大学总医院滨海医院,天津市,公立医院,二甲,综合医院,
天津中铁十八局集团有限公司中心医院,天津市,公立医院,二甲,综合医院,
天津中医药大学附属保康医院,天津市,公立医院,二甲,综合医院,
武警八六三〇部队医院,天津市,公立医院,二甲,综合医院,
武警天津总队医院,天津市,公立医院,二甲,综合医院,
中国海洋石油总公司渤海石油公司职工医院,天津市,公立医院,二甲,综合医院,
中国人民解放军第二七二医院,天津市,公立医院,二甲,综合医院,
中国人民解放军第二七一医院,天津市,公立医院,二甲,综合医院,
和平区中医医院新院,天津市,公立医院,二甲,专科医院,
宁河县中医医院,天津市,公立医院,二甲,专科医院,
天津化工厂医院,天津市,公立医院,二甲,专科医院,
天津市宝坻区中医院,天津市,公立医院,二甲,专科医院,https://m.youlai.cn
天津市北辰区妇幼保健所,天津市,公立医院,二甲,专科医院,https://www.tjbc.gov.cn
天津市滨海新区汉沽中医医院,天津市,公立医院,二甲,专科医院,https://www.dayi.org.cn
天津市滨海新区中医医院,天津市,公立医院,二甲,专科医院,http://www.bhxqzyyy.com
天津市东丽区妇幼保健院,天津市,公立医院,二甲,专科医院,
天津市东丽区中医院,天津市,公立医院,二甲,专科医院,https://www.tjdlyy.com.cn
天津市河北区妇幼保健院,天津市,公立医院,二甲,专科医院,https://www.tjwch.com
天津市和平区中医医院,天津市,公立医院,二甲,专科医院,
天津市河西区柳林医院,天津市,公立医院,二甲,专科医院,
天津市红桥区妇幼保健院,天津市,公立医院,二甲,专科医院,
天津市红桥区中医院,天津市,公立医院,二甲,专科医院,http://www.tjhq.gov.cn
天津市静海区中医医院,天津市,公立医院,二甲,专科医院,
天津市蓟县妇幼保健院,天津市,公立医院,二甲,专科医院,
天津市蓟州区中医医院,天津市,公立医院,二甲,专科医院,
天津市南开区中医医院,天津市,公立医院,二甲,专科医院,https://www.tjnkh.com.cn
天津市塘沽区中医院,天津市,公立医院,二甲,专科医院,http://www.bhxqzyyy.com
中国人民解放军空军水上村医院,天津市,公立医院,二甲,专科医院,https://www.miaoshou.net
北京市监狱管理局清河农场医院,天津市,公立医院,二乙,综合医院,https://jyj.beijing.gov.cn
天津市滨海新区塘沽大华医院,天津市,公立医院,二乙,综合医院,https://wsjk.tj.gov.cn
天津市汉沽农场医院,天津市,公立医院,二乙,综合医院,https://www.zgylbx.com
天津市河北区建昌医院,天津市,公立医院,二乙,综合医院,http://www.jianhuayiyuan.com
天津市河西医院,天津市,公立医院,二乙,综合医院,https://www.tjorthop.org
天津市津南区小站医院,天津市,公立医院,二乙,综合医院,https://m.jianke.com
天津市南开区三潭医院,天津市,公立医院,二乙,综合医院,
天津市南开区王顶堤医院,天津市,公立医院,二乙,综合医院,
天津市冶金医院,天津市,公立医院,二乙,综合医院,https://www.myzx.cn
天津拖拉机制造厂职工医院,天津市,公立医院,二乙,综合医院,https://www.tjnothop.cn
天津市河东区中医院,天津市,公立医院,二乙,专科医院,
天津市津南区妇幼保健院,天津市,公立医院,二乙,专科医院,
天津市南开区理疗专科医院,天津市,公立医院,二乙,专科医院,https://www.tjnkh.com.cn
天津市塘沽区妇幼保健院,天津市,公立医院,二乙,专科医院,https://www.miaoshou.net
天津华兴医院,天津市,私立医院,二乙,综合医院,
天津市河西区康复医院,天津市,私立医院,二乙,专科医院,
天津河东丽滋卡尔医院,天津市,私立医院,一甲,综合医院,https://www.meipian.cn
天津和睦家医院,天津市,私立医院,一级,综合医院,
天津医方儿童医院,天津市,私立医院,一级,专科医院,http://www.tjchildrenshospital.com
天津唐昊喆口腔门诊部,天津市,私立医院,未定级,专科医院,https://www.tjskq.com
天津协和华美医学检验实验室,天津市,私立医院,未定级,专科医院,http://www.sino-us-diagnostics.com
安阳地区医院,河南省,公立医院,三甲,综合医院,https://aydqyy.com.cn
安阳市中医院,河南省,公立医院,三甲,综合医院,http://www.ayzyy.com
阜外华中心血管病医院,河南省,公立医院,三甲,综合医院,https://www.fwhzxxgbyy.com
河南大学淮河医院,河南省,公立医院,三甲,综合医院,https://www.huaihe.com.cn
河南科技大学第二附属医院,河南省,公立医院,三甲,综合医院,https://www.kdfy.cn
河南科技大学第一附属医院,河南省,公立医院,三甲,综合医院,http://www.hdyfy.com
河南省人民医院,河南省,公立医院,三甲,综合医院,https://www.hnsrmyy.net
黄河三门峡医院,河南省,公立医院,三甲,综合医院,https://www.smxhhyy.com
三门峡市中心医院,河南省,公立医院,三甲,综合医院,http://www.smxszxyy.cn
漯河市中心医院,河南省,公立医院,三甲,综合医院,
新乡医学院第一附属医院,河南省,公立医院,三甲,综合医院,https://www.xyyfy.com
许昌市人民医院,河南省,公立医院,三甲,综合医院,
郑州大学第二附属医院,河南省,公立医院,三甲,综合医院,https://www.zzusah.com
郑州大学第五附属医院,河南省,公立医院,三甲,综合医院,https://www.ztzy.com
郑州大学第一附属医院,河南省,公立医院,三甲,综合医院,https://www.zdyfy.com
郑州人民医院,河南省,公立医院,三甲,综合医院,https://www.zzrmyy.com
郑州市中心医院,河南省,公立医院,三甲,综合医院,https://www.zzszxyy.com
中国平煤神马集团总医院,河南省,公立医院,三甲,综合医院,https://www.pmsmzyy.com
驻马店市中心医院,河南省,公立医院,三甲,综合医院,https://www.zmdszxyy.cn
安阳市人民医院,河南省,公立医院,三甲,综合医院,https://www.no1ayyy.com
鹤壁市人民医院,河南省,公立医院,三甲,综合医院,https://www.hbrmyy.com
河南大学第一附属医院,河南省,公立医院,三甲,综合医院,http://www.hdyfy.com
河南科技大学第一附属医院新区医院,河南省,公立医院,三甲,综合医院,
河南能源焦煤中央医院,河南省,公立医院,三甲,综合医院,http://www.jzzyyy.com
河南省中医药研究院附属医院,河南省,公立医院,三甲,综合医院,http://www.hntcm.com
河南中医药大学第三附属医院,河南省,公立医院,三甲,综合医院,https://zysfy.com.cn
河南中医药大学第一附属医院,河南省,公立医院,三甲,综合医院,https://www.hnzhy.com
焦作市第二人民医院,河南省,公立医院,三甲,综合医院,
焦作市人民医院,河南省,公立医院,三甲,综合医院,http://www.jzsyy.com
开封市中心医院,河南省,公立医院,三甲,综合医院,http://www.0378-120.com
开封市中医院南院,河南省,公立医院,三甲,综合医院,http://www.0378-120.com
南阳市第二人民医院,河南省,公立医院,三甲,综合医院,https://www.nysey.com
南阳市第一人民医院,河南省,公立医院,三甲,综合医院,
南阳市中心医院,河南省,公立医院,三甲,综合医院,https://www.nych.cn
南阳医学高等专科学校第一附属医院,河南省,公立医院,三甲,综合医院,https://www.nyyfy.com
平顶山市第一人民医院,河南省,公立医院,三甲,综合医院,https://www.pdsdyrmyy.com
平顶山市郏县人民医院,河南省,公立医院,三甲,综合医院,
濮阳市人民医院,河南省,公立医院,三甲,综合医院,https://www.hnpysrmyy.com
商丘市第一人民医院,河南省,公立医院,三甲,综合医院,https://www.sqsyy.com
武警河南总队医院,河南省,公立医院,三甲,综合医院,
新乡市第一人民医院,河南省,公立医院,三甲,综合医院,https://www.xxrmyy.com
新乡市中心东区医院,河南省,公立医院,三甲,综合医院,http://www.xxszxyy.com.cn
新乡市中心医院,河南省,公立医院,三甲,综合医院,http://www.xxszxyy.com.cn
信阳市中心医院,河南省,公立医院,三甲,综合医院,https://www.xyzxyy.com.cn
许昌市中心医院,河南省,公立医院,三甲,综合医院,http://www.xcszxyy.cn
郑州大学附属洛阳中心医院,河南省,公立医院,三甲,综合医院,https://www.lyszxyy.com
郑州市第七人民医院,河南省,公立医院,三甲,综合医院,http://m.zzsqy.com.cn
郑州市第一人民医院,河南省,公立医院,三甲,综合医院,https://www.zzsdyrmyy.com
中国人民解放军第九十一中心医院,河南省,公立医院,三甲,综合医院,https://www.myzx.cn
中国人民解放军第一五二医院,河南省,公立医院,三甲,综合医院,
中国人民解放军第一五五医院,河南省,公立医院,三甲,综合医院,https://www.455hospital.cn
中国人民解放军联勤保障部队第九八八医院,河南省,公立医院,三甲,综合医院,https://www.meipian.cn
中国人民解放军陆军第83集团军医院,河南省,公立医院,三甲,综合医院,https://www.youlai.cn
中国人民解放军一五三中心医院东区,河南省,公立医院,三甲,综合医院,https://m.jianke.com
周口市中心医院,河南省,公立医院,三甲,综合医院,http://www.zkszxyy.com.cn
河南省洛阳正骨医院（河南省骨科医院）,河南省,公立医院,三甲,专科医院,https://www.lyzhenggu.cn
河南省胸科医院,河南省,公立医院,三甲,专科医院,https://www.hnxkyy.com.cn
河南省肿瘤医院,河南省,公立医院,三甲,专科医院,http://www.anti-cancer.com.cn
新乡医学院第二附属医院,河南省,公立医院,三甲,专科医院,https://www.hnjsby.cn
郑州大学第三附属医院,河南省,公立医院,三甲,专科医院,https://www.zdsfy.net
郑州市骨科医院,河南省,公立医院,三甲,专科医院,https://www.zzgkyy.com
安阳市肿瘤医院,河南省,公立医院,三甲,专科医院,
鹤煤集团六矿医院,河南省,公立医院,三甲,专科医院,
河南省第二儿童医院,河南省,公立医院,三甲,专科医院,
河南省洛阳正骨医院,河南省,公立医院,三甲,专科医院,https://www.lyzhenggu.cn
河南省中医院,河南省,公立医院,三甲,专科医院,http://www.hnszyy.com.cn
河南省周口市中医院附属电力医院,河南省,公立医院,三甲,专科医院,
焦作市中医院,河南省,公立医院,三甲,专科医院,
开封市中医院,河南省,公立医院,三甲,专科医院,https://www.kfszyy.cn
洛阳市第二中医院,河南省,公立医院,三甲,专科医院,
洛阳市第一中医院,河南省,公立医院,三甲,专科医院,http://www.lydyzy.cn
南阳市中医院,河南省,公立医院,三甲,专科医院,http://www.nyszyy.com
平顶山市中医医院,河南省,公立医院,三甲,专科医院,http://www.pdsszyy.cn
濮阳市中医院,河南省,公立医院,三甲,专科医院,https://www.pyszyy.com
三门峡市中医院,河南省,公立医院,三甲,专科医院,http://www.smxszxyy.cn
漯河市中医院,河南省,公立医院,三甲,专科医院,https://www.lhszyy.com.cn
许昌市中医院,河南省,公立医院,三甲,专科医院,http://www.xuchangzyy.com
郑州市儿童医院,河南省,公立医院,三甲,专科医院,https://www.zzsetyy.cn
郑州市中医院,河南省,公立医院,三甲,专科医院,https://www.zzszyy.com
周口市中医院,河南省,公立医院,三甲,专科医院,http://www.zkszyy.com
驻马店市第二人民医院,河南省,公立医院,三甲,专科医院,
驻马店市中医院,河南省,公立医院,三甲,专科医院,https://www.zmdszyy.com
河南南阳油田总医院,河南省,公立医院,三乙,综合医院,http://www.hnytzyy.com
浚县社会福利医院,河南省,公立医院,三乙,综合医院,
洛阳市第一人民医院,河南省,公立医院,三乙,综合医院,https://www.lydyyy.com
平顶山市第二人民医院,河南省,公立医院,三乙,综合医院,https://www.pdsey.com
中国人民解放军第一五四中心医院,河南省,公立医院,三乙,综合医院,
中国人民解放军联勤保障部队第九九〇医院,河南省,公立医院,三乙,综合医院,http://904yy.mil.cn
开封市儿童医院,河南省,公立医院,三乙,专科医院,https://www.kfetyy.com.cn
中国人民解放军联勤保障部队第九八九医院,河南省,公立医院,三丙,综合医院,http://www.81.cn
安阳市滑县中心医院,河南省,公立医院,二甲,综合医院,
邓州市人民医院,河南省,公立医院,二甲,综合医院,http://www.dzcityrmyy.com
河南神火集团职工总医院,河南省,公立医院,二甲,综合医院,https://www.meipian.cn
淮阳县人民医院,河南省,公立医院,二甲,综合医院,
济源市第二人民医院,河南省,公立医院,二甲,综合医院,
洛阳市第六人民医院,河南省,公立医院,二甲,综合医院,https://www.lydlyy.com
新郑市公立人民医院,河南省,公立医院,二甲,综合医院,http://www.xzsglrmyy.cn
永煤集团总医院,河南省,公立医院,二甲,综合医院,
安阳市第八人民医院,河南省,公立医院,二甲,综合医院,
安阳市第二人民医院,河南省,公立医院,二甲,综合医院,https://www.ayseyy.com
安阳市第五人民医院,河南省,公立医院,二甲,综合医院,http://www.ay5y.com
安阳中医药学校附属医院,河南省,公立医院,二甲,综合医院,
宝丰县第四人民医院,河南省,公立医院,二甲,综合医院,
宝丰县人民医院,河南省,公立医院,二甲,综合医院,https://www.bfxrmyy.com
泌阳县人民医院,河南省,公立医院,二甲,综合医院,http://www.byxrmyy.cn
博爱县人民医院,河南省,公立医院,二甲,综合医院,https://www.bxxhospital.com.cn
长葛市人民医院,河南省,公立医院,二甲,综合医院,http://www.changge.gov.cn
长垣县第三人民医院,河南省,公立医院,二甲,综合医院,
长垣县人民医院,河南省,公立医院,二甲,综合医院,
郸城县人民医院,河南省,公立医院,二甲,综合医院,
邓州市中心医院,河南省,公立医院,二甲,综合医院,http://www.dzszxyy.cn
封丘县人民医院,河南省,公立医院,二甲,综合医院,
巩义市人民医院,河南省,公立医院,二甲,综合医院,https://www.gysrmyy.com
光山县人民医院,河南省,公立医院,二甲,综合医院,
国营第四Ｏ七厂职工医院,河南省,公立医院,二甲,综合医院,http://www.ts407yy.cn
国营向东机械厂职工医院,河南省,公立医院,二甲,综合医院,
固始红星医院,河南省,公立医院,二甲,综合医院,
鹤壁煤业集团总医院,河南省,公立医院,二甲,综合医院,
鹤壁市第二人民医院,河南省,公立医院,二甲,综合医院,
鹤壁市浚县人民医院,河南省,公立医院,二甲,综合医院,
河南电力医院,河南省,公立医院,二甲,综合医院,
河南黄河中心医院,河南省,公立医院,二甲,综合医院,https://www.hhzxyy.net
河南煤炭卫生学校附属医院,河南省,公立医院,二甲,综合医院,
河南省滑县人民医院,河南省,公立医院,二甲,综合医院,https://hxrmyy.hnhx.gov.cn
河南省军区医院,河南省,公立医院,二甲,综合医院,https://m.chunyuyisheng.com
河南省煤炭总医院,河南省,公立医院,二甲,综合医院,http://www.jzzyyy.com
河南省内黄县笫二人民医院,河南省,公立医院,二甲,综合医院,
河南省鄢陵县中心医院,河南省,公立医院,二甲,综合医院,
河南省永城市中心医院,河南省,公立医院,二甲,综合医院,http://yiyuan.hanxingtv.com
淮滨县人民医院,河南省,公立医院,二甲,综合医院,http://www.hbxrmyy.com
黄河中心医院,河南省,公立医院,二甲,综合医院,https://www.hhzxyy.net
获嘉县人民医院,河南省,公立医院,二甲,综合医院,
焦作煤业集团五官医院,河南省,公立医院,二甲,综合医院,http://www.jzzyyy.com
焦作市第六人民医院,河南省,公立医院,二甲,综合医院,http://www.jzwxfy.com
焦作市第五人民医院,河南省,公立医院,二甲,综合医院,
焦作市温县第二人民医院,河南省,公立医院,二甲,综合医院,
焦作市温县人民医院,河南省,公立医院,二甲,综合医院,
郏县第二人民医院,河南省,公立医院,二甲,综合医院,http://ccill.hns2y.com
济源卫校附属医院,河南省,公立医院,二甲,综合医院,
开封市第二人民医院,河南省,公立医院,二甲,综合医院,
开封市第三人民医院,河南省,公立医院,二甲,综合医院,http://www.kfsrmyy.com
开封市回族医院,河南省,公立医院,二甲,综合医院,https://0378-120.com
开封市陇海铁路医院,河南省,公立医院,二甲,综合医院,https://www.kfslhyy.com
开封市杞县人民医院,河南省,公立医院,二甲,综合医院,
乐凯集团第二胶片厂职工医院,河南省,公立医院,二甲,综合医院,https://news.qq.com
灵宝市第一人民医院,河南省,公立医院,二甲,综合医院,https://www.lbsyy.com.cn
林州市人民医院,河南省,公立医院,二甲,综合医院,
洛宁县人民医院,河南省,公立医院,二甲,综合医院,https://www.lydyyy.com
罗山县人民医院,河南省,公立医院,二甲,综合医院,
鲁山县人民医院,河南省,公立医院,二甲,综合医院,
鹿邑县人民医院,河南省,公立医院,二甲,综合医院,http://www.luyirmyy.cn
孟州市人民医院,河南省,公立医院,二甲,综合医院,http://www.mzsey.com
渑池县人民医院,河南省,公立医院,二甲,综合医院,http://www.mcxrmyy.com
民权县人民医院,河南省,公立医院,二甲,综合医院,http://www.mqxrmyy.com
南阳市第九人民医院,河南省,公立医院,二甲,综合医院,http://nyskfyy.com
南阳市第三人民医院,河南省,公立医院,二甲,综合医院,http://nysdsrmyy.cn
南召县第二人民医院,河南省,公立医院,二甲,综合医院,https://www.nanzhao.gov.cn
南召县人民医院,河南省,公立医院,二甲,综合医院,https://www.nzxrmyy.com.cn
内黄县人民医院,河南省,公立医院,二甲,综合医院,https://www.nhxrmyy.com.cn
内乡县人民医院,河南省,公立医院,二甲,综合医院,https://m.jianke.com
宁陵县人民医院,河南省,公立医院,二甲,综合医院,
平顶山煤业集团公司八矿职工医院,河南省,公立医院,二甲,综合医院,https://yyk.familydoctor.com.cn
平顶山煤业集团公司高庄矿中心医院,河南省,公立医院,二甲,综合医院,https://yyk.familydoctor.com.cn
平顶山煤业集团公司一矿职工医院,河南省,公立医院,二甲,综合医院,https://m.pmsmzyy.com
平顶山市郏县第二人民医院,河南省,公立医院,二甲,综合医院,https://www.pdsey.com
平舆县人民医院,河南省,公立医院,二甲,综合医院,http://www.hnspyxrmyy.com
平舆县中心医院,河南省,公立医院,二甲,综合医院,
濮阳市范县人民医院,河南省,公立医院,二甲,综合医院,
濮阳县人民医院,河南省,公立医院,二甲,综合医院,https://www.hnpysrmyy.com
清丰县人民医院,河南省,公立医院,二甲,综合医院,
确山县人民医院,河南省,公立医院,二甲,综合医院,https://www.zmdqsxrmyy.com
汝南县人民医院,河南省,公立医院,二甲,综合医院,
汝阳县人民医院,河南省,公立医院,二甲,综合医院,https://www.dayi.org.cn
汝州市第二人民医院,河南省,公立医院,二甲,综合医院,
汝州市第三人民医院,河南省,公立医院,二甲,综合医院,https://www.rzsdyrmyy.com
汝州市第四人民医院,河南省,公立医院,二甲,综合医院,http://www.ruzhou.gov.cn
汝州市第一人民医院,河南省,公立医院,二甲,综合医院,https://www.rzsdyrmyy.com
三门峡市第三人民医院,河南省,公立医院,二甲,综合医院,https://www.163.com
上蔡县人民医院,河南省,公立医院,二甲,综合医院,
商丘市第三人民医院,河南省,公立医院,二甲,综合医院,https://www.sqssy.com
商丘市第四人民医院,河南省,公立医院,二甲,综合医院,
商丘市中心医院,河南省,公立医院,二甲,综合医院,http://www.sqszxyy.cn
商水县人民医院,河南省,公立医院,二甲,综合医院,http://www.ssxrmyy.net
沈丘县第二人民医院,河南省,公立医院,二甲,综合医院,
沈丘县公费医疗医院,河南省,公立医院,二甲,综合医院,
沈丘县人民医院,河南省,公立医院,二甲,综合医院,
沈丘县职工医院,河南省,公立医院,二甲,综合医院,
社旗县人民医院,河南省,公立医院,二甲,综合医院,http://nysqxzyy.com
遂平县人民医院,河南省,公立医院,二甲,综合医院,https://scrmyy.com
睢县人民医院,河南省,公立医院,二甲,综合医院,
漯河市第二人民医院,河南省,公立医院,二甲,综合医院,http://www.lhey.com
漯河市第二人民医院二分院,河南省,公立医院,二甲,综合医院,http://www.lhey.com
漯河市第六人民医院,河南省,公立医院,二甲,综合医院,
漯河市郾城区第二人民医院,河南省,公立医院,二甲,综合医院,https://yyk.fh21.com.cn
漯河医学高等专科学校第三附属医院,河南省,公立医院,二甲,综合医院,http://www.lysfy.cn
太康县第二人民医院,河南省,公立医院,二甲,综合医院,https://www.meipian.cn
太康县人民医院,河南省,公立医院,二甲,综合医院,https://www.tkxyy.com
台前县人民医院,河南省,公立医院,二甲,综合医院,http://www.tqxrmyy.com
唐河县公费医疗医院,河南省,公立医院,二甲,综合医院,https://tanghe.gov.cn
唐河县人民医院,河南省,公立医院,二甲,综合医院,https://tanghe.gov.cn
铁道部第十五工程局医院,河南省,公立医院,二甲,综合医院,
通许县人民医院,河南省,公立医院,二甲,综合医院,http://www.txxrmyy.cn
卫辉市人民医院,河南省,公立医院,二甲,综合医院,
尉氏县第二人民医院,河南省,公立医院,二甲,综合医院,http://www.wsxrmyy.com.cn
尉氏县第三人民医院,河南省,公立医院,二甲,综合医院,https://www.wssanyuan.com
尉氏县第一人民医院,河南省,公立医院,二甲,综合医院,https://www.wssanyuan.com
舞钢市人民医院,河南省,公立医院,二甲,综合医院,
舞阳钢铁职工医院,河南省,公立医院,二甲,综合医院,https://www.wyxzxyy.com
舞阳县人民医院,河南省,公立医院,二甲,综合医院,
武陟县人民医院,河南省,公立医院,二甲,综合医院,
项城市第二人民医院,河南省,公立医院,二甲,综合医院,
项城市第一人民医院,河南省,公立医院,二甲,综合医院,https://www.xcsdyrmyy.cn
夏邑县第二人民医院,河南省,公立医院,二甲,综合医院,
夏邑县人民医院,河南省,公立医院,二甲,综合医院,http://www.xyxrmyy.co
淅川县人民医院,河南省,公立医院,二甲,综合医院,
西华县人民医院,河南省,公立医院,二甲,综合医院,http://xhxrmyy.yywsb.com
荥阳市人民医院,河南省,公立医院,二甲,综合医院,
新密市第一人民医院,河南省,公立医院,二甲,综合医院,
新乡市第四人民医院,河南省,公立医院,二甲,综合医院,http://www.xxsdsyy.com
新乡市辉县市人民医院,河南省,公立医院,二甲,综合医院,
新乡市新华区医院,河南省,公立医院,二甲,综合医院,http://xhyiyuan.cn
新乡县人民医院,河南省,公立医院,二甲,综合医院,https://www.xxrmyy.com
信阳市第三人民医院,河南省,公立医院,二甲,综合医院,https://www.xysdsrmyy.com
信阳市第四人民医院,河南省,公立医院,二甲,综合医院,https://www.xinyang.gov.cn
信阳市第一人民医院,河南省,公立医院,二甲,综合医院,https://www.hnsxysrmyy.com
信阳市新县人民医院,河南省,公立医院,二甲,综合医院,
信阳市息县人民医院,河南省,公立医院,二甲,综合医院,
信阳市运输集团有限责任公司职工医院,河南省,公立医院,二甲,综合医院,https://www.xyzxyy.com.cn
新野县人民医院,河南省,公立医院,二甲,综合医院,
西平县人民医院,河南省,公立医院,二甲,综合医院,http://www.xprmyy.cn
修武县公费医院,河南省,公立医院,二甲,综合医院,http://www.xiuwu.gov.cn
修武县人民医院,河南省,公立医院,二甲,综合医院,
西峡县人民医院,河南省,公立医院,二甲,综合医院,https://www.haodf.com
许昌市第五人民医院,河南省,公立医院,二甲,综合医院,https://www.xuchang.gov.cn
鄢陵县人民医院,河南省,公立医院,二甲,综合医院,http://www.ylxrmyy.com
偃师市第二人民医院,河南省,公立医院,二甲,综合医院,
偃师市人民医院,河南省,公立医院,二甲,综合医院,http://www.yssrmyy.com
叶县人民医院,河南省,公立医院,二甲,综合医院,
伊川县公费医疗医院,河南省,公立医院,二甲,综合医院,
伊川县人民医院,河南省,公立医院,二甲,综合医院,http://www.ycxrmyy.cn
义煤总医院,河南省,公立医院,二甲,综合医院,
宜阳县人民医院,河南省,公立医院,二甲,综合医院,
永城市人民医院,河南省,公立医院,二甲,综合医院,http://rmyy.hanxingtv.com
原阳县人民医院,河南省,公立医院,二甲,综合医院,https://www.tyxrmyy.cn
虞城县人民医院,河南省,公立医院,二甲,综合医院,https://www.hnsycxrmyy.com
禹州市公疗医院,河南省,公立医院,二甲,综合医院,
禹州市人民医院,河南省,公立医院,二甲,综合医院,http://www.yzsrmyy.org
禹州市职工医院,河南省,公立医院,二甲,综合医院,
禹州市中心医院,河南省,公立医院,二甲,综合医院,http://www.hnyzszyy.com
柘城县人民医院,河南省,公立医院,二甲,综合医院,http://www.zcxrmyy.cn
正阳县人民医院,河南省,公立医院,二甲,综合医院,http://www.hnzyxzyy.cn
郑州市第十五人民医院,河南省,公立医院,二甲,综合医院,https://www.zzrmyy.com
郑州市金水区人民医院,河南省,公立医院,二甲,综合医院,
郑州中康医院,河南省,公立医院,二甲,综合医院,
镇平县人民医院,河南省,公立医院,二甲,综合医院,https://www.zpxrmyy.com
中国人民解放军第五三四医院,河南省,公立医院,二甲,综合医院,
中牟县第二人民医院,河南省,公立医院,二甲,综合医院,
中牟县人民医院,河南省,公立医院,二甲,综合医院,https://www.zmxrmyy.com
中信中心医院,河南省,公立医院,二甲,综合医院,http://www.citic120.com
周口市人民医院,河南省,公立医院,二甲,综合医院,http://www.zkszxyy.com.cn
驻马店市第四人民医院,河南省,公立医院,二甲,综合医院,https://www.zmdszxyy.cn
登封市妇幼保健院,河南省,公立医院,二甲,专科医院,https://www.fsfy.com
安阳市妇幼保健院,河南省,公立医院,二甲,专科医院,http://www.ayfy.com.cn
安阳市滑县中医院,河南省,公立医院,二甲,专科医院,https://hnhxzyy.hnhx.gov.cn
安阳市脉管炎医院,河南省,公立医院,二甲,专科医院,http://www.aysmgy.com
安阳县中医医院,河南省,公立医院,二甲,专科医院,http://www.ayzyy.com
宝丰县中医院,河南省,公立医院,二甲,专科医院,https://www.youlai.cn
泌阳县中医院,河南省,公立医院,二甲,专科医院,http://www.biyang120.cn
博爱县妇幼保健院,河南省,公立医院,二甲,专科医院,
长葛市中医院,河南省,公立医院,二甲,专科医院,https://view.inews.qq.com
长垣县中医院,河南省,公立医院,二甲,专科医院,
登封市中医院,河南省,公立医院,二甲,专科医院,https://www.dfszyy.com
邓州市中医院,河南省,公立医院,二甲,专科医院,http://www.dzcityrmyy.com
方城县中医院,河南省,公立医院,二甲,专科医院,
封丘县中医院,河南省,公立医院,二甲,专科医院,
巩义市中医院,河南省,公立医院,二甲,专科医院,
光山县中医院,河南省,公立医院,二甲,专科医院,http://www.hnzyxzyy.cn
鹤壁市口腔医院,河南省,公立医院,二甲,专科医院,https://wsjkw.hebi.gov.cn
鹤壁市中医院,河南省,公立医院,二甲,专科医院,https://www.hsszhyy.cn
河南省老年医院,河南省,公立医院,二甲,专科医院,https://www.hnslnyy.com
河南中医药大学第一附属医院豫东医院,河南省,公立医院,二甲,专科医院,https://www.hnzhy.com
淮滨县中医院,河南省,公立医院,二甲,专科医院,
淮阳县中医院,河南省,公立医院,二甲,专科医院,http://hnhyxzyy.com
获嘉县中医院,河南省,公立医院,二甲,专科医院,
焦作市康复医院,河南省,公立医院,二甲,专科医院,http://wjw.jiaozuo.gov.cn
济源市妇幼保健院,河南省,公立医院,二甲,专科医院,
济源市中医院,河南省,公立医院,二甲,专科医院,
开封市第二中医院,河南省,公立医院,二甲,专科医院,
开封市第六人民医院,河南省,公立医院,二甲,专科医院,http://www.kfsly.com.cn
开封市妇产医院,河南省,公立医院,二甲,专科医院,http://www.kfsfcyy.com
开封市妇幼保健院,河南省,公立医院,二甲,专科医院,https://www.kffy.com.cn
开封市口腔医院,河南省,公立医院,二甲,专科医院,
开封市杞县中医院,河南省,公立医院,二甲,专科医院,
开封市肿瘤医院,河南省,公立医院,二甲,专科医院,
兰考县中医院,河南省,公立医院,二甲,专科医院,
灵宝市中医院,河南省,公立医院,二甲,专科医院,
临颍县红十字骨病医院,河南省,公立医院,二甲,专科医院,
临颍县中医院,河南省,公立医院,二甲,专科医院,
林州市肿瘤医院,河南省,公立医院,二甲,专科医院,http://www.lzszlyy.com
洛宁县中医院,河南省,公立医院,二甲,专科医院,
罗山县中医院,河南省,公立医院,二甲,专科医院,https://www.luoshan.gov.cn
洛阳市精神卫生中心,河南省,公立医院,二甲,专科医院,http://www.rongkang.com
洛阳市嵩县中医院,河南省,公立医院,二甲,专科医院,
卢氏县中医院,河南省,公立医院,二甲,专科医院,
孟津县中医院,河南省,公立医院,二甲,专科医院,https://www.mjxzyy.com
孟州市中医院,河南省,公立医院,二甲,专科医院,
民权县中医院,河南省,公立医院,二甲,专科医院,http://www.minquan.gov.cn
南乐县精神病医院,河南省,公立医院,二甲,专科医院,http://www.nlxjsbyy.cn
南阳市骨科医院,河南省,公立医院,二甲,专科医院,http://www.nygk.cn
南阳卧龙区妇幼保健院,河南省,公立医院,二甲,专科医院,https://www.nywlfy.com
南召县中医院,河南省,公立医院,二甲,专科医院,http://www.nyszyy.com
内黄县中医院,河南省,公立医院,二甲,专科医院,https://www.meipian.cn
内乡县中医院,河南省,公立医院,二甲,专科医院,http://www.neixiangxian.gov.cn
平顶山市妇幼保健院,河南省,公立医院,二甲,专科医院,
平顶山市郏县中医院,河南省,公立医院,二甲,专科医院,
平舆县中医院,河南省,公立医院,二甲,专科医院,
濮阳市精神卫生中心,河南省,公立医院,二甲,专科医院,https://pyszyy.com
清丰县中医院,河南省,公立医院,二甲,专科医院,
沁阳市中医院,河南省,公立医院,二甲,专科医院,
汝南县中医院,河南省,公立医院,二甲,专科医院,
汝州市中医院,河南省,公立医院,二甲,专科医院,
遂平县中医院,河南省,公立医院,二甲,专科医院,
漯河市郾城区中医院,河南省,公立医院,二甲,专科医院,
唐河县中医院,河南省,公立医院,二甲,专科医院,
通许县中医院,河南省,公立医院,二甲,专科医院,
尉氏县中医院,河南省,公立医院,二甲,专科医院,
温县中医院,河南省,公立医院,二甲,专科医院,
武陟县中医院,河南省,公立医院,二甲,专科医院,
项城市中医院,河南省,公立医院,二甲,专科医院,
襄城县中医院,河南省,公立医院,二甲,专科医院,
夏邑县中医院,河南省,公立医院,二甲,专科医院,
淅川县中医院,河南省,公立医院,二甲,专科医院,
西华县中医院,河南省,公立医院,二甲,专科医院,
新安县中医院,河南省,公立医院,二甲,专科医院,
新密市中医院,河南省,公立医院,二甲,专科医院,
新乡市传染病医院,河南省,公立医院,二甲,专科医院,
新乡市妇幼保健院,河南省,公立医院,二甲,专科医院,
新乡市辉县市中医院,河南省,公立医院,二甲,专科医院,
新乡市精神病医院,河南省,公立医院,二甲,专科医院,
新乡市延津县中医院,河南省,公立医院,二甲,专科医院,
新乡市中医院,河南省,公立医院,二甲,专科医院,
信阳市第二中医院,河南省,公立医院,二甲,专科医院,
信阳市中医院,河南省,公立医院,二甲,专科医院,
新野县中医院,河南省,公立医院,二甲,专科医院,
新郑市中医院,河南省,公立医院,二甲,专科医院,
西平县中医院,河南省,公立医院,二甲,专科医院,
西峡县中医院,河南省,公立医院,二甲,专科医院,
许昌市建安医院,河南省,公立医院,二甲,专科医院,
鄢陵县中医院,河南省,公立医院,二甲,专科医院,
偃师市中医院,河南省,公立医院,二甲,专科医院,
宜阳县中医院,河南省,公立医院,二甲,专科医院,
禹州市中医院,河南省,公立医院,二甲,专科医院,
柘城县中西医结合医院,河南省,公立医院,二甲,专科医院,
正阳县中医院,河南省,公立医院,二甲,专科医院,
郑州仁和老年病医院,河南省,公立医院,二甲,专科医院,
郑州市管城区中医院,河南省,公立医院,二甲,专科医院,
郑州市颈肩腰腿痛医院,河南省,公立医院,二甲,专科医院,
镇平县中医院,河南省,公立医院,二甲,专科医院,
中牟县中医院,河南省,公立医院,二甲,专科医院,
驻马店市第二中医院,河南省,公立医院,二甲,专科医院,
驻马店市妇幼保健所,河南省,公立医院,二甲,专科医院,
固始县人民医院,河南省,公立医院,二乙,综合医院,
安阳县人民医院,河南省,公立医院,二乙,综合医院,
泌阳县第三人民医院,河南省,公立医院,二乙,综合医院,http://www.byxrmyy.cn
固始县黄山医院,河南省,公立医院,二乙,综合医院,
河柴医院,河南省,公立医院,二乙,综合医院,
河南省华新棉纺织厂职工医院,河南省,公立医院,二乙,综合医院,
河南省洛阳市洛耐医院,河南省,公立医院,二乙,综合医院,https://www.lydyyy.com
河南油田第一采油厂双河医院,河南省,公立医院,二乙,综合医院,https://www.pysytzyy.com
淮滨县第二人民医院,河南省,公立医院,二乙,综合医院,
黄泛区农场职工医院,河南省,公立医院,二乙,综合医院,https://www.dayi.org.cn
华源新乡市第三人民医院,河南省,公立医院,二乙,综合医院,
济源煤矿职工医院,河南省,公立医院,二乙,综合医院,https://www.jysrmyy.com
济源市济钢医院,河南省,公立医院,二乙,综合医院,
开封市祥符区第一人民医院,河南省,公立医院,二乙,综合医院,
罗山县第二人民医院,河南省,公立医院,二乙,综合医院,https://xxsdermyy.cn
罗山县第三人民医院,河南省,公立医院,二乙,综合医院,http://www.hnszsy.cn
洛阳白马集团职工医院,河南省,公立医院,二乙,综合医院,
洛阳市第八人民医院,河南省,公立医院,二乙,综合医院,
洛阳市第七人民医院,河南省,公立医院,二乙,综合医院,
洛阳市第十人民医院,河南省,公立医院,二乙,综合医院,https://www.lydyyy.com
洛阳石化医院,河南省,公立医院,二乙,综合医院,http://www.gyaqyy.com
洛阳市交通医院,河南省,公立医院,二乙,综合医院,
洛阳市吉利区人民医院,河南省,公立医院,二乙,综合医院,
洛阳市龙门煤矿职工医院,河南省,公立医院,二乙,综合医院,
洛阳市耐火材料集团公司职工医院,河南省,公立医院,二乙,综合医院,
洛阳市嵩县人民医院,河南省,公立医院,二乙,综合医院,
洛阳新区人民医院,河南省,公立医院,二乙,综合医院,http://www.lylgyy.cn
卢氏县人民医院,河南省,公立医院,二乙,综合医院,
孟津县人民医院,河南省,公立医院,二乙,综合医院,https://www.163.com
南乐县人民医院,河南省,公立医院,二乙,综合医院,
南阳市宛城区第一人民医院,河南省,公立医院,二乙,综合医院,https://www.nyrmyy.com
宁陵县中心医院,河南省,公立医院,二乙,综合医院,https://www.163.com
平顶山中心医院宝丰分院,河南省,公立医院,二乙,综合医院,http://www.pdseybf.com
平煤集团高庄矿职工医院,河南省,公立医院,二乙,综合医院,https://yyk.familydoctor.com.cn
确山县第一人民医院,河南省,公立医院,二乙,综合医院,https://www.zmdqsxrmyy.com
三门峡市陕州区人民医院,河南省,公立医院,二乙,综合医院,https://www.spph-sx.com
商城县人民医院,河南省,公立医院,二乙,综合医院,https://www.scxyy.cn
漯河市郾城区人民医院,河南省,公立医院,二乙,综合医院,
漯河市源汇区中心医院,河南省,公立医院,二乙,综合医院,
铁道部第十五工程局中心医院,河南省,公立医院,二乙,综合医院,
铁道部隧道工程局中心医院,河南省,公立医院,二乙,综合医院,
武警8680部队医院,河南省,公立医院,二乙,综合医院,http://www.e-medicine.cn
舞阳县中心医院,河南省,公立医院,二乙,综合医院,
武陟县公费医疗医院,河南省,公立医院,二乙,综合医院,http://www.caca.org.cn
襄城县第二人民医院,河南省,公立医院,二乙,综合医院,http://www.xcxrmyy.org
新郑市第二人民医院,河南省,公立医院,二乙,综合医院,https://www.xzsdermyy.com
鄢陵县中心医院,河南省,公立医院,二乙,综合医院,
原阳县红十字医院,河南省,公立医院,二乙,综合医院,
郑州管城华仁中医院,河南省,公立医院,二乙,综合医院,https://www.gczyy.com
郑州市二砂医院,河南省,公立医院,二乙,综合医院,https://data.120ask.com
中国建筑第二工程局第二工程公司职工医院,河南省,公立医院,二乙,综合医院,http://www.cscec2bsh.com
中国建筑第七工程局职工医院,河南省,公立医院,二乙,综合医院,https://zjsjwhzxyy.cn
中有总公司第六建设公司洛阳职工医院,河南省,公立医院,二乙,综合医院,https://www.lyszxyy.com
中原油田第五社区管理中心医院,河南省,公立医院,二乙,综合医院,http://zyof.sinopec.com
中州铝厂职工医院,河南省,公立医院,二乙,综合医院,
驻马店市第三人民医院,河南省,公立医院,二乙,综合医院,https://www.zmdszxyy.cn
鹤壁市浚县第二人民医院,河南省,公立医院,二乙,专科医院,
河南省洛阳荣康医院,河南省,公立医院,二乙,专科医院,
焦作市第四人民医院,河南省,公立医院,二乙,专科医院,
鲁山县中医院,河南省,公立医院,二乙,专科医院,https://www.hnls.gov.cn
平顶山市叶县中医院,河南省,公立医院,二乙,专科医院,
商城县中医院,河南省,公立医院,二乙,专科医院,http://www.ssxzyy.com
信阳市乳腺病医院,河南省,公立医院,二乙,专科医院,
信阳市新县中医院,河南省,公立医院,二乙,专科医院,https://www.hnxyzyy.com
信阳市肿瘤医院,河南省,公立医院,二乙,专科医院,http://www.xyszlyy.com.cn
许昌市按摩医院,河南省,公立医院,二乙,专科医院,
许昌市妇幼保健院,河南省,公立医院,二乙,专科医院,http://www.xcfybj.com
许昌市烧伤医院,河南省,公立医院,二乙,专科医院,
郑州市第八人民医院,河南省,公立医院,二乙,专科医院,http://www.zz8y.com
郑州市康复医院,河南省,公立医院,二乙,专科医院,
郑州市口腔医院,河南省,公立医院,二乙,专科医院,https://www.hnzzkq.com
河南省直属机关第一门诊部,河南省,公立医院,未定级,综合医院,http://hnszsy.cn
河南大学附属南石医院,河南省,私立医院,三甲,综合医院,http://www.hdyfy.com
濮阳市油田总医院,河南省,私立医院,三甲,综合医院,https://www.pysytzyy.com
郑州中医骨伤病医院,河南省,私立医院,三甲,专科医院,http://www.gushangbing.com
安阳一五一医院,河南省,私立医院,三乙,综合医院,
邓州市康复医院,河南省,私立医院,三乙,专科医院,http://www.dzszxyy.cn
河南信合医院,河南省,私立医院,二甲,综合医院,https://www.kq36.cn
洛阳仁大医院,河南省,私立医院,二甲,综合医院,http://www.yichuan.gov.cn
孟州民生医院,河南省,私立医院,二甲,综合医院,http://www.mzsey.com
新郑市人民医院,河南省,私立医院,二甲,综合医院,https://www.xzsrmyy.com
郑煤集团总医院,河南省,私立医院,二甲,综合医院,https://m.jianke.com
兰考第一医院,河南省,私立医院,二甲,综合医院,https://www.lkdyyy.cn
孟州市职工医院,河南省,私立医院,二甲,综合医院,
濮阳市红十字医院,河南省,私立医院,二甲,综合医院,http://www.pyshszh.com
郑州市陇海医院,河南省,私立医院,二甲,综合医院,
郑州协和医院,河南省,私立医院,二甲,综合医院,http://www.xhjsk.com
驻马店市第五人民医院,河南省,私立医院,二甲,综合医院,https://www.zmdszxyy.cn
河南省滑县骨科医院,河南省,私立医院,二甲,专科医院,http://www.hxgkyy.cn
河南誉美肾病医院,河南省,私立医院,二甲,专科医院,http://www.hnymyy.cn
郑州拜博口腔医院,河南省,私立医院,二甲,专科医院,
鹤壁中古友好眼科医院,河南省,私立医院,二甲,专科医院,
兰考县妇儿医院,河南省,私立医院,二甲,专科医院,https://www.meipian.cn
洛阳市肿瘤医院,河南省,私立医院,二甲,专科医院,https://www.lyszxyy.com
南阳市肿瘤医院,河南省,私立医院,二甲,专科医院,https://anti-cancer.com.cn
许昌万荣心脑血管病医院,河南省,私立医院,二甲,专科医院,
许昌襄城中西医结合医院,河南省,私立医院,二甲,专科医院,http://www.xcxrmyy.org
柘城县中医院,河南省,私立医院,二甲,专科医院,http://www.zcxzyy.com
郑州集美美容医院,河南省,私立医院,二甲,专科医院,
郑州悦美美容医院,河南省,私立医院,二甲,专科医院,
许昌红月糖尿病医院,河南省,私立医院,二乙,综合医院,
郑州陇海医院,河南省,私立医院,二乙,综合医院,
民权县公疗医院,河南省,私立医院,二乙,综合医院,http://www.minquan.gov.cn
南乐宏业医院,河南省,私立医院,二乙,综合医院,
南乐中兴医院,河南省,私立医院,二乙,综合医院,http://nanle.rgxwae.cn
卫辉市华新医院,河南省,私立医院,二乙,综合医院,
许昌市立医院,河南省,私立医院,二乙,综合医院,
封丘安国医院,河南省,私立医院,二乙,专科医院,http://www.agszyy.cn
洛阳乳腺病医院,河南省,私立医院,二乙,专科医院,
信阳市肛肠医院,河南省,私立医院,二乙,专科医院,
河南省现代医学研究院中医院,河南省,私立医院,二丙,专科医院,http://www.hntcm.com
新乡市新隆祥医院,河南省,私立医院,一级,综合医院,https://job.xxmu.edu.cn
中原郑都中医院,河南省,私立医院,一级,综合医院,https://www.chunyuyisheng.com
滑县正骨医院,河南省,私立医院,一级,专科医院,http://www.hxgkyy.cn
管城美奥口腔门诊部,河南省,私立医院,未定级,专科医院,http://kangfu.bdpf.org.cn
金水美奥德贝口腔门诊部,河南省,私立医院,未定级,专科医院,http://www.dbmkq.com
郑州仁济医院,河南省,私立医院,未定级,专科医院,http://m.rjcs120.com
重庆市璧山区人民医院,重庆市,公立医院,三甲,综合医院,https://www.bsrmyy.com
重庆市大足区人民医院,重庆市,公立医院,三甲,综合医院,
重庆市开州区人民医院,重庆市,公立医院,三甲,综合医院,https://www.cqskzqrmyy.cn
重庆市南川区人民医院,重庆市,公立医院,三甲,综合医院,http://www.ncrmyy.com
重庆市黔江中心医院,重庆市,公立医院,三甲,综合医院,https://m.jianke.com
重庆西南医院,重庆市,公立医院,三甲,综合医院,http://www.xnyy.cn
重庆医科大学附属第二医院,重庆市,公立医院,三甲,综合医院,https://www.sahcqmu.com
重庆医科大学附属第一医院,重庆市,公立医院,三甲,综合医院,https://www.hospital-cqmu.com
重庆医科大学附属永川医院,重庆市,公立医院,三甲,综合医院,https://www.ychcqmu.com
江苏省人民医院重庆医院,重庆市,公立医院,三甲,综合医院,
云阳县人民医院,重庆市,公立医院,三甲,综合医院,http://www.cqyyxyy.cn
重庆江津区中医院,重庆市,公立医院,三甲,综合医院,http://jjzyy.com
重庆三峡中心医院,重庆市,公立医院,三甲,综合医院,https://sxyy.cqu.edu.cn
重庆市长寿区人民医院,重庆市,公立医院,三甲,综合医院,http://www.cqcsyy.cn
重庆市大足区人民医院新院区,重庆市,公立医院,三甲,综合医院,https://www.dzqrmyy.com
重庆市垫江县人民医院,重庆市,公立医院,三甲,综合医院,https://www.cqdjxyy.com
重庆市第九人民医院,重庆市,公立医院,三甲,综合医院,https://www.cq9yuan.com
重庆市涪陵中心医院,重庆市,公立医院,三甲,综合医院,https://www.cdflyy.cn
重庆市江津区中心医院,重庆市,公立医院,三甲,综合医院,http://www.jjhospital.com.cn
重庆市九龙坡区中医院,重庆市,公立医院,三甲,综合医院,
重庆市人民医院,重庆市,公立医院,三甲,综合医院,https://www.cghhospital.org
重庆市人民医院三院院区,重庆市,公立医院,三甲,综合医院,https://www.cghhospital.org
重庆市沙坪坝区人民医院井双院区,重庆市,公立医院,三甲,综合医院,https://www.sqhospital.com.cn
武警重庆总队医院,重庆市,公立医院,三甲,综合医院,https://www.myzx.cn
中国科学院大学重庆仁济医院,重庆市,公立医院,三甲,综合医院,
中国人民解放军陆军第九五八医院,重庆市,公立医院,三甲,综合医院,https://m.youlai.cn
重庆大学附属肿瘤医院,重庆市,公立医院,三甲,专科医院,https://www.cqch.cn
重庆市妇幼保健院,重庆市,公立医院,三甲,专科医院,https://www.cqsfybjy.com
重庆市北碚区中医院,重庆市,公立医院,三甲,专科医院,https://www.cqbbzyy.com
重庆市垫江县中医院,重庆市,公立医院,三甲,专科医院,http://www.cqdjzyy.com
重庆市涪陵区中医院,重庆市,公立医院,三甲,专科医院,https://www.youlai.cn
重庆市铜梁区中医院,重庆市,公立医院,三甲,专科医院,http://www.cqtlzyy.com
重庆市医疗急救中心,重庆市,公立医院,三甲,专科医院,https://www.120cq.com.cn
重庆市中医院,重庆市,公立医院,三甲,专科医院,https://www.cqszyy.com
重庆医科大学附属口腔医院,重庆市,公立医院,三甲,专科医院,https://www.cqdent.com
重庆永川区中医院,重庆市,公立医院,三甲,专科医院,https://www.cqycqzyy.com
西南医院整形美容外科医院,重庆市,公立医院,三甲,专科医院,https://www.ahswmu.cn
永川区中医院凤凰湖分院,重庆市,公立医院,三甲,专科医院,https://www.myzx.cn
云阳县中医院,重庆市,公立医院,三甲,专科医院,
重庆市南川区人民医院妇儿分院,重庆市,公立医院,三乙,综合医院,
重庆市精神卫生中心,重庆市,公立医院,三乙,专科医院,https://www.cqsjwzx.com
重庆市红十字会医院(江北区人民医院),重庆市,公立医院,二甲,综合医院,https://www.cqshszhyy.cn
重庆市渝北区人民医院,重庆市,公立医院,二甲,综合医院,https://www.ybqrmyy.com
长安汽车有限责任公司第二职工医院,重庆市,公立医院,二甲,综合医院,https://xyy.chd.edu.cn
重庆长寿化工园区医院,重庆市,公立医院,二甲,综合医院,
重庆奉节县人民医院,重庆市,公立医院,二甲,综合医院,http://www.fjrmyy.com
重庆江津市第二人民医院,重庆市,公立医院,二甲,综合医院,
重庆建设医院,重庆市,公立医院,二甲,综合医院,http://tag.120ask.com
重庆两江新区第一人民医院,重庆市,公立医院,二甲,综合医院,https://www.ljxqrmyy.com
重庆三峡医药高等专科学校附属医院,重庆市,公立医院,二甲,综合医院,https://www.sxyyc.net
重庆市巴南区第二人民医院,重庆市,公立医院,二甲,综合医院,http://www.cqhxyy.com
重庆市巴南区人民医院,重庆市,公立医院,二甲,综合医院,https://www.bnyy.com
重庆市第七人民医院,重庆市,公立医院,二甲,综合医院,https://www.cq7y.com
重庆市第十二人民医院,重庆市,公立医院,二甲,综合医院,https://www.sahcqmu.com
重庆市第十三人民医院,重庆市,公立医院,二甲,综合医院,https://www.13hospital.cn
重庆市东华医院,重庆市,公立医院,二甲,综合医院,https://www.myzx.cn
重庆市东南医院,重庆市,公立医院,二甲,综合医院,https://www.cqdongnanhospital.com
重庆市丰都县人民医院,重庆市,公立医院,二甲,综合医院,https://www.fdrmyy.cn
重庆市合川区人民医院,重庆市,公立医院,二甲,综合医院,http://www.hcrmyy.cn
重庆市嘉陵医院,重庆市,公立医院,二甲,综合医院,https://www.163.com
重庆市九龙坡区第二人民医院,重庆市,公立医院,二甲,综合医院,
重庆市九龙坡区第五人民医院,重庆市,公立医院,二甲,综合医院,
重庆市九龙坡区第一人民医院,重庆市,公立医院,二甲,综合医院,
重庆市九龙坡区西南铝医院,重庆市,公立医院,二甲,综合医院,http://www.cqswah.com
重庆市梁平区人民医院,重庆市,公立医院,二甲,综合医院,http://lprmyy.com
重庆市綦江齿轮厂职工医院,重庆市,公立医院,二甲,综合医院,
重庆市荣昌区人民医院,重庆市,公立医院,二甲,综合医院,http://www.cqrc120.com
重庆市沙坪坝区人民医院,重庆市,公立医院,二甲,综合医院,https://www.sqhospital.com.cn
重庆市松藻矿务局职工医院,重庆市,公立医院,二甲,综合医院,
重庆市铜梁区人民医院,重庆市,公立医院,二甲,综合医院,http://www.cqstlqrmyy.cn
重庆市万盛经济技术开发区人民医院,重庆市,公立医院,二甲,综合医院,https://www.cqwsrmyy.com
重庆市万盛区人民医院,重庆市,公立医院,二甲,综合医院,https://www.myzx.cn
重庆市万州区第二人民医院,重庆市,公立医院,二甲,综合医院,https://www.jianshu.com
重庆市万州区第一人民医院,重庆市,公立医院,二甲,综合医院,
重庆市万州区人民医院,重庆市,公立医院,二甲,综合医院,https://m.jianke.com
重庆市武隆区人民医院,重庆市,公立医院,二甲,综合医院,
重庆市西南铝医院,重庆市,公立医院,二甲,综合医院,http://www.cqswah.com
重庆市秀山县人民医院,重庆市,公立医院,二甲,综合医院,https://www.cqxs120.net
重庆市中梁山煤矿职工医院,重庆市,公立医院,二甲,综合医院,https://www.zgylbx.com
重庆市忠县人民医院,重庆市,公立医院,二甲,综合医院,https://www.cqzxrmyy.com
重庆潼南区人民医院,重庆市,公立医院,二甲,综合医院,http://www.tnqrmyy.com
重庆巫山县人民医院,重庆市,公立医院,二甲,综合医院,http://www.cqws120.cn
重庆医科大学附属第一医院第一分院,重庆市,公立医院,二甲,综合医院,
重庆医科大学附属康复医院大公馆院区,重庆市,公立医院,二甲,综合医院,https://www.rhcqmu.com
重庆永川区人民医院,重庆市,公立医院,二甲,综合医院,https://m.ychcqmu.com
重庆渝西医院,重庆市,公立医院,二甲,综合医院,
南桐总医院,重庆市,公立医院,二甲,综合医院,http://www.tchospital.cn
彭水县人民医院,重庆市,公立医院,二甲,综合医院,
石柱土家族自治县人民医院,重庆市,公立医院,二甲,综合医院,
天府矿务局总医院,重庆市,公立医院,二甲,综合医院,
西南铝业集团有限公司职工医院,重庆市,公立医院,二甲,综合医院,http://www.cqswah.com
重庆市中医骨科医院,重庆市,公立医院,二甲,专科医院,https://www.cqgkyy.cn
北碚区妇幼保健院,重庆市,公立医院,二甲,专科医院,https://www.myzx.cn
重庆丰都县中医院,重庆市,公立医院,二甲,专科医院,
重庆合川区中医院,重庆市,公立医院,二甲,专科医院,
重庆江北区中医院,重庆市,公立医院,二甲,专科医院,
重庆綦江区中医院,重庆市,公立医院,二甲,专科医院,
重庆荣昌县中医院,重庆市,公立医院,二甲,专科医院,http://www.rcqzyy.cn
重庆市巴南区中医院,重庆市,公立医院,二甲,专科医院,
重庆市璧山区妇幼保健院,重庆市,公立医院,二甲,专科医院,
重庆市璧山区中医院,重庆市,公立医院,二甲,专科医院,
重庆市长寿区妇幼保健院,重庆市,公立医院,二甲,专科医院,
重庆市大足区妇幼保健院,重庆市,公立医院,二甲,专科医院,
重庆市奉节县中医院,重庆市,公立医院,二甲,专科医院,
重庆市涪陵区妇幼保健院,重庆市,公立医院,二甲,专科医院,
重庆市江津区妇幼保健院,重庆市,公立医院,二甲,专科医院,
重庆市九龙坡区中医骨科医院,重庆市,公立医院,二甲,专科医院,
重庆市开州区中医院,重庆市,公立医院,二甲,专科医院,
重庆市梁平区中医医院,重庆市,公立医院,二甲,专科医院,
重庆市彭水县中医院,重庆市,公立医院,二甲,专科医院,
重庆市黔江区中医院,重庆市,公立医院,二甲,专科医院,
重庆市万州区中医院,重庆市,公立医院,二甲,专科医院,
重庆市永川区妇幼保健院,重庆市,公立医院,二甲,专科医院,
重庆市渝北区中医院,重庆市,公立医院,二甲,专科医院,
重庆潼南区中医院,重庆市,公立医院,二甲,专科医院,https://www.cqstnqzyy.com
重庆巫山县中医院,重庆市,公立医院,二甲,专科医院,http://www.wsxzyy.com
重庆忠县中医院,重庆市,公立医院,二甲,专科医院,
大足区中医院,重庆市,公立医院,二甲,专科医院,
开州区妇幼保健院,重庆市,公立医院,二甲,专科医院,
彭水县妇幼保健院,重庆市,公立医院,二甲,专科医院,
荣昌县妇幼保健院,重庆市,公立医院,二甲,专科医院,
石柱土家族自治县中医院,重庆市,公立医院,二甲,专科医院,
铜梁区妇女儿童医院,重庆市,公立医院,二甲,专科医院,
秀山土家族苗族自治县中医医院,重庆市,公立医院,二甲,专科医院,
渝北区妇幼保健院,重庆市,公立医院,二甲,专科医院,https://www.cqsfybjy.com
重庆北部新区第二人民医院,重庆市,公立医院,二乙,综合医院,
重庆城口县人民医院,重庆市,公立医院,二乙,综合医院,https://www.ckxrmyy.com
重庆涪陵建峰医院,重庆市,公立医院,二乙,综合医院,https://news.sina.com.cn
重庆涪陵生殖健康中心,重庆市,公立医院,二乙,综合医院,http://www.fl.gov.cn
重庆Ｏ九四职工医院,重庆市,公立医院,二乙,综合医院,https://www.cq9yuan.com
重庆市大渡口区第一人民医院,重庆市,公立医院,二乙,综合医院,http://www.zhuangshengsheng.com
重庆市大渡口区人民医院,重庆市,公立医院,二乙,综合医院,http://www.ddkqrmyy.com
重庆市涪陵区人民医院,重庆市,公立医院,二乙,综合医院,https://www.flqrmyy.com
重庆市高新区人民医院,重庆市,公立医院,二乙,综合医院,
重庆市南岸区第二人民医院,重庆市,公立医院,二乙,综合医院,https://www.sahcqmu.com
重庆市南岸区第一人民医院,重庆市,公立医院,二乙,综合医院,
重庆市南岸区东港中心医院,重庆市,公立医院,二乙,综合医院,https://www.dgzxyy.com
重庆市南川区红十字会博爱医院,重庆市,公立医院,二乙,综合医院,
重庆望江医院,重庆市,公立医院,二乙,综合医院,
重庆长航医院,重庆市,公立医院,二乙,综合医院,
电子工业部四一二医院,重庆市,公立医院,二乙,综合医院,https://m.familydoctor.com.cn
高新园第二人民医院,重庆市,公立医院,二乙,综合医院,https://ahs2y.com
南桐矿务局总医院塔山分院,重庆市,公立医院,二乙,综合医院,http://www.tchospital.cn
彭水县民族医疗保健医院,重庆市,公立医院,二乙,综合医院,
永川区六五二医院,重庆市,公立医院,二乙,综合医院,https://m.ychcqmu.com
中国船舶工业总公司六五二医院,重庆市,公立医院,二乙,综合医院,http://mail.hz-shipgroup.com
重庆港口医院,重庆市,公立医院,二乙,专科医院,https://www.cq9yuan.com
重庆合川区中西医结合医院,重庆市,公立医院,二乙,专科医院,https://www.miaoshou.net
重庆綦江县中医院,重庆市,公立医院,二乙,专科医院,
重庆市长寿区中医院,重庆市,公立医院,二乙,专科医院,
重庆市九龙坡区第二中医院,重庆市,公立医院,二乙,专科医院,https://www.cqszyy.com
重庆市开州区结核病防治所,重庆市,公立医院,二乙,专科医院,http://www.cqtb.cn
重庆市南岸区第一中医院,重庆市,公立医院,二乙,专科医院,https://www.cqszyy.com
重庆市綦江区妇幼保健院,重庆市,公立医院,二乙,专科医院,
重庆市沙坪坝区中医院,重庆市,公立医院,二乙,专科医院,https://www.cqszyy.com
重庆市万盛经济技术开发区中医院,重庆市,公立医院,二乙,专科医院,
重庆市万盛经开区中医院,重庆市,公立医院,二乙,专科医院,
重庆市忠县妇幼保健院,重庆市,公立医院,二乙,专科医院,
武隆县中医院,重庆市,公立医院,二乙,专科医院,
酉阳土家族苗族自治县中医医院,重庆市,公立医院,二乙,专科医院,
重庆存济口腔医院,重庆市,私立医院,三丙,专科医院,http://www.whcjkq.com
重庆江北黄泥磅医院,重庆市,私立医院,二甲,综合医院,https://m.youlai.cn
重庆骑士医院,重庆市,私立医院,二甲,综合医院,https://www.cqqsyy.com
重庆市儿童爱心庄园,重庆市,私立医院,二甲,综合医院,http://mzj.cq12349.cn
重庆市黔江民族医院,重庆市,私立医院,二甲,综合医院,http://www.qjmzyy.com
重庆颐宁医院,重庆市,私立医院,二甲,综合医院,
开州安康医院,重庆市,私立医院,二甲,综合医院,http://aksrmyy.cn
重庆奥林中医肛肠医院,重庆市,私立医院,二甲,专科医院,
重庆育恩联合妇产医院,重庆市,私立医院,二甲,专科医院,
重庆芳华医院,重庆市,私立医院,二乙,综合医院,http://www.fanghua120.com
重庆渝东医院,重庆市,私立医院,二乙,综合医院,http://cqydwsxx.cn
南川宏仁医院,重庆市,私立医院,二乙,综合医院,http://www.nchongren.com
忠县红滨医院,重庆市,私立医院,二乙,综合医院,
重庆市长城医院,重庆市,私立医院,二乙,专科医院,http://www.cqccgkyy.com
开县任洪霞妇产医院,重庆市,私立医院,二乙,专科医院,https://news.sina.com.cn
万州爱瑞阳光眼科医院,重庆市,私立医院,二乙,专科医院,http://www.cqyg120.cn
重庆海扶医院,重庆市,私立医院,一甲,专科医院,https://www.meipian.cn
重庆宏仁一医院,重庆市,私立医院,未定级,综合医院,http://www.nchongren.com
重庆莱佛士医院,重庆市,私立医院,未定级,综合医院,
重庆爱尔儿童眼科医院,重庆市,私立医院,未定级,专科医院,https://www.cqetyk.com
重庆眼视光眼科医院,重庆市,私立医院,未定级,专科医院,http://68770120.com
重庆中渝美奥口腔门诊部,重庆市,私立医院,未定级,专科医院,http://pc.cdmyour.com
常熟市第二人民医院,江苏省,公立医院,三甲,综合医院,http://www.csey.cn
常州市第二人民医院,江苏省,公立医院,三甲,综合医院,https://www.czey.com
常州市第一人民医院,江苏省,公立医院,三甲,综合医院,http://www.czfph.com
丹阳市人民医院,江苏省,公立医院,三甲,综合医院,https://dys120.com
东南大学附属中大医院,江苏省,公立医院,三甲,综合医院,https://www.163.com
东台市人民医院,江苏省,公立医院,三甲,综合医院,https://www.dtry.cn
淮安市第一人民医院,江苏省,公立医院,三甲,综合医院,https://www.hasyy.cn
江苏大学附属医院,江苏省,公立医院,三甲,综合医院,https://www.jdfy.cn
江苏省妇幼保健院,江苏省,公立医院,三甲,综合医院,http://www.jswch.net
江苏省人民医院,江苏省,公立医院,三甲,综合医院,https://www.jsph.org.cn
江苏省苏北人民医院,江苏省,公立医院,三甲,综合医院,https://www.yzsbh.com
江苏省中医院,江苏省,公立医院,三甲,综合医院,http://www.jshtcm.com
昆山市第一人民医院,江苏省,公立医院,三甲,综合医院,https://www.ksrmyy.org
连云港市第二人民医院,江苏省,公立医院,三甲,综合医院,http://www.lygey.com
连云港市第一人民医院,江苏省,公立医院,三甲,综合医院,https://www.lygyy.com.cn
南京鼓楼医院,江苏省,公立医院,三甲,综合医院,https://www.njglyy.com
南京市第二医院,江苏省,公立医院,三甲,综合医院,http://www.njsech.net
南京市第一医院,江苏省,公立医院,三甲,综合医院,https://www.njsdyyy.com.cn
南京市中医院,江苏省,公立医院,三甲,综合医院,https://www.njszyy.cn
南京医科大学第二附属医院,江苏省,公立医院,三甲,综合医院,https://news.qq.com
南通大学附属医院,江苏省,公立医院,三甲,综合医院,https://www.ahnmc.com
南通市中医院,江苏省,公立医院,三甲,综合医院,https://www.ntzyy.com
苏州大学附属第一医院,江苏省,公立医院,三甲,综合医院,https://fyy.sdfyy.cn
苏州市广济医院,江苏省,公立医院,三甲,综合医院,
苏州市立医院,江苏省,公立医院,三甲,综合医院,http://www.smh.cc
太仓市第一人民医院,江苏省,公立医院,三甲,综合医院,http://www.tcsyy.cn
泰州市人民医院,江苏省,公立医院,三甲,综合医院,https://www.jstzhospital.com
泰州市中医院,江苏省,公立医院,三甲,综合医院,http://www.tzszyy.com
无锡市中医医院,江苏省,公立医院,三甲,综合医院,https://www.wxtcm.com
徐州市中心医院,江苏省,公立医院,三甲,综合医院,https://www.xzch.cn
徐州医科大学附属医院,江苏省,公立医院,三甲,综合医院,https://www.jsxyfy.com
扬州大学附属医院,江苏省,公立医院,三甲,综合医院,https://www.yangzhouyiyuan.com
镇江市第一人民医院,江苏省,公立医院,三甲,综合医院,https://www.zjhospital.net
第二军医大学长征医院南京分院,江苏省,公立医院,三甲,综合医院,https://www.myzx.cn
东部战区空军医院,江苏省,公立医院,三甲,综合医院,
淮安市第二人民医院,江苏省,公立医院,三甲,综合医院,http://www.rcstar.com
江苏省第二中医院,江苏省,公立医院,三甲,综合医院,http://www.jssdezyy.com
江阴市人民医院,江苏省,公立医院,三甲,综合医院,http://www.jyrmyy.com
南京军区第八一医院,江苏省,公立医院,三甲,综合医院,
南京市大厂医院,江苏省,公立医院,三甲,综合医院,
南京市江宁医院,江苏省,公立医院,三甲,综合医院,https://www.njjnyy.cn
南京医科大学第二附属医院东院,江苏省,公立医院,三甲,综合医院,https://news.qq.com
南通市第三人民医院,江苏省,公立医院,三甲,综合医院,https://www.ntdsyy.com
南通市第一人民医院,江苏省,公立医院,三甲,综合医院,http://www.nt2191.com
苏州大学附属第二医院,江苏省,公立医院,三甲,综合医院,https://www.sdfey.com
苏州大学附属第一医院平江分院,江苏省,公立医院,三甲,综合医院,https://fyy.sdfyy.cn
苏州市第九人民医院,江苏省,公立医院,三甲,综合医院,https://www.szsdjrmyy.com
武警江苏总队医院,江苏省,公立医院,三甲,综合医院,
无锡市第二人民医院,江苏省,公立医院,三甲,综合医院,https://www.wx2h.com
无锡市第三人民医院,江苏省,公立医院,三甲,综合医院,
无锡市第四人民医院,江苏省,公立医院,三甲,综合医院,http://www.wuxihospital.com
无锡市人民医院,江苏省,公立医院,三甲,综合医院,http://www.wuxiph.com
徐州市第三人民医院,江苏省,公立医院,三甲,综合医院,https://m.youlai.cn
徐州市第一人民医院,江苏省,公立医院,三甲,综合医院,https://www.xzsdyyy.com
盐城市第三人民医院,江苏省,公立医院,三甲,综合医院,https://www.jsycsy.com
盐城市第四人民医院,江苏省,公立医院,三甲,综合医院,https://www.ycssy.cn
盐城市第一人民医院,江苏省,公立医院,三甲,综合医院,https://www.ycsyy.com
宜兴市人民医院,江苏省,公立医院,三甲,综合医院,https://www.yxph.com
镇江市第四人民医院,江苏省,公立医院,三甲,综合医院,https://www.zj4y.net
中国人民解放军第八二医院,江苏省,公立医院,三甲,综合医院,https://www.mfk.com
中国人民解放军第九七医院,江苏省,公立医院,三甲,综合医院,https://www.myzx.cn
中国人民解放军联勤保障部队第九〇四医院,江苏省,公立医院,三甲,综合医院,https://www.163.com
中国人民解放军联勤保障部队第九〇四医院常州院区,江苏省,公立医院,三甲,综合医院,https://www.163.com
常州市妇幼保健院,江苏省,公立医院,三甲,专科医院,https://www.czfybjy.com
江苏省肿瘤医院,江苏省,公立医院,三甲,专科医院,https://www.jszlyy.com.cn
江苏省中西医结合医院,江苏省,公立医院,三甲,专科医院,https://www.jsatcm.com
昆山市中医医院,江苏省,公立医院,三甲,专科医院,http://www.kstcm.org.cn
连云港市妇幼保健院,江苏省,公立医院,三甲,专科医院,https://www.lygfybj.com
南京市儿童医院,江苏省,公立医院,三甲,专科医院,https://www.njch.com.cn
南京市妇幼保健院,江苏省,公立医院,三甲,专科医院,https://www.njfybjy.com
南通市第四人民医院,江苏省,公立医院,三甲,专科医院,https://www.nt4y.cn
南通市妇幼保健院,江苏省,公立医院,三甲,专科医院,https://www.ntfybj.com
苏州大学附属儿童医院,江苏省,公立医院,三甲,专科医院,https://www.sdfey.cn
无锡市第五人民医院,江苏省,公立医院,三甲,专科医院,http://wuxi5h.com
盐城市中医院,江苏省,公立医院,三甲,专科医院,https://www.ycszyy.com.cn
张家港市中医医院,江苏省,公立医院,三甲,专科医院,https://www.zjghtcm.com
常州市中医院,江苏省,公立医院,三甲,专科医院,https://www.czzyy.com
淮安市妇幼保健院,江苏省,公立医院,三甲,专科医院,https://www.hasfy.cn
淮安市中医院,江苏省,公立医院,三甲,专科医院,
连云港市中医院,江苏省,公立医院,三甲,专科医院,https://m.haodf.com
南京脑科医院,江苏省,公立医院,三甲,专科医院,http://www.c-nbh.com
南京市口腔医院,江苏省,公立医院,三甲,专科医院,http://www.njkq.net
南京市胸科医院,江苏省,公立医院,三甲,专科医院,http://www.njxkyy.net
南京市中西医结合医院,江苏省,公立医院,三甲,专科医院,http://www.zxyyy.com
南京医科大学附属口腔医院,江苏省,公立医院,三甲,专科医院,https://www.jsdental.cn
南京医科大学眼科医院,江苏省,公立医院,三甲,专科医院,http://www.jseye.com.cn
南通市肿瘤医院,江苏省,公立医院,三甲,专科医院,https://www.ntzlyy.cn
苏州市中医医院,江苏省,公立医院,三甲,专科医院,http://www.sztcm.org.cn
无锡市妇幼保健院,江苏省,公立医院,三甲,专科医院,https://www.163.com
无锡市精神卫生中心,江苏省,公立医院,三甲,专科医院,http://www.wuximhc.com
徐州市东方人民医院,江苏省,公立医院,三甲,专科医院,https://www.xzdfyy.com
徐州市妇幼保健院,江苏省,公立医院,三甲,专科医院,http://www.xzfybjy.com
徐州市中医院,江苏省,公立医院,三甲,专科医院,http://www.xztcm.com
徐州医科大学附属儿童医院,江苏省,公立医院,三甲,专科医院,http://www.xzetyy.cn
盐城市妇幼保健院,江苏省,公立医院,三甲,专科医院,https://www.ycfybj.com
扬州市妇幼保健院,江苏省,公立医院,三甲,专科医院,http://www.yzfybj.com
扬州市中医院,江苏省,公立医院,三甲,专科医院,http://www.yzszyy.com
镇江市中医院,江苏省,公立医院,三甲,专科医院,https://www.zjzyy.net
中国医学科学院皮肤病医院,江苏省,公立医院,三甲,专科医院,http://www.pumcderm.net
东台市中医院,江苏省,公立医院,三乙,综合医院,
江阴市中医院,江苏省,公立医院,三乙,综合医院,https://www.jyzyy.com.cn
靖江市中医院,江苏省,公立医院,三乙,综合医院,https://www.jsjjzyy.com
连云港市东方医院,江苏省,公立医院,三乙,综合医院,https://www.lygdfyy.com.cn
南通市海门区人民医院,江苏省,公立医院,三乙,综合医院,https://www.hmph120.com
如东县人民医院,江苏省,公立医院,三乙,综合医院,https://www.rdrmyy.cn
宜兴市中医医院,江苏省,公立医院,三乙,综合医院,https://www.yxszyyy.net
仪征市人民医院,江苏省,公立医院,三乙,综合医院,
镇江市第三人民医院,江苏省,公立医院,三乙,综合医院,https://www.jszjsy.cn
常州市武进人民医院,江苏省,公立医院,三乙,综合医院,https://www.wjh.cn
海安市人民医院,江苏省,公立医院,三乙,综合医院,https://www.harmyy.com.cn
江苏盛泽医院,江苏省,公立医院,三乙,综合医院,https://www.jsszh.org.cn
昆山市第一人民医院开发区分院,江苏省,公立医院,三乙,综合医院,https://www.ksrmyy.org
连云港市经济技术开发区中云医院,江苏省,公立医院,三乙,综合医院,
连云港市市立东方医院,江苏省,公立医院,三乙,综合医院,https://www.lygdfyy.com.cn
邳州市人民医院,江苏省,公立医院,三乙,综合医院,http://www.pzsrmyy.com
苏州市吴江区第一人民医院,江苏省,公立医院,三乙,综合医院,
泰兴市人民医院,江苏省,公立医院,三乙,综合医院,http://www.jstxry.com
新沂市人民医院,江苏省,公立医院,三乙,综合医院,
张家港市第一人民医院,江苏省,公立医院,三乙,综合医院,
镇江市中西医结合医院,江苏省,公立医院,三乙,综合医院,http://www.myzjey.com
中国人民解放军第三五九医院,江苏省,公立医院,三乙,综合医院,https://www.myzx.cn
中国人民解放军七三Ｏ三二部队医院,江苏省,公立医院,三乙,综合医院,https://www.gtbjah.cn
常熟市中医院,江苏省,公立医院,三乙,专科医院,https://www.cszyy.cn
常州市儿童医院,江苏省,公立医院,三乙,专科医院,http://www.czetyy.com
常州市武进中医医院,江苏省,公立医院,三乙,专科医院,https://www.wjzyyy.com
丹阳市中医院,江苏省,公立医院,三乙,专科医院,https://www.dyszyy.cn
高邮市中医医院,江苏省,公立医院,三乙,专科医院,https://www.gyszyy.com
海安县中医院,江苏省,公立医院,三乙,专科医院,http://www.jshazyy.com
淮安市第四人民医院,江苏省,公立医院,三乙,专科医院,https://www.hassy.cn
淮安市肿瘤医院,江苏省,公立医院,三乙,专科医院,https://www.czyy120.cn
昆山市妇幼保健院,江苏省,公立医院,三乙,专科医院,https://www.hqhospital.com
邳州市中医院,江苏省,公立医院,三乙,专科医院,http://www.pzszyy.com
启东市中医院,江苏省,公立医院,三乙,专科医院,http://www.qdszyy.com
如东县中医院,江苏省,公立医院,三乙,专科医院,http://www.rdxzyy.com
如皋市中医院,江苏省,公立医院,三乙,专科医院,http://www.rgzyy.com.cn
苏州市第五人民医院,江苏省,公立医院,三乙,专科医院,http://www.szwy.cn
苏州市中西医结合医院,江苏省,公立医院,三乙,专科医院,http://www.mdrmyy.com
太仓市中医医院,江苏省,公立医院,三乙,专科医院,http://www.tczyy.com
泰州市姜堰中医院,江苏省,公立医院,三乙,专科医院,http://www.tzsjyzyy.com
靖江市人民医院,江苏省,公立医院,三丙,综合医院,http://www.jsjj120.com
无锡市锡山区人民医院,江苏省,公立医院,三丙,综合医院,http://www.wxxsh.net
无锡市第九人民医院（苏州大学附属无锡九院）,江苏省,公立医院,三丙,专科医院,http://www.wxswk.com
滨海县中医院,江苏省,公立医院,二甲,综合医院,
高邮市中西医结合医院,江苏省,公立医院,二甲,综合医院,
淮安市洪泽区人民医院,江苏省,公立医院,二甲,综合医院,http://www.hzqrmyy.cn
金湖县人民医院,江苏省,公立医院,二甲,综合医院,https://www.jhxrmyy.com
昆山市第四人民医院,江苏省,公立医院,二甲,综合医院,
溧阳市中医医院,江苏省,公立医院,二甲,综合医院,
南京市溧水区中医院,江苏省,公立医院,二甲,综合医院,http://www.lsxzyy.com
南京市六合区中医院,江苏省,公立医院,二甲,综合医院,https://www.lhqzy.com
南京医科大学第四附属医院,江苏省,公立医院,二甲,综合医院,http://www.jsnydsfy.com
无锡市第二中医医院,江苏省,公立医院,二甲,综合医院,http://www.bhqzyy.com
新沂市中医医院,江苏省,公立医院,二甲,综合医院,
徐州市矿山医院,江苏省,公立医院,二甲,综合医院,
张家港市第五人民医院,江苏省,公立医院,二甲,综合医院,
宝应县人民医院,江苏省,公立医院,二甲,综合医院,http://www.jsbyrmyy.cn
滨海县人民医院,江苏省,公立医院,二甲,综合医院,http://www.bhrmyy.cn
常熟市第一人民医院,江苏省,公立医院,二甲,综合医院,https://www.jscsyy.cn
常熟市支塘人民医院,江苏省,公立医院,二甲,综合医院,http://www.bidizhaobiao.com
常州市武进第二人民医院,江苏省,公立医院,二甲,综合医院,
大丰市人民医院,江苏省,公立医院,二甲,综合医院,http://www.dfrmyy.com
大丰县上海劳动医院,江苏省,公立医院,二甲,综合医院,
荡口人民医院,江苏省,公立医院,二甲,综合医院,
大屯煤电集团有限责任公司中心医院,江苏省,公立医院,二甲,综合医院,http://www.dtmdyy.cn
大屯煤电集团职工中心医院,江苏省,公立医院,二甲,综合医院,http://www.dtmdyy.cn
东海县人民医院,江苏省,公立医院,二甲,综合医院,
阜宁县人民医院,江苏省,公立医院,二甲,综合医院,
灌南县第一人民医院,江苏省,公立医院,二甲,综合医院,https://www.gnxdyrmyy.com
灌南县人民医院,江苏省,公立医院,二甲,综合医院,https://www.gnxdyrmyy.com
灌云县人民医院,江苏省,公立医院,二甲,综合医院,http://www.gyxrmyy.cn
淮安市淮阴医院,江苏省,公立医院,二甲,综合医院,
淮安市青浦区城中人民医院,江苏省,公立医院,二甲,综合医院,
江都市中医院,江苏省,公立医院,二甲,综合医院,http://www.yzszyy.com
江苏公安边防总队医院,江苏省,公立医院,二甲,综合医院,https://www.jszwfw.gov.cn
江苏省滨海县东坎医院,江苏省,公立医院,二甲,综合医院,https://www.meipian.cn
江苏省江原医院,江苏省,公立医院,二甲,综合医院,https://m.jianke.com
江苏省省级机关医院,江苏省,公立医院,二甲,综合医院,https://www.jspoh.com
江苏省宜兴市武警医院,江苏省,公立医院,二甲,综合医院,
解放军515医院,江苏省,公立医院,二甲,综合医院,https://www.haodf.com
解放军73056部队医院,江苏省,公立医院,二甲,综合医院,http://www.924yy.mil.cn
靖江市第二人民医院,江苏省,公立医院,二甲,综合医院,
昆山市第二人民医院,江苏省,公立医院,二甲,综合医院,
昆山市第六人民医院,江苏省,公立医院,二甲,综合医院,
昆山市第三人民医院,江苏省,公立医院,二甲,综合医院,
昆山市花桥人民医院,江苏省,公立医院,二甲,综合医院,https://www.ksrmyy.org
连云港市新浦区人民医院,江苏省,公立医院,二甲,综合医院,https://www.lygyy.com.cn
南京康爱医院,江苏省,公立医院,二甲,综合医院,
南京市第三医院,江苏省,公立医院,二甲,综合医院,
南京市红十字医院,江苏省,公立医院,二甲,综合医院,
南京市六合区人民医院,江苏省,公立医院,二甲,综合医院,
南京市秦淮医院,江苏省,公立医院,二甲,综合医院,
南京市栖霞区龙潭医院,江苏省,公立医院,二甲,综合医院,
南京市栖霞区医院,江苏省,公立医院,二甲,综合医院,
南京市中心医院,江苏省,公立医院,二甲,综合医院,
南通市第二人民医院,江苏省,公立医院,二甲,综合医院,
邳州市第二人民医院,江苏省,公立医院,二甲,综合医院,
浦口区中心医院,江苏省,公立医院,二甲,综合医院,https://www.myzx.cn
如东县第四人民医院,江苏省,公立医院,二甲,综合医院,
上海梅山医院,江苏省,公立医院,二甲,综合医院,https://www.shmsyy.com
上海梅山医院分院,江苏省,公立医院,二甲,综合医院,https://news.qq.com
射阳县人民医院,江苏省,公立医院,二甲,综合医院,https://www.syhos.net
苏州高新区人民医院,江苏省,公立医院,二甲,综合医院,https://www.snd-yy.com
苏州市第七人民医院,江苏省,公立医院,二甲,综合医院,https://www.sdfey.com
苏州市吴江区中医医院,江苏省,公立医院,二甲,综合医院,https://www.wjeryuan.com
苏州市吴中区第二人民医院,江苏省,公立医院,二甲,综合医院,https://www.wjeryuan.com
苏州市吴中人民医院,江苏省,公立医院,二甲,综合医院,http://www.wzrm-hospital.com
苏州市相城人民医院,江苏省,公立医院,二甲,综合医院,https://www.xcrmyy.com
太仓市浏河人民医院,江苏省,公立医院,二甲,综合医院,
泰州市第四人民医院,江苏省,公立医院,二甲,综合医院,https://www.tzdsyy.com.cn
泰州市第四人民医院西站分院,江苏省,公立医院,二甲,综合医院,
武警八六九Ｏ医院,江苏省,公立医院,二甲,综合医院,
无锡市第八人民医院,江苏省,公立医院,二甲,综合医院,https://www.wx8h.com
无锡市惠山区人民医院,江苏省,公立医院,二甲,综合医院,http://www.hsqhospital.com
无锡市老年病医院,江苏省,公立医院,二甲,综合医院,https://www.wx2h.com
无锡市锡山区人民医院分院,江苏省,公立医院,二甲,综合医院,http://www.ehrmyy.cn
相城区人民医院,江苏省,公立医院,二甲,综合医院,https://www.xcrmyy.com
响水县人民医院,江苏省,公立医院,二甲,综合医院,
新沂市铁路医院,江苏省,公立医院,二甲,综合医院,https://www.meipian.cn
徐州贾汪区人民医院,江苏省,公立医院,二甲,综合医院,https://www.jwqrmyy.cn
徐州矿务集团第二医院,江苏省,公立医院,二甲,综合医院,https://www.meipian.cn
徐州矿务集团第一医院,江苏省,公立医院,二甲,综合医院,
徐州市电力医院,江苏省,公立医院,二甲,综合医院,
徐州市第六人民医院,江苏省,公立医院,二甲,综合医院,
徐州市沛县人民医院,江苏省,公立医院,二甲,综合医院,
徐州市云龙区人民医院,江苏省,公立医院,二甲,综合医院,https://www.jwqrmyy.cn
徐州医科大学附属第三医院,江苏省,公立医院,二甲,综合医院,
扬中市人民医院,江苏省,公立医院,二甲,综合医院,https://www.yzhp.com
扬州友好医院,江苏省,公立医院,二甲,综合医院,https://www.yzyhyy.com
宜兴市第二人民医院,江苏省,公立医院,二甲,综合医院,http://www.yxsph.com
张家港市第三人民医院,江苏省,公立医院,二甲,综合医院,
张家港市锦丰镇人民医院,江苏省,公立医院,二甲,综合医院,https://www.dlzb.com
镇江市丹徒区人民医院,江苏省,公立医院,二甲,综合医院,
镇江市第一人民医院新区分院,江苏省,公立医院,二甲,综合医院,https://www.zjxqyy.com
中国人民解放军83567部队医院,江苏省,公立医院,二甲,综合医院,http://www.924yy.mil.cn
中国人民解放军一四九医院,江苏省,公立医院,二甲,综合医院,
中国人民武装警察部队江苏总队南京医院,江苏省,公立医院,二甲,综合医院,
中煤能源大屯公司中心医院,江苏省,公立医院,二甲,综合医院,http://www.dtmdyy.cn
洪泽县妇幼保健院,江苏省,公立医院,二甲,专科医院,http://www.hzqfybjy.com
南京市江宁区第二人民医院,江苏省,公立医院,二甲,专科医院,http://www.njsech.net
南通大学附属医院分院,江苏省,公立医院,二甲,专科医院,https://www.lnkfyy.com
通用环球中铁邳州医院,江苏省,公立医院,二甲,专科医院,
无锡口腔医院,江苏省,公立医院,二甲,专科医院,
无锡市康复医院,江苏省,公立医院,二甲,专科医院,http://www.wxtrirh.com
宝应县中医医院,江苏省,公立医院,二甲,专科医院,http://www.byzyyy.com
常熟市第三人民医院,江苏省,公立医院,二甲,专科医院,
常熟市妇幼保健院,江苏省,公立医院,二甲,专科医院,
常州市第四人民医院,江苏省,公立医院,二甲,专科医院,https://www.czdsyy.cn
常州市金坛区中医医院,江苏省,公立医院,二甲,专科医院,
阜宁县中医院,江苏省,公立医院,二甲,专科医院,
灌南县中医院,江苏省,公立医院,二甲,专科医院,
灌云县中医院,江苏省,公立医院,二甲,专科医院,
淮安市楚州中医院,江苏省,公立医院,二甲,专科医院,http://www.jsshasczzyy.com
淮安市洪泽区中医院,江苏省,公立医院,二甲,专科医院,http://www.jshzzyy.com
江都市第二人民医院,江苏省,公立医院,二甲,专科医院,https://www.jdsry.com
江都市妇幼保健院,江苏省,公立医院,二甲,专科医院,https://www.jdfybjy.com
江苏滨海中医院,江苏省,公立医院,二甲,专科医院,http://www.bhxqzyyy.com
江苏省海门市中医院,江苏省,公立医院,二甲,专科医院,https://www.jshmzyy.cn
建湖县中医院,江苏省,公立医院,二甲,专科医院,http://www.jhxzyyy.com
金湖县中医院,江苏省,公立医院,二甲,专科医院,https://www.jhxrmyy.com
句容市中医院,江苏省,公立医院,二甲,专科医院,
涟水县中医院,江苏省,公立医院,二甲,专科医院,
南京市白下区中医医院,江苏省,公立医院,二甲,专科医院,
南京市高淳县中医院,江苏省,公立医院,二甲,专科医院,
南京市江宁区妇幼保健所,江苏省,公立医院,二甲,专科医院,https://www.njfybjy.com
南京市江宁区中医医院,江苏省,公立医院,二甲,专科医院,https://www.jnqzyy.com
南京市建中中医院,江苏省,公立医院,二甲,专科医院,
南京市浦口区中医院,江苏省,公立医院,二甲,专科医院,https://www.njpkzyy.com
南京市青龙山精神病院,江苏省,公立医院,二甲,专科医院,https://www.nj12320.org
南通市口腔医院,江苏省,公立医院,二甲,专科医院,https://www.ntskqyy.com
南通市通州区中医院,江苏省,公立医院,二甲,专科医院,http://www.nttzzyy.com
沛县中医院,江苏省,公立医院,二甲,专科医院,http://www.pxzyy.com.cn
启东市肝癌防治研究所,江苏省,公立医院,二甲,专科医院,https://www.qdsrmyy.com
射阳县中医院,江苏省,公立医院,二甲,专科医院,http://www.syzyy.js.cn
苏州市华夏口腔医院,江苏省,公立医院,二甲,专科医院,http://www.hxkq.net
太仓市第三人民医院,江苏省,公立医院,二甲,专科医院,
泰兴市中医院,江苏省,公立医院,二甲,专科医院,
泰州市高港中医院,江苏省,公立医院,二甲,专科医院,
铜山区中医院,江苏省,公立医院,二甲,专科医院,http://www.xztszyy.com
无锡市滨湖区中医院,江苏省,公立医院,二甲,专科医院,http://www.bhqzyy.com
无锡市锡山区传染病医院,江苏省,公立医院,二甲,专科医院,
响水县中医医院,江苏省,公立医院,二甲,专科医院,
兴化市妇幼保健院,江苏省,公立医院,二甲,专科医院,
盱眙恒山中医医院,江苏省,公立医院,二甲,专科医院,
徐州精神病院,江苏省,公立医院,二甲,专科医院,https://m.jsxyfy.com
盐城市大丰中医院,江苏省,公立医院,二甲,专科医院,http://www.dfszyy.cn
扬中市中医院,江苏省,公立医院,二甲,专科医院,http://www.yzszyy.com
扬州市第二人民医院,江苏省,公立医院,二甲,专科医院,http://www.yzhmyy.com
扬州市江都妇幼保健院,江苏省,公立医院,二甲,专科医院,https://www.jdfybjy.com
宜兴市肿瘤医院,江苏省,公立医院,二甲,专科医院,
仪征市中医院,江苏省,公立医院,二甲,专科医院,http://yzzyy.yizheng.cn
镇江市口腔医院,江苏省,公立医院,二甲,专科医院,https://www.zjkqyy.net
滨海县第二人民医院,江苏省,公立医院,二乙,综合医院,
常熟市第六人民医院,江苏省,公立医院,二乙,综合医院,https://www.jscsyy.cn
常熟市第五人民医院,江苏省,公立医院,二乙,综合医院,
常熟市梅李人民医院,江苏省,公立医院,二乙,综合医院,https://www.cszyy.cn
阜宁县第二人民医院,江苏省,公立医院,二乙,综合医院,
海门市第二人民医院,江苏省,公立医院,二乙,综合医院,
海门市第三人民医院,江苏省,公立医院,二乙,综合医院,https://www.ntdsyy.com
海门市第五人民医院,江苏省,公立医院,二乙,综合医院,http://www.hm5y.com
江苏省常州监狱医院,江苏省,公立医院,二乙,综合医院,https://czzyy.com
江苏省淮海农场医院,江苏省,公立医院,二乙,综合医院,http://www.jshhnc.com
江苏省银宝盐业有限公司医院,江苏省,公立医院,二乙,综合医院,http://www.jsybyy.com.cn
江阴市第三人民医院,江苏省,公立医院,二乙,综合医院,
江阴市第四人民医院,江苏省,公立医院,二乙,综合医院,http://www.jy4y.com
江阴市第五人民医院,江苏省,公立医院,二乙,综合医院,
江阴市青阳医院,江苏省,公立医院,二乙,综合医院,
江阴市长泾医院,江苏省,公立医院,二乙,综合医院,https://www.jiangyin.gov.cn
建湖县第二人民医院,江苏省,公立医院,二乙,综合医院,http://www.jhshzyy.com
昆山市千灯人民医院,江苏省,公立医院,二乙,综合医院,
连云港盐业公司总医院,江苏省,公立医院,二乙,综合医院,http://www.lygzyy.com.cn
连云港友好医院,江苏省,公立医院,二乙,综合医院,https://www.yzyhyy.com
南京东瑞医院,江苏省,公立医院,二乙,综合医院,
南京秦淮门西医院,江苏省,公立医院,二乙,综合医院,
南京市第一医院河西院区,江苏省,公立医院,二乙,综合医院,https://www.njsdyyy.com.cn
南京市栖霞区妇幼保健院,江苏省,公立医院,二乙,综合医院,
南京市玄武医院,江苏省,公立医院,二乙,综合医院,
南京市雨花医院,江苏省,公立医院,二乙,综合医院,https://www.miaoshou.net
南通江海医院,江苏省,公立医院,二乙,综合医院,https://www.163.com
南通市通州区第八人民医院,江苏省,公立医院,二乙,综合医院,
南通市通州区第六人民医院,江苏省,公立医院,二乙,综合医院,https://www.nt6y.com
启东市第二人民医院,江苏省,公立医院,二乙,综合医院,https://www.qd2y.cn
如东县第二人民医院,江苏省,公立医院,二乙,综合医院,https://www.163.com
如东县第三人民医院,江苏省,公立医院,二乙,综合医院,https://www.rdrmyy.cn
如东县丰利医院,江苏省,公立医院,二乙,综合医院,
如皋市第四人民医院,江苏省,公立医院,二乙,综合医院,https://www.rgsdsph.com
射阳县新洋农场医院,江苏省,公立医院,二乙,综合医院,
苏州大学附属第一医院盛泽分院,江苏省,公立医院,二乙,综合医院,https://www.jsszh.org.cn
苏州工业园区星海医院,江苏省,公立医院,二乙,综合医院,
苏州市吴中区甪直镇人民医院,江苏省,公立医院,二乙,综合医院,
苏州市相城区第三人民医院,江苏省,公立医院,二乙,综合医院,
苏州市消防医院,江苏省,公立医院,二乙,综合医院,http://www.njgaxfyy.com
太仓市沙溪人民医院,江苏省,公立医院,二乙,综合医院,
铁道部浦镇车辆厂职工医院,江苏省,公立医院,二乙,综合医院,http://www.tyztwhyy.com
无锡二泉医院,江苏省,公立医院,二乙,综合医院,https://www.wx2h.com
无锡市第六人民医院,江苏省,公立医院,二乙,综合医院,http://1087527.1024sj.com
无锡市惠山区第二人民医院,江苏省,公立医院,二乙,综合医院,https://www.wx2h.com
无锡市新区医院,江苏省,公立医院,二乙,综合医院,http://www.wuxiph.com
无锡市锡山区东亭医院,江苏省,公立医院,二乙,综合医院,http://www.xsyydtfy.com
无锡市锡山区鹅湖人民医院,江苏省,公立医院,二乙,综合医院,http://www.ehrmyy.cn
无锡市锡山区中医医院,江苏省,公立医院,二乙,综合医院,http://www.xsqzyyy.com
相城区第二人民医院,江苏省,公立医院,二乙,综合医院,http://xcdermyy.ecaihr.com
兴化市戴南人民医院,江苏省,公立医院,二乙,综合医院,
徐州爱心医院,江苏省,公立医院,二乙,综合医院,
徐州管道医院,江苏省,公立医院,二乙,综合医院,
徐州利国医院,江苏省,公立医院,二乙,综合医院,
盐城市盐都区第二人民医院,江苏省,公立医院,二乙,综合医院,
扬州中核华兴医院,江苏省,公立医院,二乙,综合医院,
宜兴市十里牌医院,江苏省,公立医院,二乙,综合医院,
张家港市金港镇人民医院,江苏省,公立医院,二乙,综合医院,
大丰区妇幼保健所,江苏省,公立医院,二乙,专科医院,
丹阳市云阳人民医院,江苏省,公立医院,二乙,专科医院,
连云港市康复医院,江苏省,公立医院,二乙,专科医院,
南京市鼓楼区虹桥社区卫生服务中心,江苏省,公立医院,二乙,专科医院,
南京市下关中医院,江苏省,公立医院,二乙,专科医院,
南京市玄武区中医院,江苏省,公立医院,二乙,专科医院,
苏州市相城区中医院,江苏省,公立医院,二乙,专科医院,
扬州市广陵区中医院,江苏省,公立医院,二乙,专科医院,
镇江市丹徒区中医院,江苏省,公立医院,二乙,专科医院,
响水县第二人民医院,江苏省,公立医院,二丙,综合医院,
苏州市独墅湖医院,江苏省,公立医院,未定级,综合医院,
南京明基医院,江苏省,私立医院,三甲,综合医院,
苏州九龙医院,江苏省,私立医院,三甲,综合医院,
徐州矿务集团总医院,江苏省,私立医院,三甲,综合医院,
南京鼓楼医院集团宿迁市人民医院,江苏省,私立医院,三甲,综合医院,
苏州理想眼科医院,江苏省,私立医院,三甲,专科医院,
徐州仁慈医院,江苏省,私立医院,三甲,专科医院,
宿迁市中医院,江苏省,私立医院,三甲,专科医院,
南京江北医院,江苏省,私立医院,三乙,综合医院,
南通瑞慈医院,江苏省,私立医院,三乙,综合医院,
沭阳县人民医院,江苏省,私立医院,三乙,综合医院,
泰州市中西医结合医院,江苏省,私立医院,三乙,综合医院,
泗阳县中医院,江苏省,私立医院,三乙,专科医院,
沭阳县中医院,江苏省,私立医院,三乙,专科医院,
常州九洲金东方医院,江苏省,私立医院,二甲,综合医院,
江阴临港医院,江苏省,私立医院,二甲,综合医院,
江阴泰富临港医院,江苏省,私立医院,二甲,综合医院,
南京南钢医院,江苏省,私立医院,二甲,综合医院,
镇江瑞康医院,江苏省,私立医院,二甲,综合医院,
宝应县第二人民医院,江苏省,私立医院,二甲,综合医院,
淮安仁爱医院,江苏省,私立医院,二甲,综合医院,
淮安市清河医院,江苏省,私立医院,二甲,综合医院,
江苏省邳州市东方医院,江苏省,私立医院,二甲,综合医院,
昆山宗仁卿纪念医院,江苏省,私立医院,二甲,综合医院,
南京鼓楼医院集团仪征医院,江苏省,私立医院,二甲,综合医院,
南京扬子医院,江苏省,私立医院,二甲,综合医院,
如皋市博爱医院,江苏省,私立医院,二甲,综合医院,
沭阳县中心医院,江苏省,私立医院,二甲,综合医院,
泗洪县分金亭医院,江苏省,私立医院,二甲,综合医院,
泗阳县人民医院,江苏省,私立医院,二甲,综合医院,
苏北人民医院东院,江苏省,私立医院,二甲,综合医院,
宿迁市钟吾医院,江苏省,私立医院,二甲,综合医院,
盐城东仁医院,江苏省,私立医院,二甲,综合医院,
徐州普瑞康复医院,江苏省,私立医院,二甲,专科医院,
分金亭肿瘤医院,江苏省,私立医院,二甲,专科医院,
南京市半山医院,江苏省,私立医院,二甲,专科医院,
泗洪县人民医院,江苏省,私立医院,二甲,专科医院,
泗洪县中医院,江苏省,私立医院,二甲,专科医院,
宿迁市妇产医院,江苏省,私立医院,二甲,专科医院,
张家港广和中西医结合医院,江苏省,私立医院,二甲,专科医院,
苏州金阊医院,江苏省,私立医院,二乙,综合医院,
常州市激光医院,江苏省,私立医院,二乙,综合医院,
常州小鹰医院,江苏省,私立医院,二乙,综合医院,
江苏省国营东辛农场医院,江苏省,私立医院,二乙,综合医院,
江阴市南闸医院,江苏省,私立医院,二乙,综合医院,
江阴市徐霞客医院,江苏省,私立医院,二乙,综合医院,
南京港口医院,江苏省,私立医院,二乙,综合医院,https://news.sina.com.cn
上海市东方医院集团宿迁市东方医院,江苏省,私立医院,二乙,综合医院,
沭阳南关医院,江苏省,私立医院,二乙,综合医院,http://www.syzyyy.cn
沭阳协和医院,江苏省,私立医院,二乙,综合医院,
泗洪县中心医院,江苏省,私立医院,二乙,综合医院,
泗阳康达医院,江苏省,私立医院,二乙,综合医院,https://www.sykdyy.com
宿城区人民医院,江苏省,私立医院,二乙,综合医院,
苏州市金阊医院,江苏省,私立医院,二乙,综合医院,https://www.szjcyy.com
盐城东方女子医院,江苏省,私立医院,二乙,综合医院,https://m.ycdtfu.com
盐城新东仁医院,江苏省,私立医院,二乙,综合医院,
盐城盐阜医院,江苏省,私立医院,二乙,综合医院,
高邮慈新康复医院,江苏省,私立医院,二乙,专科医院,
太仓新安康复医院,江苏省,私立医院,二乙,专科医院,http://www.tcsian.com
宿迁市第二医院,江苏省,私立医院,二丙,综合医院,
张家港常阴沙医院,江苏省,私立医院,一甲,综合医院,https://www.zjg.gov.cn
南京恒信医院,江苏省,私立医院,未定级,综合医院,
苏州明基医院,江苏省,私立医院,未定级,综合医院,https://www.benqmedicalcentersz.com
昆山美奥口腔门诊部,江苏省,私立医院,未定级,专科医院,
莱尔眼科（如皋）医院,江苏省,私立医院,未定级,专科医院,http://www.jseye.cn
南京建邺台宝诊所,江苏省,私立医院,未定级,专科医院,http://www.njjy.gov.cn
南京美奥口腔门诊部,江苏省,私立医院,未定级,专科医院,
南京天京美奥口腔门诊部,江苏省,私立医院,未定级,专科医院,https://zp.njmu.edu.cn
南通美奥口腔门诊部,江苏省,私立医院,未定级,专科医院,
苏州工业园区陆星美奥口腔诊所,江苏省,私立医院,未定级,专科医院,
苏州口腔医院,江苏省,私立医院,未定级,专科医院,https://www.szkqyy.com
苏州禧华妇产医院,江苏省,私立医院,未定级,专科医院,https://www.douyin.com
苏州新世纪儿童医院,江苏省,私立医院,未定级,专科医院,
徐州美奥口腔门诊部,江苏省,私立医院,未定级,专科医院,http://www.xuzhoumyour.com
滨州医学院附属医院,山东省,公立医院,三甲,综合医院,
滨州医学院烟台附属医院,山东省,公立医院,三甲,综合医院,
东营市人民医院,山东省,公立医院,三甲,综合医院,
济南市人民医院,山东省,公立医院,三甲,综合医院,
济宁市第一人民医院,山东省,公立医院,三甲,综合医院,
聊城市人民医院,山东省,公立医院,三甲,综合医院,
临沂市人民医院,山东省,公立医院,三甲,综合医院,
青岛大学附属医院,山东省,公立医院,三甲,综合医院,https://www.qduh.cn
日照市人民医院,山东省,公立医院,三甲,综合医院,
山东大学第二医院,山东省,公立医院,三甲,综合医院,
山东大学齐鲁医院,山东省,公立医院,三甲,综合医院,
山东大学齐鲁医院（青岛）,山东省,公立医院,三甲,综合医院,
山东第二医科大学附属医院,山东省,公立医院,三甲,综合医院,
山东第一医科大学第二附属医院,山东省,公立医院,三甲,综合医院,
山东省立医院,山东省,公立医院,三甲,综合医院,
山东省千佛山医院,山东省,公立医院,三甲,综合医院,
胜利油田中心医院,山东省,公立医院,三甲,综合医院,
泰安市中心医院,山东省,公立医院,三甲,综合医院,
泰安市中医医院,山东省,公立医院,三甲,综合医院,
潍坊市人民医院,山东省,公立医院,三甲,综合医院,
威海市立医院,山东省,公立医院,三甲,综合医院,
新泰市中医医院,山东省,公立医院,三甲,综合医院,
兖矿新里程总医院,山东省,公立医院,三甲,综合医院,
烟台毓璜顶医院,山东省,公立医院,三甲,综合医院,
淄博市中心医院,山东省,公立医院,三甲,综合医院,
淄博市中医医院,山东省,公立医院,三甲,综合医院,
德州市人民医院,山东省,公立医院,三甲,综合医院,
菏泽市立医院,山东省,公立医院,三甲,综合医院,
济南市106医院,山东省,公立医院,三甲,综合医院,
济南市第四人民医院,山东省,公立医院,三甲,综合医院,
济南市中心医院,山东省,公立医院,三甲,综合医院,
济宁市市立医院,山东省,公立医院,三甲,综合医院,
聊城市第二人民医院,山东省,公立医院,三甲,综合医院,
青岛大学附属医院黄岛院区,山东省,公立医院,三甲,综合医院,
青岛大学附属医院崂山院区,山东省,公立医院,三甲,综合医院,
青岛市海慈医疗集团,山东省,公立医院,三甲,综合医院,
青岛市平度中心医院,山东省,公立医院,三甲,综合医院,
青岛市人民医院,山东省,公立医院,三甲,综合医院,
青岛市市立医院,山东省,公立医院,三甲,综合医院,
青岛市市立医院东院,山东省,公立医院,三甲,综合医院,
山东能源枣矿集团中心医院,山东省,公立医院,三甲,综合医院,
山东省立第三医院,山东省,公立医院,三甲,综合医院,
山东省立医院东院区,山东省,公立医院,三甲,综合医院,
山东省医学科学院附属医院,山东省,公立医院,三甲,综合医院,
山东中医药大学第二附属医院,山东省,公立医院,三甲,综合医院,
上海东方医院胶州院区,山东省,公立医院,三甲,综合医院,
单县中心医院,山东省,公立医院,三甲,综合医院,
泰安八十八医院,山东省,公立医院,三甲,综合医院,
滕州市中心人民医院,山东省,公立医院,三甲,综合医院,http://www.tzzxrmyy.com
同济大学附属东方医院胶州分院,山东省,公立医院,三甲,综合医院,
潍坊市益都中心医院,山东省,公立医院,三甲,综合医院,
潍坊潍城经济开发区医院,山东省,公立医院,三甲,综合医院,
威海市立第三医院,山东省,公立医院,三甲,综合医院,
威海市中心医院,山东省,公立医院,三甲,综合医院,
烟台市烟台山医院,山东省,公立医院,三甲,综合医院,
沂水中心医院,山东省,公立医院,三甲,综合医院,
枣庄市立第二医院,山东省,公立医院,三甲,综合医院,
枣庄市立医院,山东省,公立医院,三甲,综合医院,
中国人民解放军第四五六医院,山东省,公立医院,三甲,综合医院,
中国人民解放军第一Ｏ七中心医院,山东省,公立医院,三甲,综合医院,
中国人民解放军海军第971医院,山东省,公立医院,三甲,综合医院,
中国人民解放军海军第九七一医院,山东省,公立医院,三甲,综合医院,
中国人民解放军联勤保障部队第九六〇医院,山东省,公立医院,三甲,综合医院,
中国人民解放军陆军第80集团军医院,山东省,公立医院,三甲,综合医院,
中国人民武警部队山东省总队医院,山东省,公立医院,三甲,综合医院,https://m.jianke.com
淄博市第一医院,山东省,公立医院,三甲,综合医院,
淄博市中西医结合医院,山东省,公立医院,三甲,综合医院,
青岛市妇女儿童医院,山东省,公立医院,三甲,专科医院,
青岛市口腔医院,山东省,公立医院,三甲,专科医院,
荣成市中医院,山东省,公立医院,三甲,专科医院,
山东大学附属生殖医院,山东省,公立医院,三甲,专科医院,
山东大学口腔医院,山东省,公立医院,三甲,专科医院,
山东省胸科医院,山东省,公立医院,三甲,专科医院,
山东省眼科医院,山东省,公立医院,三甲,专科医院,
山东中医药大学附属眼科医院,山东省,公立医院,三甲,专科医院,
烟台市口腔医院,山东省,公立医院,三甲,专科医院,
淄博市妇幼保健院,山东省,公立医院,三甲,专科医院,
滨州市中心医院,山东省,公立医院,三甲,专科医院,
德州市中医院,山东省,公立医院,三甲,专科医院,
肥城市中医医院,山东省,公立医院,三甲,专科医院,
菏泽市中医医院,山东省,公立医院,三甲,专科医院,
济南市妇幼保健院,山东省,公立医院,三甲,专科医院,
济南市口腔医院,山东省,公立医院,三甲,专科医院,
济南市章丘区中医医院,山东省,公立医院,三甲,专科医院,
济南市中西结合医院,山东省,公立医院,三甲,专科医院,
济南市中医医院,山东省,公立医院,三甲,专科医院,
济宁任城新区医养中心,山东省,公立医院,三甲,专科医院,
济宁市精神病防治院,山东省,公立医院,三甲,专科医院,
济宁市中医院,山东省,公立医院,三甲,专科医院,
莒县中医医院,山东省,公立医院,三甲,专科医院,
莱芜市妇幼保健院,山东省,公立医院,三甲,专科医院,
莱州市中医医院,山东省,公立医院,三甲,专科医院,https://www.lztcm.com
聊城市第四人民医院,山东省,公立医院,三甲,专科医院,http://www.lcdsrmyy.com
聊城市中医院,山东省,公立医院,三甲,专科医院,http://www.lcszyy.com
临沂市第四人民医院,山东省,公立医院,三甲,专科医院,http://jsws.linyi.cn
临沂市妇女儿童医院,山东省,公立医院,三甲,专科医院,https://www.lyfyw.com
临沂市人民医院北院,山东省,公立医院,三甲,专科医院,
临沂市肿瘤医院,山东省,公立医院,三甲,专科医院,https://www.lyzlyy.net
临沂市中医医院,山东省,公立医院,三甲,专科医院,https://www.zhongyihospital.com
蓬莱市中医医院,山东省,公立医院,三甲,专科医院,
平邑县中医医院,山东省,公立医院,三甲,专科医院,
青岛阜外心血管病医院,山东省,公立医院,三甲,专科医院,http://www.qdfw.com
青岛市即墨区中医医院,山东省,公立医院,三甲,专科医院,http://www.jmqzyyy.com
青岛市精神卫生中心,山东省,公立医院,三甲,专科医院,http://www.qdjwzx.com
青岛市中心医院,山东省,公立医院,三甲,专科医院,
青岛西海岸新区中医医院,山东省,公立医院,三甲,专科医院,
青岛眼科医院,山东省,公立医院,三甲,专科医院,
曲阜市中医院,山东省,公立医院,三甲,专科医院,
日照市中医医院,山东省,公立医院,三甲,专科医院,
山东大学齐鲁儿童医院,山东省,公立医院,三甲,专科医院,https://www.etyy.com
山东青岛中西医结合医院,山东省,公立医院,三甲,专科医院,
山东省妇幼保健院,山东省,公立医院,三甲,专科医院,
山东省精神卫生中心,山东省,公立医院,三甲,专科医院,
山东省立医院西院,山东省,公立医院,三甲,专科医院,
山东省青岛疗养院,山东省,公立医院,三甲,专科医院,
山东省胸科医院东院区,山东省,公立医院,三甲,专科医院,
山东省胸科医院西院区,山东省,公立医院,三甲,专科医院,
山东中医药大学附属医院,山东省,公立医院,三甲,专科医院,
泰安市妇幼保健院,山东省,公立医院,三甲,专科医院,
潍坊市妇幼保健院,山东省,公立医院,三甲,专科医院,
潍坊市中医院,山东省,公立医院,三甲,专科医院,http://www.wfszyy.cn
威海市妇幼保健院,山东省,公立医院,三甲,专科医院,
威海市中医院,山东省,公立医院,三甲,专科医院,
烟台市心理康复医院,山东省,公立医院,三甲,专科医院,
烟台市中医医院,山东省,公立医院,三甲,专科医院,
枣庄市妇幼保健院,山东省,公立医院,三甲,专科医院,
诸城中医医院,山东省,公立医院,三甲,专科医院,
邹平县中医院,山东省,公立医院,三甲,专科医院,
兰陵县人民医院,山东省,公立医院,三乙,综合医院,
青岛西海岸新区中心医院,山东省,公立医院,三乙,综合医院,
日照市中心医院,山东省,公立医院,三乙,综合医院,
乳山市人民医院,山东省,公立医院,三乙,综合医院,
沂南县人民医院,山东省,公立医院,三乙,综合医院,
邹平市人民医院,山东省,公立医院,三乙,综合医院,
安丘市人民医院,山东省,公立医院,三乙,综合医院,
滨州市第二人民医院,山东省,公立医院,三乙,综合医院,
昌乐县人民医院,山东省,公立医院,三乙,综合医院,
东阿县人民医院,山东省,公立医院,三乙,综合医院,
东营市第二人民医院,山东省,公立医院,三乙,综合医院,
东营市中医院,山东省,公立医院,三乙,综合医院,
肥城矿业集团中心医院,山东省,公立医院,三乙,综合医院,
菏泽市曹县人民医院,山东省,公立医院,三乙,综合医院,http://www.cxrmyy.cn
菏泽市牡丹人民医院,山东省,公立医院,三乙,综合医院,
桓台县人民医院,山东省,公立医院,三乙,综合医院,
济南市莱钢医院,山东省,公立医院,三乙,综合医院,http://www.lgyy.net
济南市章丘区人民医院,山东省,公立医院,三乙,综合医院,http://www.zqrmyy.net
济宁医学院附属金乡医院,山东省,公立医院,三乙,综合医院,
莒南县人民医院,山东省,公立医院,三乙,综合医院,
巨野县人民医院,山东省,公立医院,三乙,综合医院,http://www.jyxrmyy.cn
龙口市人民医院,山东省,公立医院,三乙,综合医院,
蓬莱市人民医院,山东省,公立医院,三乙,综合医院,https://www.plhospital.cn
平度市人民医院,山东省,公立医院,三乙,综合医院,
青岛市胶州中心医院,山东省,公立医院,三乙,综合医院,http://www.qdjzch.com
日照市莒县人民医院,山东省,公立医院,三乙,综合医院,
寿光市人民医院,山东省,公立医院,三乙,综合医院,http://www.sgrmyy.com
新泰市人民医院,山东省,公立医院,三乙,综合医院,http://www.xtsrmyy.com.cn
新汶矿业集团中心医院,山东省,公立医院,三乙,综合医院,
烟台市莱阳中心医院,山东省,公立医院,三乙,综合医院,
枣庄矿业集团东郊医院,山东省,公立医院,三乙,综合医院,
中国人民解放军第一四八中心医院,山东省,公立医院,三乙,综合医院,
中国人民解放军联勤保障部队第九七〇医院,山东省,公立医院,三乙,综合医院,
诸城市人民医院,山东省,公立医院,三乙,综合医院,https://www.zchosp.com
邹城市人民医院,山东省,公立医院,三乙,综合医院,
聊城市东昌府区妇幼保健院,山东省,公立医院,三乙,专科医院,
滨州市中医医院,山东省,公立医院,三乙,专科医院,http://www.bzszyy.com
青岛大学医学院附属心血管病医院,山东省,公立医院,三乙,专科医院,https://www.qduh.cn
青岛市第六人民医院,山东省,公立医院,三乙,专科医院,https://www.qdcrbyy.cn
滕州市中医医院,山东省,公立医院,三乙,专科医院,http://www.tzszyyy.com
枣庄市王开传染病医院,山东省,公立医院,三乙,专科医院,https://www.myzx.cn
青岛市第三人民医院,山东省,公立医院,三丙,综合医院,https://www.qd3y.cn
青岛西海岸新区人民医院,山东省,公立医院,三丙,综合医院,http://huangdaohospital.com
山东大学齐鲁医院青岛院区,山东省,公立医院,三丙,综合医院,
山东泰安市立医院,山东省,公立医院,三丙,综合医院,
高唐县人民医院,山东省,公立医院,二甲,综合医院,
广饶县人民医院,山东省,公立医院,二甲,综合医院,
济南市济阳区人民医院,山东省,公立医院,二甲,综合医院,
临邑县人民医院,山东省,公立医院,二甲,综合医院,
宁津县人民医院,山东省,公立医院,二甲,综合医院,
宁阳县第一人民医院,山东省,公立医院,二甲,综合医院,
平原县中医院,山东省,公立医院,二甲,综合医院,
莘县人民医院,山东省,公立医院,二甲,综合医院,
泰安市第一人民医院,山东省,公立医院,二甲,综合医院,
潍坊市寒亭区人民医院,山东省,公立医院,二甲,综合医院,
无棣县人民医院,山东省,公立医院,二甲,综合医院,
夏津县人民医院,山东省,公立医院,二甲,综合医院,
新泰市第二人民医院,山东省,公立医院,二甲,综合医院,
栖霞市人民医院,山东省,公立医院,二甲,综合医院,
阳谷县人民医院,山东省,公立医院,二甲,综合医院,https://www.lcyghospital.com
烟台海港医院,山东省,公立医院,二甲,综合医院,
禹城市人民医院,山东省,公立医院,二甲,综合医院,
招远市人民医院,山东省,公立医院,二甲,综合医院,
淄博市临淄区人民医院（淄博市市立医院）,山东省,公立医院,二甲,综合医院,
滨城区市立医院,山东省,公立医院,二甲,综合医院,
滨州经济技术开发区人民医院,山东省,公立医院,二甲,综合医院,
博兴县人民医院,山东省,公立医院,二甲,综合医院,
曹县职工医院,山东省,公立医院,二甲,综合医院,
长岛县人民医院,山东省,公立医院,二甲,综合医院,https://www.changdao.gov.cn
昌邑市人民医院,山东省,公立医院,二甲,综合医院,https://www.cysrmyy.org.cn
茌平县人民医院,山东省,公立医院,二甲,综合医院,
德州市陵城区人民医院,山东省,公立医院,二甲,综合医院,
德州市立医院,山东省,公立医院,二甲,综合医院,
定陶区人民医院,山东省,公立医院,二甲,综合医院,
东明县人民医院,山东省,公立医院,二甲,综合医院,http://www.dmx120.cn
东平县人民医院,山东省,公立医院,二甲,综合医院,
东营市东营区人民医院,山东省,公立医院,二甲,综合医院,https://www.dysrmyy.com
东营市河口区人民医院,山东省,公立医院,二甲,综合医院,https://www.dysrmyy.com
东营市垦利区人民医院,山东省,公立医院,二甲,综合医院,
肥城市人民医院,山东省,公立医院,二甲,综合医院,
高青县人民医院,山东省,公立医院,二甲,综合医院,
海军烟台医院,山东省,公立医院,二甲,综合医院,
海阳市人民医院,山东省,公立医院,二甲,综合医院,
菏泽市第二人民医院,山东省,公立医院,二甲,综合医院,
菏泽市第三人民医院,山东省,公立医院,二甲,综合医院,http://www.hz3y.com
菏泽市牡丹人民医院分院,山东省,公立医院,二甲,综合医院,http://www.mdrmyy.cn
胶南市第三人民医院,山东省,公立医院,二甲,综合医院,
胶南市经济技术开发区医院,山东省,公立医院,二甲,综合医院,
胶州市人民医院,山东省,公立医院,二甲,综合医院,https://qdjzch.com
嘉祥县人民医院,山东省,公立医院,二甲,综合医院,https://www.sdjxxrmyy.com
解放军第四零一医院崂山分院,山东省,公立医院,二甲,综合医院,
济南安康医院,山东省,公立医院,二甲,综合医院,http://www.zxyy.cn
济南第二机床职工医院,山东省,公立医院,二甲,综合医院,
济南郭店铁矿职工医院,山东省,公立医院,二甲,综合医院,
济南市长清区人民医院,山东省,公立医院,二甲,综合医院,
济南市第七人民医院,山东省,公立医院,二甲,综合医院,
济南市第三人民医院,山东省,公立医院,二甲,综合医院,
济南市第五人民医院,山东省,公立医院,二甲,综合医院,
济南市第一人民医院,山东省,公立医院,二甲,综合医院,http://www.jnslyy.com
济南市槐荫人民医院,山东省,公立医院,二甲,综合医院,
济南市济钢医院,山东省,公立医院,二甲,综合医院,http://www.jnsljgyy.com
济南市历城区人民医院,山东省,公立医院,二甲,综合医院,
济南市历下区人民医院,山东省,公立医院,二甲,综合医院,
济南市西城人民医院,山东省,公立医院,二甲,综合医院,
济南市中区人民医院,山东省,公立医院,二甲,综合医院,https://www.jnszqyy.cn
济南医院,山东省,公立医院,二甲,综合医院,https://jnszxyygcp.wetrial.com
济宁市第二人民医院,山东省,公立医院,二甲,综合医院,https://www.jney.com.cn
济宁市任城区人民医院,山东省,公立医院,二甲,综合医院,
济宁市兖州区铁路医院,山东省,公立医院,二甲,综合医院,
济宁医学院附属医院兖州院区,山东省,公立医院,二甲,综合医院,
鄄城县人民医院,山东省,公立医院,二甲,综合医院,
莱芜市莱城区人民医院,山东省,公立医院,二甲,综合医院,https://yyk.familydoctor.com.cn
莱西市立医院,山东省,公立医院,二甲,综合医院,
莱西市人民医院,山东省,公立医院,二甲,综合医院,
莱阳市第二人民医院,山东省,公立医院,二甲,综合医院,
乐陵市人民医院,山东省,公立医院,二甲,综合医院,
梁山县第二人民医院,山东省,公立医院,二甲,综合医院,
梁山县人民医院,山东省,公立医院,二甲,综合医院,
聊城市东昌府人民医院,山东省,公立医院,二甲,综合医院,http://www.dcfrmyy.cn
聊城市冠县人民医院,山东省,公立医院,二甲,综合医院,
利津县第二人民医院,山东省,公立医院,二甲,综合医院,
利津县中心医院,山东省,公立医院,二甲,综合医院,http://www.ljxzxyy.com
临清市人民医院,山东省,公立医院,二甲,综合医院,
临朐县第三人民医院,山东省,公立医院,二甲,综合医院,
临朐县人民医院,山东省,公立医院,二甲,综合医院,
临沭县人民医院,山东省,公立医院,二甲,综合医院,
临沂市第三人民医院,山东省,公立医院,二甲,综合医院,https://www.lysdsrmyy.cn
临沂市费县人民医院,山东省,公立医院,二甲,综合医院,http://www.feixian.gov.cn
临沂市兰山区第一人民医院,山东省,公立医院,二甲,综合医院,
临沂西关医院,山东省,公立医院,二甲,综合医院,https://www.163.com
龙口矿务局中心医院,山东省,公立医院,二甲,综合医院,
蒙阴县人民医院,山东省,公立医院,二甲,综合医院,https://myhosp.com
宁阳县第二人民医院,山东省,公立医院,二甲,综合医院,
平度市第三人民医院,山东省,公立医院,二甲,综合医院,
平阴县人民医院,山东省,公立医院,二甲,综合医院,
平原县第一人民医院,山东省,公立医院,二甲,综合医院,
齐河县人民医院,山东省,公立医院,二甲,综合医院,
青岛大学医学院松山医院,山东省,公立医院,二甲,综合医院,http://www.qd-songshan.com
青岛脊椎病医院,山东省,公立医院,二甲,综合医院,
青岛市城阳区第二人民医院,山东省,公立医院,二甲,综合医院,
青岛市第九人民医院,山东省,公立医院,二甲,综合医院,
青岛市浮山医院,山东省,公立医院,二甲,综合医院,https://www.163.com
青岛市交通医院,山东省,公立医院,二甲,综合医院,
青岛市即墨区人民医院,山东省,公立医院,二甲,综合医院,
青岛市市北区人民医院,山东省,公立医院,二甲,综合医院,
青岛市市南区人民医院,山东省,公立医院,二甲,综合医院,
青岛市台东区医院,山东省,公立医院,二甲,综合医院,https://www.miaoshou.net
青岛西海岸新区第二人民医院,山东省,公立医院,二甲,综合医院,
庆云县人民医院,山东省,公立医院,二甲,综合医院,
青州市人民医院,山东省,公立医院,二甲,综合医院,
青州市荣军康复医院,山东省,公立医院,二甲,综合医院,https://m.120ask.com
曲阜市人民医院,山东省,公立医院,二甲,综合医院,
日照港口医院,山东省,公立医院,二甲,综合医院,http://www.rzporthospital.com
日照市岚山区人民医院,山东省,公立医院,二甲,综合医院,https://www.rzlsqyy.com
荣成市石岛人民医院,山东省,公立医院,二甲,综合医院,
山东电力中心医院,山东省,公立医院,二甲,综合医院,
山东湖田劳动改造管教支队医院,山东省,公立医院,二甲,综合医院,
山东铝业公司医院,山东省,公立医院,二甲,综合医院,
山东省地矿职工医院,山东省,公立医院,二甲,综合医院,
山东省即墨市南泉医院,山东省,公立医院,二甲,综合医院,
山东省警官总医院,山东省,公立医院,二甲,综合医院,
山东省荣军总医院,山东省,公立医院,二甲,综合医院,
山东省邮电医院,山东省,公立医院,二甲,综合医院,
山东泰安煤矿医院,山东省,公立医院,二甲,综合医院,
山东泰安荣军医院,山东省,公立医院,二甲,综合医院,
山东医专附属医院,山东省,公立医院,二甲,综合医院,
山东枣庄矿业集团公司藤南医院,山东省,公立医院,二甲,综合医院,
商河县人民医院,山东省,公立医院,二甲,综合医院,
胜利石油管理局河口医院,山东省,公立医院,二甲,综合医院,
胜利油田管理局滨海医院,山东省,公立医院,二甲,综合医院,
胜利油田管理局第五医院,山东省,公立医院,二甲,综合医院,https://www.slchos.com
胜利油田河口医院,山东省,公立医院,二甲,综合医院,
胜利油田井下医院,山东省,公立医院,二甲,综合医院,
胜利油田五七医院,山东省,公立医院,二甲,综合医院,
寿光市第四人民医院,山东省,公立医院,二甲,综合医院,
泗水县人民医院,山东省,公立医院,二甲,综合医院,http://www.sxrmyy.com.cn
泰安市第二人民医院,山东省,公立医院,二甲,综合医院,http://www.daiyue.gov.cn
郯城县第一人民医院,山东省,公立医院,二甲,综合医院,http://www.tcxdyrmyy.cn
滕州市工人医院,山东省,公立医院,二甲,综合医院,
潍坊滨海经济技术开发区人民医院,山东省,公立医院,二甲,综合医院,http://www.wfbhhospital.com
潍坊市第二人民医院,山东省,公立医院,二甲,综合医院,http://www.wfno2ph.com
潍坊市坊子区人民医院,山东省,公立医院,二甲,综合医院,
潍坊市立第二医院,山东省,公立医院,二甲,综合医院,https://www.myzx.cn
潍坊市市立医院,山东省,公立医院,二甲,综合医院,
潍坊市市直机关医院,山东省,公立医院,二甲,综合医院,
威海市文登区人民医院,山东省,公立医院,二甲,综合医院,
威海市文登区人民医院南院,山东省,公立医院,二甲,综合医院,
威海卫人民医院,山东省,公立医院,二甲,综合医院,
微山县人民医院,山东省,公立医院,二甲,综合医院,
文登市第一人民医院开发区医院,山东省,公立医院,二甲,综合医院,
汶上县人民医院,山东省,公立医院,二甲,综合医院,
武城县人民医院,山东省,公立医院,二甲,综合医院,
五莲县医疗集团中心院区,山东省,公立医院,二甲,综合医院,
新泰市第三人民医院,山东省,公立医院,二甲,综合医院,
新汶矿业集团莱芜中心医院,山东省,公立医院,二甲,综合医院,
新汶矿业集团有限责任公司华丰矿医院,山东省,公立医院,二甲,综合医院,
阳谷县第一人民医院,山东省,公立医院,二甲,综合医院,
阳信县人民医院,山东省,公立医院,二甲,综合医院,
兖矿集团总医院济东院区,山东省,公立医院,二甲,综合医院,
兖矿鲁化医院,山东省,公立医院,二甲,综合医院,
烟台凤凰山医院,山东省,公立医院,二甲,综合医院,
烟台市北海医院,山东省,公立医院,二甲,综合医院,
烟台市福山区人民医院,山东省,公立医院,二甲,综合医院,
烟台市烟台山医院南院区,山东省,公立医院,二甲,综合医院,
烟台桃村中心医院,山东省,公立医院,二甲,综合医院,
烟台芝罘医院,山东省,公立医院,二甲,综合医院,
沂水县城关医院,山东省,公立医院,二甲,综合医院,
沂水县人民医院,山东省,公立医院,二甲,综合医院,
郓城县第三人民医院,山东省,公立医院,二甲,综合医院,
郓城县人民医院,山东省,公立医院,二甲,综合医院,
鱼台县人民医院,山东省,公立医院,二甲,综合医院,
枣庄矿务局滕南医院,山东省,公立医院,二甲,综合医院,
枣庄矿业集团有限责任公司枣庄医院,山东省,公立医院,二甲,综合医院,
枣庄市山亭区人民医院,山东省,公立医院,二甲,综合医院,
枣庄市山亭区中心人民医院,山东省,公立医院,二甲,综合医院,
枣庄市台儿庄区人民医院,山东省,公立医院,二甲,综合医院,
枣庄市薛城区人民医院,山东省,公立医院,二甲,综合医院,
枣庄市峄城区人民医院,山东省,公立医院,二甲,综合医院,
中国建筑第八工程局职工医院,山东省,公立医院,二甲,综合医院,
中国南车集团四方机车车辆有限责任公司职工医院,山东省,公立医院,二甲,综合医院,
中国人民解放军第四Ｏ五医院,山东省,公立医院,二甲,综合医院,
中国石化第十建设职工医院,山东省,公立医院,二甲,综合医院,
中国石化集团胜利石油管理局河口医院,山东省,公立医院,二甲,综合医院,
中国水利水电第十三工程局医院,山东省,公立医院,二甲,综合医院,
淄博市博山区医院,山东省,公立医院,二甲,综合医院,
淄博市第七人民医院,山东省,公立医院,二甲,综合医院,
淄博市市级机关医院,山东省,公立医院,二甲,综合医院,
淄博市张店区人民医院,山东省,公立医院,二甲,综合医院,
淄博市淄川区医院,山东省,公立医院,二甲,综合医院,
淄博卫生学校医院,山东省,公立医院,二甲,综合医院,
淄博周村区人民医院,山东省,公立医院,二甲,综合医院,
淄川区医院,山东省,公立医院,二甲,综合医院,
邹平县人民医院,山东省,公立医院,二甲,综合医院,
邹平县中心医院,山东省,公立医院,二甲,综合医院,
安丘市妇幼保健院,山东省,公立医院,二甲,专科医院,
安丘市中医院,山东省,公立医院,二甲,专科医院,
滨州市精神病医院,山东省,公立医院,二甲,专科医院,
博兴县中医院,山东省,公立医院,二甲,专科医院,
昌乐县中医院,山东省,公立医院,二甲,专科医院,
昌邑市中医院,山东省,公立医院,二甲,专科医院,
成武县妇幼保健院,山东省,公立医院,二甲,专科医院,
成武县中医医院,山东省,公立医院,二甲,专科医院,
茌平县中医院,山东省,公立医院,二甲,专科医院,
德城区妇幼保健院,山东省,公立医院,二甲,专科医院,https://www.dzfybj.cn
德州市陵城区中医院,山东省,公立医院,二甲,专科医院,
东昌府区中医院,山东省,公立医院,二甲,专科医院,
东明县中医院,山东省,公立医院,二甲,专科医院,
东平县中医院,山东省,公立医院,二甲,专科医院,
东营市东营区中医院,山东省,公立医院,二甲,专科医院,
高密市中医院,山东省,公立医院,二甲,专科医院,https://wfgmszyy.cn
高唐县中医院,山东省,公立医院,二甲,专科医院,
广饶县妇幼保健院,山东省,公立医院,二甲,专科医院,
广饶县中医院,山东省,公立医院,二甲,专科医院,
冠县中医医院,山东省,公立医院,二甲,专科医院,
海阳市妇幼保健院,山东省,公立医院,二甲,专科医院,
海阳市中医医院,山东省,公立医院,二甲,专科医院,
菏泽市曹县中医院,山东省,公立医院,二甲,专科医院,
菏泽市单县中医院,山东省,公立医院,二甲,专科医院,
桓台县中医院,山东省,公立医院,二甲,专科医院,
惠民县中医院,山东省,公立医院,二甲,专科医院,
嘉祥县中医院,山东省,公立医院,二甲,专科医院,
济南市长清区中医医院,山东省,公立医院,二甲,专科医院,
济南市济阳区中医医院,山东省,公立医院,二甲,专科医院,
济南市历下区中医院,山东省,公立医院,二甲,专科医院,
济宁骨伤医院,山东省,公立医院,二甲,专科医院,
济宁市第四人民医院,山东省,公立医院,二甲,专科医院,
济宁市市中区妇幼保健院,山东省,公立医院,二甲,专科医院,
济宁市兖州区中医医院,山东省,公立医院,二甲,专科医院,
济宁市中西医结合医院,山东省,公立医院,二甲,专科医院,
莒南县红十字精神康复医院,山东省,公立医院,二甲,专科医院,
莒南县中医院,山东省,公立医院,二甲,专科医院,
巨野县中医院,山东省,公立医院,二甲,专科医院,
莱西市中医院,山东省,公立医院,二甲,专科医院,
莱阳市中医院,山东省,公立医院,二甲,专科医院,http://m.lyzxyy.com.cn
兰陵县妇幼保健院,山东省,公立医院,二甲,专科医院,
兰陵县中医医院,山东省,公立医院,二甲,专科医院,http://www.lanlinghospital.com
兰山区妇幼保健院,山东省,公立医院,二甲,专科医院,
乐陵市中医院,山东省,公立医院,二甲,专科医院,
梁山县中医院,山东省,公立医院,二甲,专科医院,
聊城市第三人民医院,山东省,公立医院,二甲,专科医院,
聊城市东昌府区中医院分院,山东省,公立医院,二甲,专科医院,
临朐县中医院,山东省,公立医院,二甲,专科医院,http://www.linquzhongyi.com
临沭县中医院,山东省,公立医院,二甲,专科医院,
临沂市费县中医院,山东省,公立医院,二甲,专科医院,http://www.feixian.gov.cn
临沂市河东区妇幼保健院,山东省,公立医院,二甲,专科医院,
临沂市荣军医院,山东省,公立医院,二甲,专科医院,
临邑县中医院,山东省,公立医院,二甲,专科医院,
临淄区口腔医院,山东省,公立医院,二甲,专科医院,
龙口市中医院,山东省,公立医院,二甲,专科医院,
罗庄沂蒙中西医结合医院,山东省,公立医院,二甲,专科医院,
蒙阴县中医院,山东省,公立医院,二甲,专科医院,http://www.myzyy.cn
宁津县中医院,山东省,公立医院,二甲,专科医院,
宁阳县中医院,山东省,公立医院,二甲,专科医院,
平度市中医医院,山东省,公立医院,二甲,专科医院,
平阴县中医院,山东省,公立医院,二甲,专科医院,http://www.jnpyzyy.com
青岛城阳古镇正骨医院,山东省,公立医院,二甲,专科医院,
青岛市按摩康复医院,山东省,公立医院,二甲,专科医院,
青岛市第四人民医院,山东省,公立医院,二甲,专科医院,
青州市中医院,山东省,公立医院,二甲,专科医院,
日照市精神卫生中心,山东省,公立医院,二甲,专科医院,
荣成市整骨医院,山东省,公立医院,二甲,专科医院,
乳山市中医院,山东省,公立医院,二甲,专科医院,
山东省临沐县中医医院,山东省,公立医院,二甲,专科医院,
山东省煤炭临沂温泉疗养院,山东省,公立医院,二甲,专科医院,
山东省医学科学院颈肩腰腿痛医院,山东省,公立医院,二甲,专科医院,
山东省中医药研究院,山东省,公立医院,二甲,专科医院,
商河县中医院,山东省,公立医院,二甲,专科医院,
胜利石油管理局胜北医院,山东省,公立医院,二甲,专科医院,
胜利油田胜利中医院,山东省,公立医院,二甲,专科医院,
莘县中医院,山东省,公立医院,二甲,专科医院,
寿光市口腔医院,山东省,公立医院,二甲,专科医院,
寿光市中医医院,山东省,公立医院,二甲,专科医院,
泗水县中医院,山东省,公立医院,二甲,专科医院,
泰安市岱岳区妇幼保健院,山东省,公立医院,二甲,专科医院,
泰安市皮肤病医院,山东省,公立医院,二甲,专科医院,
泰安市肿瘤医院,山东省,公立医院,二甲,专科医院,
泰安市中医二院,山东省,公立医院,二甲,专科医院,
泰山市慢性病医院,山东省,公立医院,二甲,专科医院,
郯城县中医院,山东省,公立医院,二甲,专科医院,
滕州市妇幼保健院,山东省,公立医院,二甲,专科医院,
威海口腔医院,山东省,公立医院,二甲,专科医院,
汶上县中医院,山东省,公立医院,二甲,专科医院,
武城县中医院,山东省,公立医院,二甲,专科医院,
无棣县中医院,山东省,公立医院,二甲,专科医院,
五莲县妇幼保健计划生育服务中心,山东省,公立医院,二甲,专科医院,
五莲县中医医院,山东省,公立医院,二甲,专科医院,
夏津县中医院,山东省,公立医院,二甲,专科医院,
栖霞市中医医院,山东省,公立医院,二甲,专科医院,
阳谷县中医院,山东省,公立医院,二甲,专科医院,
阳信县中医医院,山东省,公立医院,二甲,专科医院,
烟台市传染病医院,山东省,公立医院,二甲,专科医院,
沂南县妇幼保健院,山东省,公立医院,二甲,专科医院,
沂源县中医医院,山东省,公立医院,二甲,专科医院,
禹城市中医院,山东省,公立医院,二甲,专科医院,
郓城县中医院,山东省,公立医院,二甲,专科医院,
鱼台县中医院,山东省,公立医院,二甲,专科医院,
枣庄市皮肤病医院,山东省,公立医院,二甲,专科医院,
枣庄市薛城区中医院,山东省,公立医院,二甲,专科医院,https://www.xcqzyy.com
枣庄市峄城区中医院,山东省,公立医院,二甲,专科医院,
沾化区中医院,山东省,公立医院,二甲,专科医院,
招远市中医院,山东省,公立医院,二甲,专科医院,
诸城市妇幼保健院,山东省,公立医院,二甲,专科医院,
淄博市博山区中医院,山东省,公立医院,二甲,专科医院,http://www.bszyy.cn
淄博市临淄区妇幼保健院,山东省,公立医院,二甲,专科医院,
淄博市临淄区中医院,山东省,公立医院,二甲,专科医院,
淄博市张店区中医院,山东省,公立医院,二甲,专科医院,
淄博市淄川区中医院,山东省,公立医院,二甲,专科医院,
邹城市红十字会急救中心,山东省,公立医院,二甲,专科医院,
邹城市中医院,山东省,公立医院,二甲,专科医院,http://www.zcszyy.cn
曹县县立医院,山东省,公立医院,二乙,综合医院,https://www.sdcxxlyy.cn
昌乐县第二人民医院,山东省,公立医院,二乙,综合医院,
茌平县第二人民医院,山东省,公立医院,二乙,综合医院,https://www.lceryuan.net
茌平县第三人民医院,山东省,公立医院,二乙,综合医院,http://www.chiping.gov.cn
德州卫校附属医院,山东省,公立医院,二乙,综合医院,
海阳市第二人民医院,山东省,公立医院,二乙,综合医院,
海阳市第三人民医院,山东省,公立医院,二乙,综合医院,
菏泽市曹县第二人民医院,山东省,公立医院,二乙,综合医院,
菏泽市荣军医院,山东省,公立医院,二乙,综合医院,
胶州市第二人民医院,山东省,公立医院,二乙,综合医院,
济南柴油机厂职工医院,山东省,公立医院,二乙,综合医院,
济南市天桥人民医院,山东省,公立医院,二乙,综合医院,
莱西市第二人民医院,山东省,公立医院,二乙,综合医院,
莱西市第四人民医院,山东省,公立医院,二乙,综合医院,http://www.laixi.gov.cn
陵县经济开发区医院,山东省,公立医院,二乙,综合医院,
临沂市交通医院,山东省,公立医院,二乙,综合医院,
鲁中矿业有限公司医院,山东省,公立医院,二乙,综合医院,
牡丹区中心医院黄口分院,山东省,公立医院,二乙,综合医院,
牧琳爱中美友好医院,山东省,公立医院,二乙,综合医院,
平度市第二人民医院,山东省,公立医院,二乙,综合医院,
齐鲁石化医院集团蜂山医院,山东省,公立医院,二乙,综合医院,
青岛市红岛人民医院,山东省,公立医院,二乙,综合医院,
青岛铁路分局淄博铁路医院,山东省,公立医院,二乙,综合医院,
胜利油田胜采医院,山东省,公立医院,二乙,综合医院,
郯城县第二人民医院,山东省,公立医院,二乙,综合医院,
汶上县第二人民医院,山东省,公立医院,二乙,综合医院,
武城县第二人民医院,山东省,公立医院,二乙,综合医院,
阳谷县第二人民医院,山东省,公立医院,二乙,综合医院,
烟台凤凰台医院,山东省,公立医院,二乙,综合医院,
郓城县第二医院,山东省,公立医院,二乙,综合医院,
中国人民解放军第四零七医院,山东省,公立医院,二乙,综合医院,
中国重型汽车集团有限公司医院,山东省,公立医院,二乙,综合医院,
淄博广电医院,山东省,公立医院,二乙,综合医院,
曹县同善正骨专科医院,山东省,公立医院,二乙,专科医院,
定陶区中医院,山东省,公立医院,二乙,专科医院,
东阿县中医院,山东省,公立医院,二乙,专科医院,
东营市妇幼保健院,山东省,公立医院,二乙,专科医院,https://www.dysrmyy.com
高密市整骨总医院,山东省,公立医院,二乙,专科医院,
高青县中医院,山东省,公立医院,二乙,专科医院,
高唐县人民医院西院区,山东省,公立医院,二乙,专科医院,
菏泽市牡丹区中医院,山东省,公立医院,二乙,专科医院,
桓台县骨伤医院,山东省,公立医院,二乙,专科医院,
惠民县中医医院,山东省,公立医院,二乙,专科医院,
济南市历城区中医院,山东省,公立医院,二乙,专科医院,
济宁市口腔医院,山东省,公立医院,二乙,专科医院,
鄄城县中医院,山东省,公立医院,二乙,专科医院,
莱西市妇幼保健院,山东省,公立医院,二乙,专科医院,
聊城市光明医院,山东省,公立医院,二乙,专科医院,https://www.dlzb.com
聊城市肿瘤医院,山东省,公立医院,二乙,专科医院,http://www.lcszlyy.cn
平邑县精神病医院,山东省,公立医院,二乙,专科医院,
青岛优抚医院,山东省,公立医院,二乙,专科医院,
胜利石油管理局肛肠病防治院,山东省,公立医院,二乙,专科医院,https://www.slchos.com
威海市肿瘤医院,山东省,公立医院,二乙,专科医院,https://www.weihai.gov.cn
微山县中医院,山东省,公立医院,二乙,专科医院,https://www.sdxfly.com
枣庄市口腔医院,山东省,公立医院,二乙,专科医院,
张店区第二人民医院,山东省,公立医院,二乙,专科医院,
济南市历下区第三人民医院,山东省,公立医院,二丙,综合医院,https://www.jnslsy.com
鲁北高新技术开发区人民医院,山东省,公立医院,二丙,综合医院,
山东第一医科大学附属内分泌与代谢病医院,山东省,公立医院,未定级,专科医院,
济南市皮肤病防治院,山东省,公立医院,未定级,专科医院,
北大医疗鲁中医院,山东省,私立医院,三甲,综合医院,https://www.bdyllzyy.com
山东阳光融和医院,山东省,私立医院,三甲,综合医院,
兖矿集团公司总医院济东院区,山东省,私立医院,三甲,综合医院,
济南明水眼科医院,山东省,私立医院,三甲,专科医院,http://www.jneye.com.cn
鲁南眼科医院,山东省,私立医院,三甲,专科医院,https://www.163.com
文登整骨医院,山东省,私立医院,三甲,专科医院,
山东省文登整骨烟台医院,山东省,私立医院,三甲,专科医院,
山东手足外科医院,山东省,私立医院,三甲,专科医院,
肥城矿业中心医院,山东省,私立医院,三乙,综合医院,
菏泽华厦眼科医院,山东省,私立医院,三乙,专科医院,https://www.hzhxyk.com
潍坊眼科医院,山东省,私立医院,三丙,专科医院,
单县东大医院,山东省,私立医院,二甲,综合医院,
兖州九一医院,山东省,私立医院,二甲,综合医院,
淄博昌国医院,山东省,私立医院,二甲,综合医院,
临沂罗庄中心医院,山东省,私立医院,二甲,综合医院,
平原县龙门医院,山东省,私立医院,二甲,综合医院,
青岛德仁医院,山东省,私立医院,二甲,综合医院,
青岛钢铁总公司职工医院,山东省,私立医院,二甲,综合医院,
曲阜红星医院,山东省,私立医院,二甲,综合医院,
泰安北大医院,山东省,私立医院,二甲,综合医院,
潍坊市坊子区仁康医院,山东省,私立医院,二甲,综合医院,
潍坊市峡山区人民医院,山东省,私立医院,二甲,综合医院,
威海迪康医院,山东省,私立医院,二甲,综合医院,
新汶矿业集团协庄煤矿医院,山东省,私立医院,二甲,综合医院,
烟台莱山北大医院,山东省,私立医院,二甲,综合医院,
烟台市牟平区新建医院,山东省,私立医院,二甲,综合医院,
中华慈善威海海大医院,山东省,私立医院,二甲,综合医院,https://www.haidahp.com
东营华山男科医院,山东省,私立医院,二甲,专科医院,
华方中医专科医院,山东省,私立医院,二甲,专科医院,
莱阳博爱骨科医院,山东省,私立医院,二甲,专科医院,
聊城市水城妇产医院,山东省,私立医院,二甲,专科医院,
青岛浮新医院,山东省,私立医院,二甲,专科医院,
青岛肛泰肛肠医院,山东省,私立医院,二甲,专科医院,
青岛静康医院,山东省,私立医院,二甲,专科医院,
泰安骨科医院,山东省,私立医院,二甲,专科医院,
文登市口腔医院,山东省,私立医院,二甲,专科医院,
烟台康爱眼科医院,山东省,私立医院,二甲,专科医院,
淄博宝华中医医院,山东省,私立医院,二甲,专科医院,
淄博莲池妇婴医院,山东省,私立医院,二甲,专科医院,
泰安市泰山光明医院,山东省,私立医院,二乙,综合医院,
郓城诚信医院,山东省,私立医院,二乙,综合医院,
淄博颜山医院,山东省,私立医院,二乙,综合医院,
青岛新世纪妇儿医院,山东省,私立医院,二乙,专科医院,
菏泽白癜风医院,山东省,私立医院,二乙,专科医院,
菏泽大众风湿病专科医院,山东省,私立医院,二乙,专科医院,
菏泽康乐普外专科医院,山东省,私立医院,二乙,专科医院,
菏泽昆仑脑血管病医院,山东省,私立医院,二乙,专科医院,
聊城糖尿病医院,山东省,私立医院,二乙,专科医院,
青岛华悦妇产医院,山东省,私立医院,二乙,专科医院,
泰安颐博康复医院,山东省,私立医院,二乙,专科医院,
潍坊牙科医院,山东省,私立医院,二乙,专科医院,
淄博赢和中医医院,山东省,私立医院,二乙,专科医院,
威海威里医院,山东省,私立医院,二丙,综合医院,
济南国医堂医院,山东省,私立医院,二丙,综合医院,
日照华方中医院,山东省,私立医院,二丙,专科医院,
青岛盈海医院,山东省,私立医院,一级,综合医院,
烟台白石肛肠医院,山东省,私立医院,一级,专科医院,
青岛华厦眼科医院,山东省,私立医院,未定级,专科医院,
恩施土家族苗族自治州中心医院,湖北省,公立医院,三甲,综合医院,
国药东风总医院,湖北省,公立医院,三甲,综合医院,
黄冈市中心医院,湖北省,公立医院,三甲,综合医院,
黄石市中心医院,湖北省,公立医院,三甲,综合医院,
黄石市中医医院,湖北省,公立医院,三甲,综合医院,
华润武钢总医院,湖北省,公立医院,三甲,综合医院,
华中科技大学同济医学院附属梨园医院,湖北省,公立医院,三甲,综合医院,
华中科技大学同济医学院附属同济医院,湖北省,公立医院,三甲,综合医院,
华中科技大学同济医学院附属协和医院,湖北省,公立医院,三甲,综合医院,
湖北民族大学附属民大医院,湖北省,公立医院,三甲,综合医院,
湖北省第三人民医院,湖北省,公立医院,三甲,综合医院,
湖北省十堰市太和医院,湖北省,公立医院,三甲,综合医院,
荆门市中心医院,湖北省,公立医院,三甲,综合医院,
荆门市中医医院,湖北省,公立医院,三甲,综合医院,
荆州市中心医院,湖北省,公立医院,三甲,综合医院,
麻城市人民医院,湖北省,公立医院,三甲,综合医院,
潜江市中心医院,湖北省,公立医院,三甲,综合医院,
三峡大学附属仁和医院,湖北省,公立医院,三甲,综合医院,
十堰市人民医院,湖北省,公立医院,三甲,综合医院,
天门市第一人民医院,湖北省,公立医院,三甲,综合医院,
武汉大学人民医院,湖北省,公立医院,三甲,综合医院,
武汉大学中南医院,湖北省,公立医院,三甲,综合医院,
武汉科技大学附属天佑医院,湖北省,公立医院,三甲,综合医院,
武汉市第三医院,湖北省,公立医院,三甲,综合医院,
武汉市第一医院,湖北省,公立医院,三甲,综合医院,
武汉市金银潭医院,湖北省,公立医院,三甲,综合医院,
武汉市中心医院,湖北省,公立医院,三甲,综合医院,
襄阳市第一人民医院,湖北省,公立医院,三甲,综合医院,
咸宁市中心医院,湖北省,公立医院,三甲,综合医院,
宜昌市第二人民医院,湖北省,公立医院,三甲,综合医院,
宜昌市第一人民医院,湖北省,公立医院,三甲,综合医院,
宜昌市中心人民医院,湖北省,公立医院,三甲,综合医院,
钟祥市人民医院,湖北省,公立医院,三甲,综合医院,
鄂州市中心医院,湖北省,公立医院,三甲,综合医院,
葛洲坝集团中心医院,湖北省,公立医院,三甲,综合医院,
黄石市中心医院普爱院区,湖北省,公立医院,三甲,综合医院,
华中科技大学同济医学院附属普爱医院西院,湖北省,公立医院,三甲,综合医院,
华中科技大学同济医学院附属同济医院中法新城院区,湖北省,公立医院,三甲,综合医院,
荆门市第二人民医院,湖北省,公立医院,三甲,综合医院,
随州市中心医院,湖北省,公立医院,三甲,综合医院,
同济医科大学中西医结合研究所,湖北省,公立医院,三甲,综合医院,
武汉大学人民医院洪山院区,湖北省,公立医院,三甲,综合医院,
武汉市第三医院光谷院区,湖北省,公立医院,三甲,综合医院,
武汉市第四医院,湖北省,公立医院,三甲,综合医院,
武汉市第五医院,湖北省,公立医院,三甲,综合医院,
武汉市中心医院谌家矶院区,湖北省,公立医院,三甲,综合医院,
武汉市中心医院后湖院区,湖北省,公立医院,三甲,综合医院,
武警湖北总队医院,湖北省,公立医院,三甲,综合医院,
襄樊市红十字医院,湖北省,公立医院,三甲,综合医院,
襄阳市第一人民医院西院区,湖北省,公立医院,三甲,综合医院,
襄阳市中心医院,湖北省,公立医院,三甲,综合医院,
襄阳市中心医院北区,湖北省,公立医院,三甲,综合医院,
襄阳市中心医院东津院区,湖北省,公立医院,三甲,综合医院,
孝感市中心医院,湖北省,公立医院,三甲,综合医院,http://xgjk.com
中国人民解放军第一六一中心医院,湖北省,公立医院,三甲,综合医院,https://m.jianke.com
中国人民解放军四五七医院,湖北省,公立医院,三甲,综合医院,
中国人民解放军中部战区总医院,湖北省,公立医院,三甲,综合医院,https://www.301hospital.com.cn
黄石市妇幼保健院,湖北省,公立医院,三甲,专科医院,
湖北省妇幼保健院,湖北省,公立医院,三甲,专科医院,
湖北省肿瘤医院,湖北省,公立医院,三甲,专科医院,
荆州市妇幼保健院,湖北省,公立医院,三甲,专科医院,
天门市中医医院,湖北省,公立医院,三甲,专科医院,
武汉大学口腔医院,湖北省,公立医院,三甲,专科医院,
武汉儿童医院,湖北省,公立医院,三甲,专科医院,
鄂东医疗集团市中医医院,湖北省,公立医院,三甲,专科医院,
恩施州中心医院中医部,湖北省,公立医院,三甲,专科医院,
鄂州市妇幼保健院,湖北省,公立医院,三甲,专科医院,
鄂州市中医医院,湖北省,公立医院,三甲,专科医院,
公安县中医医院,湖北省,公立医院,三甲,专科医院,
洪湖市中医医院,湖北省,公立医院,三甲,专科医院,
黄冈市中医医院,湖北省,公立医院,三甲,专科医院,
黄石妇幼保健院（钟楼分院）,湖北省,公立医院,三甲,专科医院,
湖北省中西医结合医院,湖北省,公立医院,三甲,专科医院,
湖北省中医院,湖北省,公立医院,三甲,专科医院,
建始县中医院,湖北省,公立医院,三甲,专科医院,
荆州市第一人民医院,湖北省,公立医院,三甲,专科医院,
荆州市第一人民医院慈济分院,湖北省,公立医院,三甲,专科医院,
荆州市中医医院,湖北省,公立医院,三甲,专科医院,
利川市民族中医院,湖北省,公立医院,三甲,专科医院,
十堰市妇幼保健院,湖北省,公立医院,三甲,专科医院,
十堰市中医医院,湖北省,公立医院,三甲,专科医院,
随州市中医医院,湖北省,公立医院,三甲,专科医院,
武汉市妇女儿童医疗保健中心,湖北省,公立医院,三甲,专科医院,
武汉市黄陂区中医医院,湖北省,公立医院,三甲,专科医院,
武汉市精神卫生中心,湖北省,公立医院,三甲,专科医院,
武汉市心理医院,湖北省,公立医院,三甲,专科医院,
武汉市中医医院二桥分院,湖北省,公立医院,三甲,专科医院,
武汉市中医医院汉阳院区,湖北省,公立医院,三甲,专科医院,
武汉市中医医院台北分院,湖北省,公立医院,三甲,专科医院,
武汉市中医院,湖北省,公立医院,三甲,专科医院,
襄阳市中医医院,湖北省,公立医院,三甲,专科医院,
咸宁市中医医院,湖北省,公立医院,三甲,专科医院,
仙桃市中医院,湖北省,公立医院,三甲,专科医院,
孝感市中医院,湖北省,公立医院,三甲,专科医院,
宜昌市中医医院,湖北省,公立医院,三甲,专科医院,
中国人民解放军一九三医院,湖北省,公立医院,三甲,专科医院,
钟祥市中医院,湖北省,公立医院,三甲,专科医院,
汉川市人民医院,湖北省,公立医院,三乙,综合医院,
随州市曾都医院,湖北省,公立医院,三乙,综合医院,
武汉钢铁（集团）公司第二职工医院,湖北省,公立医院,三乙,综合医院,
武汉钢铁集团公司第二职工医院,湖北省,公立医院,三乙,综合医院,
武汉市黄陂区人民医院,湖北省,公立医院,三乙,综合医院,
仙桃市第一人民医院,湖北省,公立医院,三乙,综合医院,
宜昌市优抚医院,湖北省,公立医院,三乙,综合医院,
枣阳市第一人民医院,湖北省,公立医院,三乙,综合医院,
中国人民解放军第四四七医院,湖北省,公立医院,三乙,综合医院,
武汉市肺科医院,湖北省,公立医院,三乙,专科医院,http://www.whjhb.org
监利县人民医院,湖北省,公立医院,三丙,综合医院,
荆州市第三人民医院,湖北省,公立医院,三丙,综合医院,
武汉市武昌医院,湖北省,公立医院,三丙,综合医院,
武穴市第一人民医院,湖北省,公立医院,三丙,综合医院,
十堰市中西医结合医院,湖北省,公立医院,三丙,专科医院,
安陆市普爱医院,湖北省,公立医院,二甲,综合医院,http://www.hbalpuai.com
赤壁市蒲纺医院,湖北省,公立医院,二甲,综合医院,
大悟县中医医院,湖北省,公立医院,二甲,综合医院,https://www.dwxzyy.com
国药东风花果医院,湖北省,公立医院,二甲,综合医院,http://www.hgyy.com.cn
黄梅县人民医院,湖北省,公立医院,二甲,综合医院,
黄梅县中医医院,湖北省,公立医院,二甲,综合医院,
湖北航天医院,湖北省,公立医院,二甲,综合医院,
石首市人民医院,湖北省,公立医院,二甲,综合医院,
宜城市人民医院,湖北省,公立医院,二甲,综合医院,
应城市人民医院,湖北省,公立医院,二甲,综合医院,
远安县人民医院,湖北省,公立医院,二甲,综合医院,
安远航天医院,湖北省,公立医院,二甲,综合医院,
巴东县人民医院,湖北省,公立医院,二甲,综合医院,
保康县人民医院,湖北省,公立医院,二甲,综合医院,
赤壁市人民医院,湖北省,公立医院,二甲,综合医院,
崇阳县人民医院,湖北省,公立医院,二甲,综合医院,
当阳市长坂坡医院,湖北省,公立医院,二甲,综合医院,
当阳市人民医院,湖北省,公立医院,二甲,综合医院,
丹江工程局职工医院,湖北省,公立医院,二甲,综合医院,
大悟县人民医院,湖北省,公立医院,二甲,综合医院,
大冶有色金属公司铜禄山矿医院,湖北省,公立医院,二甲,综合医院,
东风汽车公司茅箭医院,湖北省,公立医院,二甲,综合医院,
鄂州大学附属莲花山医院,湖北省,公立医院,二甲,综合医院,
鄂州市第三医院,湖北省,公立医院,二甲,综合医院,
广水市第二人民医院,湖北省,公立医院,二甲,综合医院,
广水市第一人民医院,湖北省,公立医院,二甲,综合医院,
鹤峰县中心医院,湖北省,公立医院,二甲,综合医院,
红安县人民医院,湖北省,公立医院,二甲,综合医院,
洪湖市人民医院,湖北省,公立医院,二甲,综合医院,
黄冈市第二人民医院,湖北省,公立医院,二甲,综合医院,
黄石人福医院,湖北省,公立医院,二甲,综合医院,
黄石市第四医院,湖北省,公立医院,二甲,综合医院,
黄石市第五医院,湖北省,公立医院,二甲,综合医院,
黄石市西塞山区人民医院,湖北省,公立医院,二甲,综合医院,
黄州区人民医院,湖北省,公立医院,二甲,综合医院,http://www.hzqyy.cn
华中科技大学协和江北医院,湖北省,公立医院,二甲,综合医院,
湖北江山机械厂职工医院,湖北省,公立医院,二甲,综合医院,
湖北省荆州市监利县人民大垸农场职工医院,湖北省,公立医院,二甲,综合医院,
湖北省荣军医院,湖北省,公立医院,二甲,综合医院,
江陵县人民医院,湖北省,公立医院,二甲,综合医院,
监利县第二人民医院,湖北省,公立医院,二甲,综合医院,
建始县人民医院,湖北省,公立医院,二甲,综合医院,
嘉鱼县人民医院,湖北省,公立医院,二甲,综合医院,
解放军空军雷达医院,湖北省,公立医院,二甲,综合医院,
荆门市第三人民医院,湖北省,公立医院,二甲,综合医院,
荆门市沙洋县人民医院,湖北省,公立医院,二甲,综合医院,
京山市人民医院,湖北省,公立医院,二甲,综合医院,
荆州市第五人民医院,湖北省,公立医院,二甲,综合医院,
来凤县中心医院,湖北省,公立医院,二甲,综合医院,
老河口市第一医院,湖北省,公立医院,二甲,综合医院,
罗田县第二人民医院,湖北省,公立医院,二甲,综合医院,
罗田县人民医院,湖北省,公立医院,二甲,综合医院,
麻城市第二人民医院,湖北省,公立医院,二甲,综合医院,
南漳县人民医院,湖北省,公立医院,二甲,综合医院,
蕲春县红十字会医院,湖北省,公立医院,二甲,综合医院,
蕲春县人民医院,湖北省,公立医院,二甲,综合医院,
蕲春县人民医院铁路分院,湖北省,公立医院,二甲,综合医院,
沙洋农场总医院,湖北省,公立医院,二甲,综合医院,
神农架林区人民医院,湖北省,公立医院,二甲,综合医院,
石首市地方病医院,湖北省,公立医院,二甲,综合医院,
十堰市房县人民医院,湖北省,公立医院,二甲,综合医院,
十堰市铁路医院,湖北省,公立医院,二甲,综合医院,http://www.systlyy.org.cn
十堰市郧阳区人民医院,湖北省,公立医院,二甲,综合医院,http://www.yyqrmyy.cn
双环化工集团有限公司职工医院,湖北省,公立医院,二甲,综合医院,
随县洪山医院,湖北省,公立医院,二甲,综合医院,
随州市随县人民医院,湖北省,公立医院,二甲,综合医院,
通城县人民医院,湖北省,公立医院,二甲,综合医院,
通山县人民医院,湖北省,公立医院,二甲,综合医院,
团风县人民医院,湖北省,公立医院,二甲,综合医院,
五峰土家族自治县人民医院,湖北省,公立医院,二甲,综合医院,
武汉钢铁公司程潮铁矿职工医院,湖北省,公立医院,二甲,综合医院,
武汉市第九医院,湖北省,公立医院,二甲,综合医院,
武汉市第七医院,湖北省,公立医院,二甲,综合医院,
武汉市红十字会医院,湖北省,公立医院,二甲,综合医院,
武汉世纪国医堂中医医院,湖北省,公立医院,二甲,综合医院,
武汉市商业职工医院,湖北省,公立医院,二甲,综合医院,https://www.qm120.com
武汉市优抚医院,湖北省,公立医院,二甲,综合医院,
咸丰县人民医院,湖北省,公立医院,二甲,综合医院,
襄阳市第三人民医院,湖北省,公立医院,二甲,综合医院,
襄阳市襄州区人民医院,湖北省,公立医院,二甲,综合医院,
襄阳市中西医结合医院,湖北省,公立医院,二甲,综合医院,
襄阳职业技术学院附属医院,湖北省,公立医院,二甲,综合医院,
咸宁市第一人民医院,湖北省,公立医院,二甲,综合医院,
咸宁医学院附属第二医院,湖北省,公立医院,二甲,综合医院,
孝昌县人民医院,湖北省,公立医院,二甲,综合医院,
兴山县人民医院,湖北省,公立医院,二甲,综合医院,
浠水县红十字会医院,湖北省,公立医院,二甲,综合医院,
宣恩县人民医院,湖北省,公立医院,二甲,综合医院,
阳新县第二人民医院,湖北省,公立医院,二甲,综合医院,
宜昌市夷陵区人民医院,湖北省,公立医院,二甲,综合医院,
宜昌市夷陵医院,湖北省,公立医院,二甲,综合医院,
宜昌长航医院,湖北省,公立医院,二甲,综合医院,
宜都市第二人民医院,湖北省,公立医院,二甲,综合医院,
宜都市第一人民医院,湖北省,公立医院,二甲,综合医院,
英山县人民医院,湖北省,公立医院,二甲,综合医院,
云梦县人民医院,湖北省,公立医院,二甲,综合医院,
郧西县人民医院,湖北省,公立医院,二甲,综合医院,
长阳土家族自治县人民医院,湖北省,公立医院,二甲,综合医院,
枝城市第一人民医院,湖北省,公立医院,二甲,综合医院,
枝江市人民医院,湖北省,公立医院,二甲,综合医院,
中航工业三六四医院,湖北省,公立医院,二甲,综合医院,
竹山县人民医院,湖北省,公立医院,二甲,综合医院,
秭归县医疗中心,湖北省,公立医院,二甲,综合医院,
仙桃市妇幼保健院,湖北省,公立医院,二甲,专科医院,
安陆市妇幼保健院,湖北省,公立医院,二甲,专科医院,
安陆市中医院,湖北省,公立医院,二甲,专科医院,
巴东县中医院,湖北省,公立医院,二甲,专科医院,
保康县中医院,湖北省,公立医院,二甲,专科医院,
当阳市妇幼保健院,湖北省,公立医院,二甲,专科医院,
当阳市中医院,湖北省,公立医院,二甲,专科医院,
丹江口市中医院,湖北省,公立医院,二甲,专科医院,
大冶市中医医院,湖北省,公立医院,二甲,专科医院,
广水市中医医院,湖北省,公立医院,二甲,专科医院,
谷城县中医院,湖北省,公立医院,二甲,专科医院,
汉川市妇幼保健院,湖北省,公立医院,二甲,专科医院,
汉川市中医医院,湖北省,公立医院,二甲,专科医院,
红安县中医院,湖北省,公立医院,二甲,专科医院,
黄梅县妇幼保健院,湖北省,公立医院,二甲,专科医院,
黄石市石灰窑区妇幼保健院,湖北省,公立医院,二甲,专科医院,
黄石市团城山医院,湖北省,公立医院,二甲,专科医院,
黄州区妇幼保健院,湖北省,公立医院,二甲,专科医院,
监利县中医院,湖北省,公立医院,二甲,专科医院,
荆门市妇幼保健院,湖北省,公立医院,二甲,专科医院,https://www.jmfybjy.cn
荆门市康复医院,湖北省,公立医院,二甲,专科医院,
荆州市精神卫生中心,湖北省,公立医院,二甲,专科医院,
老河口市中医院,湖北省,公立医院,二甲,专科医院,
利川市民族妇幼保健院,湖北省,公立医院,二甲,专科医院,
麻城市中医院,湖北省,公立医院,二甲,专科医院,
南漳县中医院,湖北省,公立医院,二甲,专科医院,
硚口区妇幼保健院,湖北省,公立医院,二甲,专科医院,
蕲春县李时珍医院,湖北省,公立医院,二甲,专科医院,
石首市中医院,湖北省,公立医院,二甲,专科医院,
十堰市房县妇幼保健院,湖北省,公立医院,二甲,专科医院,
十堰市房县中医院,湖北省,公立医院,二甲,专科医院,
十堰市郧阳区中医医院,湖北省,公立医院,二甲,专科医院,
松滋市中医院,湖北省,公立医院,二甲,专科医院,
随州市妇幼保健院,湖北省,公立医院,二甲,专科医院,
天门市妇幼保健院,湖北省,公立医院,二甲,专科医院,
通城县中医医院,湖北省,公立医院,二甲,专科医院,
通山县中医院,湖北省,公立医院,二甲,专科医院,
团风县中医院,湖北省,公立医院,二甲,专科医院,
武汉市蔡甸中医院,湖北省,公立医院,二甲,专科医院,
武汉市江夏区妇幼保健院,湖北省,公立医院,二甲,专科医院,
武穴市妇幼保健院,湖北省,公立医院,二甲,专科医院,
武穴市中医医院,湖北省,公立医院,二甲,专科医院,
咸丰县中医院,湖北省,公立医院,二甲,专科医院,
襄阳市襄州区中医院,湖北省,公立医院,二甲,专科医院,
兴山县中医医院,湖北省,公立医院,二甲,专科医院,
新洲区中医医院,湖北省,公立医院,二甲,专科医院,
浠水县中医院,湖北省,公立医院,二甲,专科医院,
宣恩县中医院,湖北省,公立医院,二甲,专科医院,
阳新县妇幼保健院,湖北省,公立医院,二甲,专科医院,
阳新县中医院,湖北省,公立医院,二甲,专科医院,
宜昌市第五人民医院,湖北省,公立医院,二甲,专科医院,
宜昌市血防医院,湖北省,公立医院,二甲,专科医院,
宜城市中医医院,湖北省,公立医院,二甲,专科医院,
宜都市中医医院,湖北省,公立医院,二甲,专科医院,
应城市中医医院,湖北省,公立医院,二甲,专科医院,
英山县中医医院,湖北省,公立医院,二甲,专科医院,
远安县中医院,湖北省,公立医院,二甲,专科医院,
枣阳市中医院,湖北省,公立医院,二甲,专科医院,
长阳土家族自治县中医院,湖北省,公立医院,二甲,专科医院,
中国人民解放军一九五医院,湖北省,公立医院,二甲,专科医院,
竹山县中医医院,湖北省,公立医院,二甲,专科医院,
竹溪县中医医院,湖北省,公立医院,二甲,专科医院,
秭归县中医院,湖北省,公立医院,二甲,专科医院,
安陆市第二人民医院,湖北省,公立医院,二乙,综合医院,
大悟县第二人民医院,湖北省,公立医院,二乙,综合医院,
公安县第二人民医院,湖北省,公立医院,二乙,综合医院,
谷城县石花医院,湖北省,公立医院,二乙,综合医院,
汉川市第二人民医院,湖北省,公立医院,二乙,综合医院,
洪湖市第二人民医院,湖北省,公立医院,二乙,综合医院,
洪湖市第三人民医院,湖北省,公立医院,二乙,综合医院,
后湖管理区职工医院,湖北省,公立医院,二乙,综合医院,
黄冈市红十字会医院,湖北省,公立医院,二乙,综合医院,
黄梅县第二人民医院,湖北省,公立医院,二乙,综合医院,
华中科技大学校医院,湖北省,公立医院,二乙,综合医院,
湖北省第三人民医院阳逻院区,湖北省,公立医院,二乙,综合医院,https://yl.hb3rm.com
湖北省武当山医院,湖北省,公立医院,二乙,综合医院,
湖北职业技术学院附属惠济医院,湖北省,公立医院,二乙,综合医院,
湖北中医药高等专科学校附属古城医院,湖北省,公立医院,二乙,综合医院,
监利县第三人民医院,湖北省,公立医院,二乙,综合医院,
京山市第三人民医院,湖北省,公立医院,二乙,综合医院,
荆州市港口医院,湖北省,公立医院,二乙,综合医院,
荆州卫校学校附属医院,湖北省,公立医院,二乙,综合医院,
龙感湖管理区医院,湖北省,公立医院,二乙,综合医院,
南漳县第二人民医院,湖北省,公立医院,二乙,综合医院,
潜江市总口管理区职工医院,湖北省,公立医院,二乙,综合医院,
石首市第二人民医院,湖北省,公立医院,二乙,综合医院,
石首市第三人民医院,湖北省,公立医院,二乙,综合医院,
十堰市第二人民医院,湖北省,公立医院,二乙,综合医院,
十堰市第四人民医院,湖北省,公立医院,二乙,综合医院,
松滋市第二人民医院,湖北省,公立医院,二乙,综合医院,
太和医院武当山分院,湖北省,公立医院,二乙,综合医院,
天门市第二人民医院,湖北省,公立医院,二乙,综合医院,
天门市第三人民医院,湖北省,公立医院,二乙,综合医院,
天门市蒋湖农场职工医院,湖北省,公立医院,二乙,综合医院,
武汉大学医院,湖北省,公立医院,二乙,综合医院,
武汉东西湖养殖场何家庙职工医院,湖北省,公立医院,二乙,综合医院,
武汉市汉南区人民医院,湖北省,公立医院,二乙,综合医院,
武汉市普仁江岸医院,湖北省,公立医院,二乙,综合医院,
武汉市石化医院,湖北省,公立医院,二乙,综合医院,
武穴市第二人民医院,湖北省,公立医院,二乙,综合医院,
襄北监狱医院,湖北省,公立医院,二乙,综合医院,
襄南监狱医院,湖北省,公立医院,二乙,综合医院,
襄阳市军工医院,湖北省,公立医院,二乙,综合医院,
襄阳市中心医院万山分院,湖北省,公立医院,二乙,综合医院,
仙桃市第二人民医院,湖北省,公立医院,二乙,综合医院,
仙桃市第三人民医院,湖北省,公立医院,二乙,综合医院,
仙桃市第四人民医院,湖北省,公立医院,二乙,综合医院,
郧阳医学院白浪医院,湖北省,公立医院,二乙,综合医院,
中国葛洲坝集团夷陵山分院,湖北省,公立医院,二乙,综合医院,
钟祥市第二医院,湖北省,公立医院,二乙,综合医院,
鄂州市精神病医院,湖北省,公立医院,二乙,专科医院,
公安县妇幼保健院,湖北省,公立医院,二乙,专科医院,
汉川市血防医院,湖北省,公立医院,二乙,专科医院,
汉川市血吸虫病专科医院,湖北省,公立医院,二乙,专科医院,
红安县妇幼保健院,湖北省,公立医院,二乙,专科医院,
荆州市荆州区中医院,湖北省,公立医院,二乙,专科医院,
潜江市皮肤病防治院,湖北省,公立医院,二乙,专科医院,
潜江市中医院,湖北省,公立医院,二乙,专科医院,
天门市精神病医院,湖北省,公立医院,二乙,专科医院,
武汉老年病医院,湖北省,公立医院,二乙,专科医院,
宜昌市武陵中医院,湖北省,公立医院,二乙,专科医院,
天门市口腔医院,湖北省,公立医院,二丙,专科医院,http://zh.kqzp.cn
华中科技大学同济医学院生殖医学中心,湖北省,公立医院,未定级,专科医院,
黄石爱康医院,湖北省,私立医院,三甲,综合医院,
泰康同济武汉医院,湖北省,私立医院,三甲,综合医院,
武汉市普仁医院,湖北省,私立医院,三甲,综合医院,
湖北江汉油田总医院,湖北省,私立医院,三甲,综合医院,
武汉亚洲心脏病医院,湖北省,私立医院,三甲,专科医院,
武汉市汉阳医院,湖北省,私立医院,三乙,综合医院,
武汉亚心总医院,湖北省,私立医院,三乙,综合医院,
长江航运总医院,湖北省,私立医院,三乙,综合医院,
石首市皮肤病医院,湖北省,私立医院,三乙,专科医院,
武汉华美整形外科医院,湖北省,私立医院,三丙,专科医院,
武汉民生眼耳鼻喉专科医院,湖北省,私立医院,三丙,专科医院,https://www.whmsebh.com
鄂州二医院,湖北省,私立医院,二甲,综合医院,https://www.ez2yy.com
大冶铁矿职工医院,湖北省,私立医院,二甲,综合医院,https://yxzbb.dyhos.cn
黄石普仁医院,湖北省,私立医院,二甲,综合医院,
湖北黄石明康医院,湖北省,私立医院,二甲,综合医院,http://www.zk71.com
湖北省钟祥市长安医院,湖北省,私立医院,二甲,综合医院,
荆门市荆襄医院,湖北省,私立医院,二甲,综合医院,
老河口市第二医院,湖北省,私立医院,二甲,综合医院,
襄阳天和医院,湖北省,私立医院,二甲,综合医院,
襄阳五洲医院,湖北省,私立医院,二甲,综合医院,
武汉锦华妇产医院,湖北省,私立医院,二甲,专科医院,
咸宁市麻塘风湿病专科医院,湖北省,私立医院,二甲,专科医院,
汉川市第三人民医院,湖北省,私立医院,二乙,综合医院,
武汉武锅医院,湖北省,私立医院,二乙,综合医院,
武汉梧桐妇产医院,湖北省,私立医院,二乙,专科医院,
湖北脑血管病医院,湖北省,私立医院,二乙,专科医院,
武汉广发肿瘤医院,湖北省,私立医院,二乙,专科医院,
武汉仁安眼耳鼻咽喉医院,湖北省,私立医院,二乙,专科医院,
建始民族医院,湖北省,私立医院,未定级,综合医院,
仙桃康和医院,湖北省,私立医院,未定级,综合医院,
黄石宏悦妇产医院,湖北省,私立医院,未定级,专科医院,
荆门爱尔眼科医院,湖北省,私立医院,未定级,专科医院,
武汉爱瑞家儿科门诊部,湖北省,私立医院,未定级,专科医院,
武汉佰视佳眼科门诊部,湖北省,私立医院,未定级,专科医院,
武汉华佑精神病医院,湖北省,私立医院,未定级,专科医院,
武汉眼视光眼科医院,湖北省,私立医院,未定级,专科医院,
襄阳爱尔眼科医院,湖北省,私立医院,未定级,专科医院,
常德市第一人民医院,湖南省,公立医院,三甲,综合医院,
常德市第一中医医院,湖南省,公立医院,三甲,综合医院,
长沙市第一医院,湖南省,公立医院,三甲,综合医院,
长沙市中心医院,湖南省,公立医院,三甲,综合医院,
长沙市中医医院,湖南省,公立医院,三甲,综合医院,
长沙市中医医院（长沙市第八医院）,湖南省,公立医院,三甲,综合医院,
郴州市第一人民医院,湖南省,公立医院,三甲,综合医院,
衡阳市中心医院,湖南省,公立医院,三甲,综合医院,
怀化市第一人民医院,湖南省,公立医院,三甲,综合医院,
湖南航天医院,湖南省,公立医院,三甲,综合医院,
湖南省脑科医院,湖南省,公立医院,三甲,综合医院,
湖南省直中医医院,湖南省,公立医院,三甲,综合医院,
湖南中医药大学第二附属医院,湖南省,公立医院,三甲,综合医院,
浏阳市中医医院,湖南省,公立医院,三甲,综合医院,
娄底市中心医院,湖南省,公立医院,三甲,综合医院,http://www.ldzxyy.com
南华大学附属第一医院,湖南省,公立医院,三甲,综合医院,
南华大学附属南华医院,湖南省,公立医院,三甲,综合医院,
邵阳学院附属第一医院,湖南省,公立医院,三甲,综合医院,
湘潭市第一人民医院,湖南省,公立医院,三甲,综合医院,
湘潭市中心医院,湖南省,公立医院,三甲,综合医院,
永州市中心医院,湖南省,公立医院,三甲,综合医院,
岳阳市第一人民医院,湖南省,公立医院,三甲,综合医院,
岳阳市二人民医院,湖南省,公立医院,三甲,综合医院,
中南大学湘雅二医院,湖南省,公立医院,三甲,综合医院,
中南大学湘雅三医院,湖南省,公立医院,三甲,综合医院,
中南大学湘雅医院,湖南省,公立医院,三甲,综合医院,
长沙市第四医院滨水新城院区,湖南省,公立医院,三甲,综合医院,
长沙市中医医院东院,湖南省,公立医院,三甲,综合医院,
国防科技大学医院,湖南省,公立医院,三甲,综合医院,
湖南省人民医院,湖南省,公立医院,三甲,综合医院,
湖南医药学院第一附属医院,湖南省,公立医院,三甲,综合医院,
南华大学附属第二医院,湖南省,公立医院,三甲,综合医院,
南华大学附属第三医院,湖南省,公立医院,三甲,综合医院,
邵阳市中心医院,湖南省,公立医院,三甲,综合医院,https://www.hnsyzxyy.com
湘南学院附属医院,湖南省,公立医院,三甲,综合医院,http://www.xnxy120.com
湘西自治州人民医院,湖南省,公立医院,三甲,综合医院,https://www.xxzrmyy.com
益阳市中心医院,湖南省,公立医院,三甲,综合医院,https://www.yych.cn
张家界市人民医院,湖南省,公立医院,三甲,综合医院,
中国人民解放军联勤保障部队第九二一医院,湖南省,公立医院,三甲,综合医院,
中国人民解放军联勤保障部队九二二医院,湖南省,公立医院,三甲,综合医院,
株洲市中心医院,湖南省,公立医院,三甲,综合医院,
株洲市中心医院田心院区,湖南省,公立医院,三甲,综合医院,
长沙市妇幼保健院,湖南省,公立医院,三甲,专科医院,
湖南省儿童医院,湖南省,公立医院,三甲,专科医院,
湖南省肿瘤医院,湖南省,公立医院,三甲,专科医院,
湘潭市妇幼保健院,湖南省,公立医院,三甲,专科医院,
益阳市第一中医医院,湖南省,公立医院,三甲,专科医院,
长沙市中医医院南院,湖南省,公立医院,三甲,专科医院,
郴州市中医医院,湖南省,公立医院,三甲,专科医院,
衡阳市中医医院,湖南省,公立医院,三甲,专科医院,
怀化市中医医院,湖南省,公立医院,三甲,专科医院,
湖南省妇幼保健院,湖南省,公立医院,三甲,专科医院,
湖南省人民医院马王堆院区,湖南省,公立医院,三甲,专科医院,
湖南省中医研究院附属医院,湖南省,公立医院,三甲,专科医院,
湖南中医药大学第一附属医院,湖南省,公立医院,三甲,专科医院,
宁乡市中医院,湖南省,公立医院,三甲,专科医院,
邵阳市中医院,湖南省,公立医院,三甲,专科医院,
湘潭市妇幼保健院河西院区,湖南省,公立医院,三甲,专科医院,
湘潭市中医医院,湖南省,公立医院,三甲,专科医院,
湘西土家族苗族自治州民族中医院,湖南省,公立医院,三甲,专科医院,
永州市中医院,湖南省,公立医院,三甲,专科医院,
岳阳市妇幼保健院,湖南省,公立医院,三甲,专科医院,
岳阳市中医院,湖南省,公立医院,三甲,专科医院,
张家界市中医医院,湖南省,公立医院,三甲,专科医院,
株洲市中医伤科医院,湖南省,公立医院,三甲,专科医院,
长沙市第四医院,湖南省,公立医院,三乙,综合医院,
邵阳市第一人民医院,湖南省,公立医院,三乙,综合医院,
株洲市二医院,湖南省,公立医院,三乙,综合医院,
长沙市口腔医院,湖南省,公立医院,三乙,专科医院,
长沙市口腔医院五一路院区,湖南省,公立医院,三乙,专科医院,
桃江县人民医院,湖南省,公立医院,三丙,综合医院,
长沙县第一人民医院,湖南省,公立医院,二甲,综合医院,
衡山县人民医院,湖南省,公立医院,二甲,综合医院,
怀化市肿瘤医院,湖南省,公立医院,二甲,综合医院,
湖南省财贸医院,湖南省,公立医院,二甲,综合医院,
桃源县人民医院,湖南省,公立医院,二甲,综合医院,
湘潭市第二人民医院,湖南省,公立医院,二甲,综合医院,
新宁县人民医院,湖南省,公立医院,二甲,综合医院,
安化县人民医院,湖南省,公立医院,二甲,综合医院,
安仁县人民医院,湖南省,公立医院,二甲,综合医院,
安乡县第三人民医院,湖南省,公立医院,二甲,综合医院,
安乡县人民医院,湖南省,公立医院,二甲,综合医院,
白云家用电器总厂职工医院,湖南省,公立医院,二甲,综合医院,
保靖县人民医院,湖南省,公立医院,二甲,综合医院,
茶陵县人民医院,湖南省,公立医院,二甲,综合医院,
常德德星医院,湖南省,公立医院,二甲,综合医院,
常德市血吸虫病防治院,湖南省,公立医院,二甲,综合医院,
常宁市人民医院,湖南省,公立医院,二甲,综合医院,
长沙市望城区人民医院,湖南省,公立医院,二甲,综合医院,
长沙市中心医院分院,湖南省,公立医院,二甲,综合医院,
长沙县第二人民医院,湖南省,公立医院,二甲,综合医院,
长沙县第三人民医院,湖南省,公立医院,二甲,综合医院,https://www.cssdsyy.com
长沙县梅花医院,湖南省,公立医院,二甲,综合医院,http://www.cssjsbyy.com
长沙县南托医院,湖南省,公立医院,二甲,综合医院,http://www.csrcyy.com
辰溪县人民医院,湖南省,公立医院,二甲,综合医院,https://www.meipian.cn
郴州市桂东县人民医院,湖南省,公立医院,二甲,综合医院,http://www.gdxrmyy.com
慈利县人民医院,湖南省,公立医院,二甲,综合医院,http://www.clxrmyy.cn
东安县人民医院,湖南省,公立医院,二甲,综合医院,
洞口县人民医院,湖南省,公立医院,二甲,综合医院,
凤凰县人民医院,湖南省,公立医院,二甲,综合医院,
桂阳县第一人民医院,湖南省,公立医院,二甲,综合医院,
汉寿县人民医院,湖南省,公立医院,二甲,综合医院,
衡东县人民医院,湖南省,公立医院,二甲,综合医院,
衡南县第三人民医院,湖南省,公立医院,二甲,综合医院,
衡南县红十字医院,湖南省,公立医院,二甲,综合医院,
衡南县人民医院,湖南省,公立医院,二甲,综合医院,
衡阳市滨江医院,湖南省,公立医院,二甲,综合医院,
衡阳市第五人民医院,湖南省,公立医院,二甲,综合医院,
衡阳县人民医院,湖南省,公立医院,二甲,综合医院,
洪江市人民医院,湖南省,公立医院,二甲,综合医院,
怀化市第五人民医院,湖南省,公立医院,二甲,综合医院,
华容县人民医院,湖南省,公立医院,二甲,综合医院,
花垣县人民医院,湖南省,公立医院,二甲,综合医院,
湖南军区机关医院,湖南省,公立医院,二甲,综合医院,
湖南省交通医院,湖南省,公立医院,二甲,综合医院,
湖南省煤炭坝煤矿职工医院,湖南省,公立医院,二甲,综合医院,
湖南省溆浦县人民医院,湖南省,公立医院,二甲,综合医院,
湖南省永州市道县人民医院,湖南省,公立医院,二甲,综合医院,
嘉禾县人民医院,湖南省,公立医院,二甲,综合医院,
江华瑶族自治县第一人民医院,湖南省,公立医院,二甲,综合医院,
江华瑶族自治县人民医院,湖南省,公立医院,二甲,综合医院,
江永县人民医院,湖南省,公立医院,二甲,综合医院,
靖州县人民医院,湖南省,公立医院,二甲,综合医院,
津市市人民医院,湖南省,公立医院,二甲,综合医院,
津市市中医院,湖南省,公立医院,二甲,综合医院,
吉首市人民医院,湖南省,公立医院,二甲,综合医院,
蓝山县人民医院,湖南省,公立医院,二甲,综合医院,
耒阳市人民医院,湖南省,公立医院,二甲,综合医院,
冷水江市人民医院,湖南省,公立医院,二甲,综合医院,
涟邵矿务局职工医院,湖南省,公立医院,二甲,综合医院,
涟源市人民医院,湖南省,公立医院,二甲,综合医院,
涟源市杨家滩区医院,湖南省,公立医院,二甲,综合医院,
临澧县人民医院,湖南省,公立医院,二甲,综合医院,http://www.hnllry.com
临湘市人民医院,湖南省,公立医院,二甲,综合医院,
隆回县人民医院,湖南省,公立医院,二甲,综合医院,
娄底市第二人民医院,湖南省,公立医院,二甲,综合医院,
娄底市第三人民医院,湖南省,公立医院,二甲,综合医院,
汨罗市人民医院,湖南省,公立医院,二甲,综合医院,
南县人民医院,湖南省,公立医院,二甲,综合医院,
宁远县人民医院,湖南省,公立医院,二甲,综合医院,
祁东县人民医院,湖南省,公立医院,二甲,综合医院,
祁阳县人民医院,湖南省,公立医院,二甲,综合医院,
桑植县人民医院,湖南省,公立医院,二甲,综合医院,
邵东县人民医院,湖南省,公立医院,二甲,综合医院,
韶山市人民医院,湖南省,公立医院,二甲,综合医院,
邵阳市第二人民医院,湖南省,公立医院,二甲,综合医院,
邵阳县人民医院,湖南省,公立医院,二甲,综合医院,
邵阳县卫校附属医院,湖南省,公立医院,二甲,综合医院,
双峰县人民医院,湖南省,公立医院,二甲,综合医院,
绥宁县第一人民医院,湖南省,公立医院,二甲,综合医院,
桃江县中医院,湖南省,公立医院,二甲,综合医院,
桃源县第二人民医院,湖南省,公立医院,二甲,综合医院,
铁道部株洲车辆工厂职工医院,湖南省,公立医院,二甲,综合医院,http://www.zzszxyy.cn
武冈市人民医院,湖南省,公立医院,二甲,综合医院,
武警湖南省总队医院,湖南省,公立医院,二甲,综合医院,
武陵源区人民医院,湖南省,公立医院,二甲,综合医院,
湘潭市第六人民医院,湖南省,公立医院,二甲,综合医院,
湘潭市第三人民医院,湖南省,公立医院,二甲,综合医院,
湘潭市江南医院,湖南省,公立医院,二甲,综合医院,
湘潭市中心医院南院,湖南省,公立医院,二甲,综合医院,
湘潭县人民医院老县城分院,湖南省,公立医院,二甲,综合医院,
湘乡市第二人民医院,湖南省,公立医院,二甲,综合医院,
湘乡市第四人民医院,湖南省,公立医院,二甲,综合医院,
湘阴县人民医院,湖南省,公立医院,二甲,综合医院,
锡矿山中心医院,湖南省,公立医院,二甲,综合医院,
新晃侗族自治县人民医院,湖南省,公立医院,二甲,综合医院,
新化县人民医院,湖南省,公立医院,二甲,综合医院,
新邵县人民医院,湖南省,公立医院,二甲,综合医院,
炎陵县人民医院,湖南省,公立医院,二甲,综合医院,
宜宾市矿山急救医院,湖南省,公立医院,二甲,综合医院,
益阳市第三人民医院,湖南省,公立医院,二甲,综合医院,
益阳市人民医院,湖南省,公立医院,二甲,综合医院,
益阳医专附属医院,湖南省,公立医院,二甲,综合医院,
宜章县第三人民医院,湖南省,公立医院,二甲,综合医院,
宜章县人民医院,湖南省,公立医院,二甲,综合医院,
永顺县人民医院,湖南省,公立医院,二甲,综合医院,
永兴县人民医院,湖南省,公立医院,二甲,综合医院,
永州市第四人民医院,湖南省,公立医院,二甲,综合医院,
沅江市第二人民医院,湖南省,公立医院,二甲,综合医院,
沅江市人民医院,湖南省,公立医院,二甲,综合医院,
沅陵县人民医院,湖南省,公立医院,二甲,综合医院,
岳阳洞氮医院,湖南省,公立医院,二甲,综合医院,
岳阳监狱医院,湖南省,公立医院,二甲,综合医院,
岳阳市第三人民医院,湖南省,公立医院,二甲,综合医院,
岳阳市职业技术学院附属医院,湖南省,公立医院,二甲,综合医院,
岳阳县第二人民医院,湖南省,公立医院,二甲,综合医院,
岳阳县人民医院,湖南省,公立医院,二甲,综合医院,
岳阳长炼医院,湖南省,公立医院,二甲,综合医院,
张家界市第二人民医院,湖南省,公立医院,二甲,综合医院,
张家界市永定医院,湖南省,公立医院,二甲,综合医院,
芷江县人民医院,湖南省,公立医院,二甲,综合医院,
中国南车集团株洲四三Ｏ医院,湖南省,公立医院,二甲,综合医院,
中国人民解放军第五三五医院,湖南省,公立医院,二甲,综合医院,
株洲化工集团公司医院,湖南省,公立医院,二甲,综合医院,
株洲市攸县人民医院,湖南省,公立医院,二甲,综合医院,
株洲县第二人民医院,湖南省,公立医院,二甲,综合医院,
株洲县第一人民医院,湖南省,公立医院,二甲,综合医院,
资兴矿业集团公司总医院,湖南省,公立医院,二甲,综合医院,
资兴矿业集团有限公司总医院,湖南省,公立医院,二甲,综合医院,
资兴市第一人民医院,湖南省,公立医院,二甲,综合医院,
安化县中医院,湖南省,公立医院,二甲,专科医院,
安仁县中医院,湖南省,公立医院,二甲,专科医院,
安乡县中医院,湖南省,公立医院,二甲,专科医院,
茶陵县中医院,湖南省,公立医院,二甲,专科医院,
常德市第二中医院,湖南省,公立医院,二甲,专科医院,
常德市第三人民医院,湖南省,公立医院,二甲,专科医院,
常德市康复医院,湖南省,公立医院,二甲,专科医院,
常德市澧县中医院,湖南省,公立医院,二甲,专科医院,
常德市肿瘤医院,湖南省,公立医院,二甲,专科医院,
常宁市中医院,湖南省,公立医院,二甲,专科医院,
长沙县妇幼保健院,湖南省,公立医院,二甲,专科医院,http://fybjy.csx.cn
长沙县中医院,湖南省,公立医院,二甲,专科医院,http://www.csszxyy.com
慈利县中医医院,湖南省,公立医院,二甲,专科医院,https://m.jianke.com
道县中医医院,湖南省,公立医院,二甲,专科医院,
洞口县中医院,湖南省,公立医院,二甲,专科医院,
凤凰县民族中医院,湖南省,公立医院,二甲,专科医院,
桂阳县中医院,湖南省,公立医院,二甲,专科医院,
汩罗市中医院,湖南省,公立医院,二甲,专科医院,
汉寿县妇幼保健院,湖南省,公立医院,二甲,专科医院,http://www.hsxfuyoubjy.cn
汉寿县中医院,湖南省,公立医院,二甲,专科医院,
衡东县中医医院,湖南省,公立医院,二甲,专科医院,
衡阳市妇幼保健院,湖南省,公立医院,二甲,专科医院,
衡阳市肛肠医院,湖南省,公立医院,二甲,专科医院,
衡阳市中西医结合医院,湖南省,公立医院,二甲,专科医院,
衡阳县中医院,湖南省,公立医院,二甲,专科医院,
洪江市中医院,湖南省,公立医院,二甲,专科医院,http://www.hjszyyy.cn
怀化市洪江区中医院,湖南省,公立医院,二甲,专科医院,
华容县血防医院,湖南省,公立医院,二甲,专科医院,
华容县中医院,湖南省,公立医院,二甲,专科医院,
湖南省寄生虫病防治研究所,湖南省,公立医院,二甲,专科医院,
湖南消防总队医院,湖南省,公立医院,二甲,专科医院,
嘉禾县中医医院,湖南省,公立医院,二甲,专科医院,
耒阳市中医院,湖南省,公立医院,二甲,专科医院,
冷水江市中医医院,湖南省,公立医院,二甲,专科医院,
涟源市中医院,湖南省,公立医院,二甲,专科医院,
醴陵市妇幼保健院,湖南省,公立医院,二甲,专科医院,
醴陵市精神病医院,湖南省,公立医院,二甲,专科医院,
临澧县妇幼保健院,湖南省,公立医院,二甲,专科医院,
临澧县中医院,湖南省,公立医院,二甲,专科医院,
临湘市中医医院,湖南省,公立医院,二甲,专科医院,
浏阳市妇幼保健院,湖南省,公立医院,二甲,专科医院,
隆回县中医院,湖南省,公立医院,二甲,专科医院,
娄底市康复医院,湖南省,公立医院,二甲,专科医院,
麻阳苗族自治县中医医院,湖南省,公立医院,二甲,专科医院,
汨罗市中医院,湖南省,公立医院,二甲,专科医院,
南华大学附属公共卫生医院,湖南省,公立医院,二甲,专科医院,
宁远县中医医院,湖南省,公立医院,二甲,专科医院,
平江县妇幼保健院,湖南省,公立医院,二甲,专科医院,
祁东县中医院,湖南省,公立医院,二甲,专科医院,
祁阳县中医医院,湖南省,公立医院,二甲,专科医院,
汝城县中医院,湖南省,公立医院,二甲,专科医院,
桑植县民族中医院,湖南省,公立医院,二甲,专科医院,
邵阳县中医医院,湖南省,公立医院,二甲,专科医院,
石门县中医医院,湖南省,公立医院,二甲,专科医院,
双峰县中医院,湖南省,公立医院,二甲,专科医院,
桃源县中医院,湖南省,公立医院,二甲,专科医院,
湘潭市第五人民医院,湖南省,公立医院,二甲,专科医院,
湘乡市中医院,湖南省,公立医院,二甲,专科医院,
湘西自治州肿瘤医院,湖南省,公立医院,二甲,专科医院,
湘阴县中医院,湖南省,公立医院,二甲,专科医院,
新晃县中医医院,湖南省,公立医院,二甲,专科医院,
新化县中医院,湖南省,公立医院,二甲,专科医院,
新田县中医医院,湖南省,公立医院,二甲,专科医院,
溆浦县中医院,湖南省,公立医院,二甲,专科医院,
炎陵县中医院,湖南省,公立医院,二甲,专科医院,
益阳市第五人民医院,湖南省,公立医院,二甲,专科医院,
益阳市妇幼保健院,湖南省,公立医院,二甲,专科医院,
益阳市南县中医医院,湖南省,公立医院,二甲,专科医院,
益阳市中医院,湖南省,公立医院,二甲,专科医院,
益阳市资阳区妇幼保健院,湖南省,公立医院,二甲,专科医院,
宜章县中医院,湖南省,公立医院,二甲,专科医院,
永顺县中医院,湖南省,公立医院,二甲,专科医院,
永兴县中医医院,湖南省,公立医院,二甲,专科医院,
永州市零陵区中医医院,湖南省,公立医院,二甲,专科医院,
沅江市妇幼保健院,湖南省,公立医院,二甲,专科医院,
沅江市中医院,湖南省,公立医院,二甲,专科医院,
沅陵县中医医院,湖南省,公立医院,二甲,专科医院,
岳阳市康复医院,湖南省,公立医院,二甲,专科医院,
芷江县中医院,湖南省,公立医院,二甲,专科医院,
株洲市结核病医院,湖南省,公立医院,二甲,专科医院,
株洲市攸县中医院,湖南省,公立医院,二甲,专科医院,
株洲四三零老年病医院,湖南省,公立医院,二甲,专科医院,
株洲县中医院,湖南省,公立医院,二甲,专科医院,
资兴市中医医院,湖南省,公立医院,二甲,专科医院,
安化县第二人民医院,湖南省,公立医院,二乙,综合医院,
安仁县第二人民医院,湖南省,公立医院,二乙,综合医院,
常德市第六人民医院,湖南省,公立医院,二乙,综合医院,
常德市西湖区人民医院,湖南省,公立医院,二乙,综合医院,
长沙惠民医院,湖南省,公立医院,二乙,综合医院,
长沙市芙蓉区红十字会医院,湖南省,公立医院,二乙,综合医院,
郴州市第六人民医院,湖南省,公立医院,二乙,综合医院,
郴州市第三人民医院北院分院,湖南省,公立医院,二乙,综合医院,
郴州市第一人民医院临武医院,湖南省,公立医院,二乙,综合医院,
郴州市华湘医院,湖南省,公立医院,二乙,综合医院,
国营江南机器厂职工医院,湖南省,公立医院,二乙,综合医院,
古丈县人民医院,湖南省,公立医院,二乙,综合医院,
衡阳市冶金医院,湖南省,公立医院,二乙,综合医院,
衡阳有色冶金机械总厂职工医院,湖南省,公立医院,二乙,综合医院,
黄沙坪铅锌银矿职工医院,湖南省,公立医院,二乙,综合医院,
湖南省常德市西洞庭人民医院,湖南省,公立医院,二乙,综合医院,
湖南省地矿医院,湖南省,公立医院,二乙,综合医院,
湖南曙光电子集团公司医院,湖南省,公立医院,二乙,综合医院,
湖南湘氮实业有限公司职工医院,湖南省,公立医院,二乙,综合医院,
龙山县人民医院,湖南省,公立医院,二乙,综合医院,
麻阳苗族自治县人民医院,湖南省,公立医院,二乙,综合医院,
平江县第二人民医院,湖南省,公立医院,二乙,综合医院,
汝城县人民医院,湖南省,公立医院,二乙,综合医院,
双牌县人民医院,湖南省,公立医院,二乙,综合医院,
铁道部株洲电力机车厂职工医院,湖南省,公立医院,二乙,综合医院,
通道县第一人民医院,湖南省,公立医院,二乙,综合医院,
香花岭锡矿职工医院,湖南省,公立医院,二乙,综合医院,
湘西土家苗族自治州精神医院,湖南省,公立医院,二乙,综合医院,
瑶岗仙钨矿职工医院,湖南省,公立医院,二乙,综合医院,
宜章县第二人民医院,湖南省,公立医院,二乙,综合医院,
永兴县第二人民医院,湖南省,公立医院,二乙,综合医院,
株洲市第三医院,湖南省,公立医院,二乙,综合医院,
株洲市第四人民医院,湖南省,公立医院,二乙,综合医院,
保靖县中医院,湖南省,公立医院,二乙,专科医院,
汉寿县血吸虫病防治院,湖南省,公立医院,二乙,专科医院,
衡阳市宁康医院,湖南省,公立医院,二乙,专科医院,
衡阳市珠晖区妇幼保健院,湖南省,公立医院,二乙,专科医院,
洪江市第二中医院,湖南省,公立医院,二乙,专科医院,
湖南省核工业240医院,湖南省,公立医院,二乙,专科医院,
江永县中医院,湖南省,公立医院,二乙,专科医院,
蓝山县中心医院,湖南省,公立医院,二乙,专科医院,
汨罗市精神病医院,湖南省,公立医院,二乙,专科医院,
韶山市中医医院,湖南省,公立医院,二乙,专科医院,
湘潭市口腔医院,湖南省,公立医院,二乙,专科医院,
新邵县妇幼保健计划服务中心,湖南省,公立医院,二乙,专科医院,
益阳市赫山区中医医院,湖南省,公立医院,二乙,专科医院,
永州市第二中医院,湖南省,公立医院,二乙,专科医院,
岳阳县中医院,湖南省,公立医院,二乙,专科医院,https://www.yyszyyy.com
张家界永定区妇幼保健院,湖南省,公立医院,二乙,专科医院,http://www.zjjydfy.com
株洲仁和妇产医院,湖南省,公立医院,二乙,专科医院,http://tag.120ask.com
宁乡市第三人民医院,湖南省,公立医院,二丙,综合医院,
祁东县归阳区医院,湖南省,公立医院,二丙,综合医院,
湖南省湘西自治州荣复医院,湖南省,公立医院,二丙,专科医院,
正大邵阳骨伤科医院,湖南省,私立医院,三甲,专科医院,
岳阳爱康医院,湖南省,私立医院,二甲,综合医院,
常德市职业技术学院附属医院,湖南省,私立医院,二甲,综合医院,
衡阳石鼓妇女儿童医院,湖南省,私立医院,二甲,综合医院,
湖南光琇医院,湖南省,私立医院,二甲,综合医院,
湖南武冈展辉医院,湖南省,私立医院,二甲,综合医院,
邵阳弘泰医院,湖南省,私立医院,二甲,综合医院,
新宁阳光医院,湖南省,私立医院,二甲,综合医院,
岳阳广济医院,湖南省,私立医院,二甲,综合医院,
岳阳岳化医院,湖南省,私立医院,二甲,综合医院,
株洲北雅医院,湖南省,私立医院,二甲,综合医院,
常德维多利亚妇产医院,湖南省,私立医院,二甲,专科医院,
长沙市按摩医院,湖南省,私立医院,二甲,专科医院,
长沙亚韩医学美容医院,湖南省,私立医院,二甲,专科医院,
郴州骨科医院,湖南省,私立医院,二甲,专科医院,
郴州市东方泌尿专科医院,湖南省,私立医院,二甲,专科医院,
耒阳现代女子医院,湖南省,私立医院,二甲,专科医院,
娄底市东方医院,湖南省,私立医院,二甲,专科医院,
宜章康复医院,湖南省,私立医院,二甲,专科医院,
常德中和医院,湖南省,私立医院,二乙,综合医院,
长沙融城医院,湖南省,私立医院,二乙,综合医院,
邵阳西湖桥医院,湖南省,私立医院,二乙,综合医院,
湘潭普爱医院,湖南省,私立医院,二乙,综合医院,
湘潭仁和医院,湖南省,私立医院,二乙,综合医院,
岳阳林纸集团职工医院,湖南省,私立医院,二乙,综合医院,
岳阳市四化建医院,湖南省,私立医院,二乙,综合医院,
云箭集团白云医院,湖南省,私立医院,二乙,综合医院,
株洲同济医院,湖南省,私立医院,二乙,综合医院,
资兴东江馨康医院,湖南省,私立医院,二乙,综合医院,
长沙经开医院,湖南省,私立医院,未定级,综合医院,
常德武陵新德华眼科门诊部,湖南省,私立医院,未定级,专科医院,
长沙百佳玛丽亚妇产医院,湖南省,私立医院,未定级,专科医院,https://shop45063626.youzan.com
长沙美奥河西口腔门诊部,湖南省,私立医院,未定级,专科医院,
长沙美奥口腔医院,湖南省,私立医院,未定级,专科医院,
长沙普瑞生殖与遗传专科医院,湖南省,私立医院,未定级,专科医院,
长沙雨花美奥湘府口腔门诊部,湖南省,私立医院,未定级,专科医院,
衡阳爱尔眼科医院,湖南省,私立医院,未定级,专科医院,
湖南妇女儿童医院,湖南省,私立医院,未定级,专科医院,
宝鸡市人民医院,陕西省,公立医院,三甲,综合医院,
宝鸡市中心医院,陕西省,公立医院,三甲,综合医院,
宝鸡市中医医院,陕西省,公立医院,三甲,综合医院,
陕西省人民医院,陕西省,公立医院,三甲,综合医院,
陕西中医药大学第二附属医院,陕西省,公立医院,三甲,综合医院,
陕西中医药大学附属医院,陕西省,公立医院,三甲,综合医院,
铜川市人民医院,陕西省,公立医院,三甲,综合医院,
渭南市中心医院,陕西省,公立医院,三甲,综合医院,
西安交通大学第二附属医院,陕西省,公立医院,三甲,综合医院,
西安交通大学第一附属医院,陕西省,公立医院,三甲,综合医院,
西安市第九医院,陕西省,公立医院,三甲,综合医院,
西安市第一医院,陕西省,公立医院,三甲,综合医院,
西安市红会医院,陕西省,公立医院,三甲,综合医院,
西安市人民医院（西安市第四医院）,陕西省,公立医院,三甲,综合医院,
西安市中医医院,陕西省,公立医院,三甲,综合医院,https://www.xazyy.com
咸阳市第一人民医院,陕西省,公立医院,三甲,综合医院,
西安医学院第一附属医院,陕西省,公立医院,三甲,综合医院,http://www.xyfy.com.cn
西电集团医院,陕西省,公立医院,三甲,综合医院,
西京医院,陕西省,公立医院,三甲,综合医院,
延安大学附属医院,陕西省,公立医院,三甲,综合医院,
延安市中医医院,陕西省,公立医院,三甲,综合医院,
榆林市第一医院,陕西省,公立医院,三甲,综合医院,
安康市中心医院,陕西省,公立医院,三甲,综合医院,
北京中医药大学孙思邈医院,陕西省,公立医院,三甲,综合医院,
汉中市中心医院,陕西省,公立医院,三甲,综合医院,
三二Ｏ一医院,陕西省,公立医院,三甲,综合医院,
陕西省咸阳市中心医院,陕西省,公立医院,三甲,综合医院,
武警陕西省总队医院,陕西省,公立医院,三甲,综合医院,
西安交通大学第二附属医院大明宫院区,陕西省,公立医院,三甲,综合医院,
西安交通大学第一附属医院国际陆港医院,陕西省,公立医院,三甲,综合医院,
西安市碑林区红十字会医院,陕西省,公立医院,三甲,综合医院,
西安市第三医院新院,陕西省,公立医院,三甲,综合医院,
西安市中心医院,陕西省,公立医院,三甲,综合医院,https://www.xaszxyy.com
延安市人民医院,陕西省,公立医院,三甲,综合医院,
榆林市第二医院,陕西省,公立医院,三甲,综合医院,
中国人民解放军第三二三医院,陕西省,公立医院,三甲,综合医院,
中国人民解放军第四五一医院,陕西省,公立医院,三甲,综合医院,
中国人民解放军联勤保障部队第九八七医院,陕西省,公立医院,三甲,综合医院,
渭南市妇幼保健院,陕西省,公立医院,三甲,专科医院,
西安交通大学口腔医院,陕西省,公立医院,三甲,专科医院,
西北妇女儿童医院,陕西省,公立医院,三甲,专科医院,
安康市中医医院,陕西省,公立医院,三甲,专科医院,
宝鸡市妇幼保健院,陕西省,公立医院,三甲,专科医院,
汉中市中医医院,陕西省,公立医院,三甲,专科医院,
陕西省结核病防治院,陕西省,公立医院,三甲,专科医院,
陕西省肿瘤医院,陕西省,公立医院,三甲,专科医院,
陕西省中医医院,陕西省,公立医院,三甲,专科医院,
西安市第五医院,陕西省,公立医院,三甲,专科医院,
西安市儿童医院,陕西省,公立医院,三甲,专科医院,
西安市精神卫生中心,陕西省,公立医院,三甲,专科医院,
西安市胸科医院,陕西省,公立医院,三甲,专科医院,
榆林市中医院北方医院,陕西省,公立医院,三甲,专科医院,
陕西省核工业二一五医院,陕西省,公立医院,三乙,综合医院,
陕西省友谊医院,陕西省,公立医院,三乙,综合医院,
神木市医院,陕西省,公立医院,三乙,综合医院,
铜川矿务局中心医院,陕西省,公立医院,三乙,综合医院,
铜川市人民医院南院,陕西省,公立医院,三乙,综合医院,
西安医学院第二附属医院,陕西省,公立医院,三乙,综合医院,
旬邑县医院,陕西省,公立医院,三乙,综合医院,
杨凌示范区医院,陕西省,公立医院,三乙,综合医院,
杨陵示范区医院,陕西省,公立医院,三乙,综合医院,
榆林市星元医院,陕西省,公立医院,三乙,综合医院,
安康市妇幼保健院,陕西省,公立医院,三乙,专科医院,
商洛市中医医院,陕西省,公立医院,三乙,专科医院,
咸阳市妇幼保健院,陕西省,公立医院,三乙,专科医院,
大荔县医院,陕西省,公立医院,二甲,综合医院,
通用环球中铁西安医院,陕西省,公立医院,二甲,综合医院,
渭南市第二医院,陕西省,公立医院,二甲,综合医院,
西安市北方医院,陕西省,公立医院,二甲,综合医院,
西安市临潼区中医医院,陕西省,公立医院,二甲,综合医院,
安康市第一人民医院,陕西省,公立医院,二甲,综合医院,
安康市汉滨区第二人民医院,陕西省,公立医院,二甲,综合医院,
安康卫校附属医院,陕西省,公立医院,二甲,综合医院,
宝鸡市陈仓医院,陕西省,公立医院,二甲,综合医院,
宝鸡市第二人民医院,陕西省,公立医院,二甲,综合医院,https://www.bjsdermyy.com
宝鸡市第三人民医院,陕西省,公立医院,二甲,综合医院,https://www.bjdsrmyy.com
宝鸡市金台医院,陕西省,公立医院,二甲,综合医院,
宝鸡市眉县人民医院,陕西省,公立医院,二甲,综合医院,
宝鸡石油医院,陕西省,公立医院,二甲,综合医院,
兵器工业五二一医院,陕西省,公立医院,二甲,综合医院,
长庆职工医院西安泾河园分院,陕西省,公立医院,二甲,综合医院,
长武县人民医院,陕西省,公立医院,二甲,综合医院,
澄城县医院,陕西省,公立医院,二甲,综合医院,
城固县县医院,陕西省,公立医院,二甲,综合医院,
澄合矿务局中心医院,陕西省,公立医院,二甲,综合医院,
丹凤县人民医院,陕西省,公立医院,二甲,综合医院,
定边县医院,陕西省,公立医院,二甲,综合医院,
凤翔县医院,陕西省,公立医院,二甲,综合医院,
扶风县人民医院,陕西省,公立医院,二甲,综合医院,
府谷县人民医院,陕西省,公立医院,二甲,综合医院,
富平县医院,陕西省,公立医院,二甲,综合医院,
甘泉县人民医院,陕西省,公立医院,二甲,综合医院,
国棉四厂职工医院,陕西省,公立医院,二甲,综合医院,
汉滨区第二医院,陕西省,公立医院,二甲,综合医院,
汉滨区第一医院,陕西省,公立医院,二甲,综合医院,
韩城矿务局总医院,陕西省,公立医院,二甲,综合医院,
韩城市人民医院,陕西省,公立医院,二甲,综合医院,
汉阴县人民医院,陕西省,公立医院,二甲,综合医院,
汉中市第二人民医院,陕西省,公立医院,二甲,综合医院,https://www.dermyy.com
汉中市勉县医院,陕西省,公立医院,二甲,综合医院,
汉中市铁路中心医院,陕西省,公立医院,二甲,综合医院,
汉中市卫生学校附属医院,陕西省,公立医院,二甲,综合医院,
汉中职业技术学院附属医院,陕西省,公立医院,二甲,综合医院,
核工业417医院,陕西省,公立医院,二甲,综合医院,
合阳县人民医院,陕西省,公立医院,二甲,综合医院,
华县铁路医院,陕西省,公立医院,二甲,综合医院,
华阴市人民医院,陕西省,公立医院,二甲,综合医院,
金堆城钼业公司职工总医院,陕西省,公立医院,二甲,综合医院,
靖边县人民医院,陕西省,公立医院,二甲,综合医院,
泾阳县人民医院,陕西省,公立医院,二甲,综合医院,
岚皋县人民医院,陕西省,公立医院,二甲,综合医院,
蓝田县医院,陕西省,公立医院,二甲,综合医院,
麟游县医院,陕西省,公立医院,二甲,综合医院,
礼泉县人民医院,陕西省,公立医院,二甲,综合医院,
洛川县医院,陕西省,公立医院,二甲,综合医院,
洛南县医院,陕西省,公立医院,二甲,综合医院,
米脂县医院,陕西省,公立医院,二甲,综合医院,
南郑区人民医院,陕西省,公立医院,二甲,综合医院,
宁强县天津医院,陕西省,公立医院,二甲,综合医院,
宁陕县医院,陕西省,公立医院,二甲,综合医院,
平利县医院,陕西省,公立医院,二甲,综合医院,
蒲城县医院,陕西省,公立医院,二甲,综合医院,
千阳县人民医院,陕西省,公立医院,二甲,综合医院,
庆安宇航设备厂职工医院,陕西省,公立医院,二甲,综合医院,
岐山县医院,陕西省,公立医院,二甲,综合医院,
群力无线电厂职工医院,陕西省,公立医院,二甲,综合医院,
三原县医院,陕西省,公立医院,二甲,综合医院,
商洛市第二人民医院,陕西省,公立医院,二甲,综合医院,
商州区人民医院,陕西省,公立医院,二甲,综合医院,
陕西航天医院,陕西省,公立医院,二甲,综合医院,
陕西省核工业四一七医院,陕西省,公立医院,二甲,综合医院,
陕西省交通医院,陕西省,公立医院,二甲,综合医院,
陕西省煤炭建设公司总医院,陕西省,公立医院,二甲,综合医院,
陕西省森工医院,陕西省,公立医院,二甲,综合医院,https://www.sxssgyy.com
陕西省邮电医院,陕西省,公立医院,二甲,综合医院,
陕西省镇安县医院,陕西省,公立医院,二甲,综合医院,
陕西冶金医院,陕西省,公立医院,二甲,综合医院,
陕西正和医院,陕西省,公立医院,二甲,综合医院,
陕西中航工业西安医院,陕西省,公立医院,二甲,综合医院,
山阳县人民医院,陕西省,公立医院,二甲,综合医院,
石泉县医院,陕西省,公立医院,二甲,综合医院,
绥德县医院,陕西省,公立医院,二甲,综合医院,
潼关县人民医院,陕西省,公立医院,二甲,综合医院,
渭南市第三医院,陕西省,公立医院,二甲,综合医院,
渭南市第一医院,陕西省,公立医院,二甲,综合医院,
渭南市华州区人民医院,陕西省,公立医院,二甲,综合医院,
渭南市华州区铁路医院,陕西省,公立医院,二甲,综合医院,
武功县人民医院,陕西省,公立医院,二甲,综合医院,
吴旗县人民医院,陕西省,公立医院,二甲,综合医院,
西安北车医院,陕西省,公立医院,二甲,综合医院,
西安北环医院,陕西省,公立医院,二甲,综合医院,
西安电力中心医院,陕西省,公立医院,二甲,综合医院,
西安航空发动机公司职工医院,陕西省,公立医院,二甲,综合医院,
西安航天总医院,陕西省,公立医院,二甲,综合医院,
西安惠安医院,陕西省,公立医院,二甲,综合医院,
西安市第二医院,陕西省,公立医院,二甲,综合医院,
西安市东方医院,陕西省,公立医院,二甲,综合医院,
西安市东郊第三职工医院,陕西省,公立医院,二甲,综合医院,
西安市高陵区医院,陕西省,公立医院,二甲,综合医院,
西安市华山中心医院,陕西省,公立医院,二甲,综合医院,
西安市鄠邑区人民医院,陕西省,公立医院,二甲,综合医院,
西安市临潼区人民医院,陕西省,公立医院,二甲,综合医院,
西安市阎良区人民医院,陕西省,公立医院,二甲,综合医院,
西安市阎良铁路医院,陕西省,公立医院,二甲,综合医院,
西安铁路工程医院,陕西省,公立医院,二甲,综合医院,
咸阳市彬县人民医院,陕西省,公立医院,二甲,综合医院,
咸阳市乾县人民医院,陕西省,公立医院,二甲,综合医院,
咸阳市秦都区第一人民医院,陕西省,公立医院,二甲,综合医院,
咸阳市朝阳医院,陕西省,公立医院,二甲,综合医院,
西安一四一医院,陕西省,公立医院,二甲,综合医院,
西安医学院附属汉江医院,陕西省,公立医院,二甲,综合医院,
兴平市秦岭医院,陕西省,公立医院,二甲,综合医院,
兴平市人民医院,陕西省,公立医院,二甲,综合医院,
兴平一四五医院,陕西省,公立医院,二甲,综合医院,
西乡县人民医院,陕西省,公立医院,二甲,综合医院,
旬阳县医院,陕西省,公立医院,二甲,综合医院,
延安市安塞区人民医院,陕西省,公立医院,二甲,综合医院,
延安市宝塔区人民医院,陕西省,公立医院,二甲,综合医院,
延长县人民医院,陕西省,公立医院,二甲,综合医院,
洋县医院,陕西省,公立医院,二甲,综合医院,
宜川县人民医院,陕西省,公立医院,二甲,综合医院,
永寿县人民医院,陕西省,公立医院,二甲,综合医院,
柞水县人民医院,陕西省,公立医院,二甲,综合医院,
镇巴县人民医院,陕西省,公立医院,二甲,综合医院,
志丹县人民医院,陕西省,公立医院,二甲,综合医院,
中国人民解放军第五七Ｏ二工厂职工医院,陕西省,公立医院,二甲,综合医院,
中国人民解放军第五三八医院,陕西省,公立医院,二甲,综合医院,
中国人民解放军第五三七医院,陕西省,公立医院,二甲,综合医院,
中铁一局集团西安中心医院,陕西省,公立医院,二甲,综合医院,
周至县人民医院,陕西省,公立医院,二甲,综合医院,
子长县人民医院,陕西省,公立医院,二甲,综合医院,
眉县妇幼保健院,陕西省,公立医院,二甲,专科医院,http://meixian.fuyoutianshi.com
白河县中医院,陕西省,公立医院,二甲,专科医院,https://www.163.com
宝鸡市康复医院,陕西省,公立医院,二甲,专科医院,https://www.bjskfyy.com
宝鸡市口腔医院,陕西省,公立医院,二甲,专科医院,
宝鸡市陇县中医院,陕西省,公立医院,二甲,专科医院,
彬州煤矿骨科医院,陕西省,公立医院,二甲,专科医院,
长武县中医院,陕西省,公立医院,二甲,专科医院,
定边县中医院,陕西省,公立医院,二甲,专科医院,
凤翔县中医医院,陕西省,公立医院,二甲,专科医院,
扶风县中医医院,陕西省,公立医院,二甲,专科医院,
富平县妇幼保健院,陕西省,公立医院,二甲,专科医院,
高陵县中医院,陕西省,公立医院,二甲,专科医院,
汉阴县中医院,陕西省,公立医院,二甲,专科医院,
汉中市勉县中医院,陕西省,公立医院,二甲,专科医院,
汉中市洋县中医院,陕西省,公立医院,二甲,专科医院,
合阳县中医医院,陕西省,公立医院,二甲,专科医院,
鄠邑区中医医院,陕西省,公立医院,二甲,专科医院,
佳县妇幼保健站,陕西省,公立医院,二甲,专科医院,
金昌市中西医结合医院,陕西省,公立医院,二甲,专科医院,
靖边县中医医院,陕西省,公立医院,二甲,专科医院,
泾阳县骨科医院,陕西省,公立医院,二甲,专科医院,
泾阳县中医医院,陕西省,公立医院,二甲,专科医院,
蓝田县中医院,陕西省,公立医院,二甲,专科医院,
临潼区妇幼保健院,陕西省,公立医院,二甲,专科医院,
临渭区中医医院,陕西省,公立医院,二甲,专科医院,
礼泉县精神病医院,陕西省,公立医院,二甲,专科医院,
礼泉县中医医院,陕西省,公立医院,二甲,专科医院,
洛南县中医医院,陕西省,公立医院,二甲,专科医院,
宁强县中医医院,陕西省,公立医院,二甲,专科医院,
平利县中医院,陕西省,公立医院,二甲,专科医院,
千阳县中医院,陕西省,公立医院,二甲,专科医院,
岐山县中医院,陕西省,公立医院,二甲,专科医院,
商南县中医医院,陕西省,公立医院,二甲,专科医院,
陕西省荣复军人精神病医院,陕西省,公立医院,二甲,专科医院,
陕西省新安中心医院,陕西省,公立医院,二甲,专科医院,
石泉县中医医院,陕西省,公立医院,二甲,专科医院,
铜川市中医医院,陕西省,公立医院,二甲,专科医院,
渭南市临渭区中医院,陕西省,公立医院,二甲,专科医院,
渭南市中医医院,陕西省,公立医院,二甲,专科医院,
西安肛肠医院,陕西省,公立医院,二甲,专科医院,
西安市灞桥区中医院,陕西省,公立医院,二甲,专科医院,
西安市灞桥区中医整骨医院,陕西省,公立医院,二甲,专科医院,
西安市未央区中医院,陕西省,公立医院,二甲,专科医院,
西安市雁塔截瘫康复医疗中心,陕西省,公立医院,二甲,专科医院,
咸阳市彬州市中医医院,陕西省,公立医院,二甲,专科医院,
咸阳市乾县中医院,陕西省,公立医院,二甲,专科医院,
兴平市妇幼保健院,陕西省,公立医院,二甲,专科医院,
西乡县中医院,陕西省,公立医院,二甲,专科医院,
旬阳县中医院,陕西省,公立医院,二甲,专科医院,
旬邑县中医院,陕西省,公立医院,二甲,专科医院,
延安市安塞区妇幼保健院,陕西省,公立医院,二甲,专科医院,
延安市妇女儿童医院,陕西省,公立医院,二甲,专科医院,
榆林市靖边县妇幼保健院,陕西省,公立医院,二甲,专科医院,
镇安县中医院,陕西省,公立医院,二甲,专科医院,
志丹县中医医院,陕西省,公立医院,二甲,专科医院,
子长县中医院,陕西省,公立医院,二甲,专科医院,
紫阳县中医医院,陕西省,公立医院,二甲,专科医院,
子洲县中医院,陕西省,公立医院,二甲,专科医院,
宝鸡市凤县人民医院,陕西省,公立医院,二乙,综合医院,
富平县南关医院,陕西省,公立医院,二乙,综合医院,
国营四零五厂职工医院,陕西省,公立医院,二乙,综合医院,
黄龙县人民医院,陕西省,公立医院,二乙,综合医院,http://www.hlx.gov.cn
略阳钢铁厂职工医院,陕西省,公立医院,二乙,综合医院,
勉县第九冶金建设公司医院,陕西省,公立医院,二乙,综合医院,
清涧县人民医院,陕西省,公立医院,二乙,综合医院,
三原县红原医院,陕西省,公立医院,二乙,综合医院,
陕西飞机制造公司第二职工医院,陕西省,公立医院,二乙,综合医院,
陕西省第十一建筑有限公司职工医院,陕西省,公立医院,二乙,综合医院,
陕西省建筑十一公司职工医院,陕西省,公立医院,二乙,综合医院,
陕西省西安电子科技大学医院,陕西省,公立医院,二乙,综合医院,https://xyy.xidian.edu.cn
陕西水电医院,陕西省,公立医院,二乙,综合医院,
陕西唐华四棉有限责任公司职工医院,陕西省,公立医院,二乙,综合医院,
陕西延长石油集团有限责任公司延安炼油厂职工医院,陕西省,公立医院,二乙,综合医院,
四Ｏ五厂医院,陕西省,公立医院,二乙,综合医院,
五环集团职工医院,陕西省,公立医院,二乙,综合医院,
西安创伤昆仑医院,陕西省,公立医院,二乙,综合医院,
西安黄河医院,陕西省,公立医院,二乙,综合医院,
西安交通大学医院,陕西省,公立医院,二乙,综合医院,
西安庆华医院,陕西省,公立医院,二乙,综合医院,
西安市灞桥区人民医院,陕西省,公立医院,二乙,综合医院,
西安市未央区第一人民医院,陕西省,公立医院,二乙,综合医院,
西北工业大学医院,陕西省,公立医院,二乙,综合医院,
西北有色医院,陕西省,公立医院,二乙,综合医院,
兴平市四〇八医院,陕西省,公立医院,二乙,综合医院,
耀州区人民医院,陕西省,公立医院,二乙,综合医院,
榆林医专附属医院,陕西省,公立医院,二乙,综合医院,
镇坪县医院,陕西省,公立医院,二乙,综合医院,
中国航空科技集团总公司六三Ｏ所职工医院,陕西省,公立医院,二乙,综合医院,
中铁七局集团有限公司咸阳医院,陕西省,公立医院,二乙,综合医院,
紫阳县人民医院,陕西省,公立医院,二乙,综合医院,
高陵县妇幼保健院,陕西省,公立医院,二乙,专科医院,
陕西糖尿病医院,陕西省,公立医院,二乙,专科医院,
太白县中医院,陕西省,公立医院,二乙,专科医院,
潼关县中医院,陕西省,公立医院,二乙,专科医院,
渭南市临渭区骨科医院,陕西省,公立医院,二乙,专科医院,
西安市按摩医院,陕西省,公立医院,二乙,专科医院,
西安市新城区中医院,陕西省,公立医院,二乙,专科医院,
西安运动创伤医院,陕西省,公立医院,二乙,专科医院,
旬阳县妇幼保健院,陕西省,公立医院,二乙,专科医院,
延川县妇幼保健院,陕西省,公立医院,二乙,专科医院,
榆林市康复医院,陕西省,公立医院,二乙,专科医院,
西安工会医院,陕西省,公立医院,未定级,综合医院,
西安市妇幼保健院,陕西省,公立医院,未定级,专科医院,
西安长安医院,陕西省,私立医院,三甲,综合医院,
西安大兴医院,陕西省,私立医院,三甲,综合医院,
西安高新医院,陕西省,私立医院,三甲,综合医院,
西安国际医学中心医院,陕西省,私立医院,三甲,综合医院,
延安大学咸阳医院,陕西省,私立医院,三甲,综合医院,
西安中医脑病医院,陕西省,私立医院,三甲,专科医院,
西安市第八医院,陕西省,私立医院,三甲,专科医院,
通用环球西安西航医院,陕西省,私立医院,二甲,综合医院,
西安城北医院,陕西省,私立医院,二甲,综合医院,
安康铁路分局勉西职工医院,陕西省,私立医院,二甲,综合医院,
国人民解放军第518医院,陕西省,私立医院,二甲,综合医院,
黄陵友谊医院,陕西省,私立医院,二甲,综合医院,
西安步长中医心脑病医院,陕西省,私立医院,二甲,综合医院,
西安都市医院,陕西省,私立医院,二甲,综合医院,
西安凤城医院,陕西省,私立医院,二甲,综合医院,
西安济仁医院,陕西省,私立医院,二甲,综合医院,
西安市唐城医院,陕西省,私立医院,二甲,综合医院,
咸阳市西橡医院,陕西省,私立医院,二甲,综合医院,https://www.xyxxyy.cn
延安市博爱医院,陕西省,私立医院,二甲,综合医院,
西安仲德骨科医院,陕西省,私立医院,二甲,专科医院,
西安中医肾病医院,陕西省,私立医院,二甲,专科医院,
安康市精神康复专科医院,陕西省,私立医院,二甲,专科医院,
陕西中医肝肾病医院,陕西省,私立医院,二甲,专科医院,
西安北里王中医正骨医院,陕西省,私立医院,二甲,专科医院,
西安东大肛肠医院,陕西省,私立医院,二甲,专科医院,
西安小白兔口腔医院,陕西省,私立医院,二甲,专科医院,
延安同济康复医院,陕西省,私立医院,二甲,专科医院,
西安煤矿机械厂职工医院,陕西省,私立医院,二乙,综合医院,
西安雁塔慈益医院,陕西省,私立医院,二乙,专科医院,
西安新城康德医院,陕西省,私立医院,未定级,综合医院,
榆林高新医院,陕西省,私立医院,未定级,综合医院,
西安碑林美奥口腔门诊部,陕西省,私立医院,未定级,专科医院,
西安未央创新美奥口腔门诊部,陕西省,私立医院,未定级,专科医院,
西安新城华佑医院,陕西省,私立医院,未定级,专科医院,
鞍钢集团公司总医院,辽宁省,公立医院,三甲,综合医院,
本溪市中心医院,辽宁省,公立医院,三甲,综合医院,
大连大学附属新华医院,辽宁省,公立医院,三甲,综合医院,
大连市第三人民医院,辽宁省,公立医院,三甲,综合医院,
大连市友谊医院,辽宁省,公立医院,三甲,综合医院,
大连医科大学附属第二医院,辽宁省,公立医院,三甲,综合医院,
大连医科大学附属第一医院,辽宁省,公立医院,三甲,综合医院,
丹东市中心医院,辽宁省,公立医院,三甲,综合医院,
葫芦岛市中心医院,辽宁省,公立医院,三甲,综合医院,
锦州医科大学附属第一医院,辽宁省,公立医院,三甲,综合医院,
铁煤集团总医院,辽宁省,公立医院,三甲,综合医院,
鞍山市双山医院,辽宁省,公立医院,三甲,综合医院,
鞍山市中心医院,辽宁省,公立医院,三甲,综合医院,
北部战区总医院,辽宁省,公立医院,三甲,综合医院,
本溪钢铁集团公司总医院,辽宁省,公立医院,三甲,综合医院,
本溪市金山医院,辽宁省,公立医院,三甲,综合医院,
大连大学附属中山医院,辽宁省,公立医院,三甲,综合医院,
大连市第二人民医院,辽宁省,公立医院,三甲,综合医院,
大连医科大学附属大连市中心医院,辽宁省,公立医院,三甲,综合医院,
大连医科大学附属第三医院,辽宁省,公立医院,三甲,综合医院,
丹东市第一医院,辽宁省,公立医院,三甲,综合医院,
抚顺市中心医院,辽宁省,公立医院,三甲,综合医院,
阜新矿业集团总医院,辽宁省,公立医院,三甲,综合医院,
阜新市中心医院,辽宁省,公立医院,三甲,综合医院,
葫芦岛市中心医院化工院区,辽宁省,公立医院,三甲,综合医院,
锦州市中心医院,辽宁省,公立医院,三甲,综合医院,
锦州医科大学附属第三医院,辽宁省,公立医院,三甲,综合医院,
辽河油田总医院,辽宁省,公立医院,三甲,综合医院,
辽宁省健康产业集团抚矿总医院,辽宁省,公立医院,三甲,综合医院,
辽宁省人民医院,辽宁省,公立医院,三甲,综合医院,
辽阳市石化医院,辽宁省,公立医院,三甲,综合医院,
辽阳市中心医院,辽宁省,公立医院,三甲,综合医院,
盘锦市人民医院,辽宁省,公立医院,三甲,综合医院,
盘锦市中心医院,辽宁省,公立医院,三甲,综合医院,
沈阳市第七人民医院,辽宁省,公立医院,三甲,综合医院,
沈阳市第四人民医院,辽宁省,公立医院,三甲,综合医院,
沈阳市第五人民医院,辽宁省,公立医院,三甲,综合医院,
沈阳医学院附属中心医院,辽宁省,公立医院,三甲,综合医院,
铁岭市中心医院,辽宁省,公立医院,三甲,综合医院,
营口市中心医院,辽宁省,公立医院,三甲,综合医院,
朝阳市第二医院,辽宁省,公立医院,三甲,综合医院,https://www.cyhospital.com
朝阳市中心医院,辽宁省,公立医院,三甲,综合医院,https://www.cyszxyy.com
中国人民解放军第二〇二医院,辽宁省,公立医院,三甲,综合医院,https://m.jianke.com
中国人民解放军第二三Ｏ医院,辽宁省,公立医院,三甲,综合医院,https://www.myzx.cn
中国人民解放军第二Ｏ一医院,辽宁省,公立医院,三甲,综合医院,
中国人民解放军第三一三医院,辽宁省,公立医院,三甲,综合医院,
中国人民解放军第四六三医院,辽宁省,公立医院,三甲,综合医院,
中国人民解放军第四0六医院,辽宁省,公立医院,三甲,综合医院,
中国人民解放军联勤保障部队第九六八医院,辽宁省,公立医院,三甲,综合医院,
中国人民解放军联勤保障部队第九六七医院,辽宁省,公立医院,三甲,综合医院,
中国人民武警部队辽宁省总队医院,辽宁省,公立医院,三甲,综合医院,
中国医科大学附属第四医院,辽宁省,公立医院,三甲,综合医院,
中国医科大学附属第一医院鞍山医院,辽宁省,公立医院,三甲,综合医院,
中国医科大学附属盛京医院,辽宁省,公立医院,三甲,综合医院,
辽宁省肿瘤医院,辽宁省,公立医院,三甲,专科医院,
鞍山市中医院,辽宁省,公立医院,三甲,专科医院,
北票市中医院,辽宁省,公立医院,三甲,专科医院,
本溪市中医院,辽宁省,公立医院,三甲,专科医院,
大连市妇幼保健院,辽宁省,公立医院,三甲,专科医院,
大连市中医医院,辽宁省,公立医院,三甲,专科医院,
丹东市中医院,辽宁省,公立医院,三甲,专科医院,
东港市中医院,辽宁省,公立医院,三甲,专科医院,
抚顺市中医院,辽宁省,公立医院,三甲,专科医院,
海城市中医院,辽宁省,公立医院,三甲,专科医院,
锦州市传染病院,辽宁省,公立医院,三甲,专科医院,
锦州市中医院,辽宁省,公立医院,三甲,专科医院,
锦州医科大学附属第二医院,辽宁省,公立医院,三甲,专科医院,
辽宁省妇幼保健院,辽宁省,公立医院,三甲,专科医院,
辽宁省金秋医院,辽宁省,公立医院,三甲,专科医院,
辽宁省蒙医医院,辽宁省,公立医院,三甲,专科医院,
辽宁省血栓病中西医结合医疗中心,辽宁省,公立医院,三甲,专科医院,
辽宁中医药大学附属第二医院,辽宁省,公立医院,三甲,专科医院,
辽宁中医药大学附属第三医院,辽宁省,公立医院,三甲,专科医院,
辽宁中医药大学附属第四医院,辽宁省,公立医院,三甲,专科医院,
辽宁中医药大学附属营口医院,辽宁省,公立医院,三甲,专科医院,
辽宁中医药大学附属医院,辽宁省,公立医院,三甲,专科医院,
辽阳市中医院,辽宁省,公立医院,三甲,专科医院,
盘锦市中心医院妇产院区,辽宁省,公立医院,三甲,专科医院,
沈阳市肛肠医院,辽宁省,公立医院,三甲,专科医院,
沈阳市骨科医院,辽宁省,公立医院,三甲,专科医院,
沈阳市中医院,辽宁省,公立医院,三甲,专科医院,
沈阳医学院附属第二医院,辽宁省,公立医院,三甲,专科医院,
中国医科大学附属口腔医院,辽宁省,公立医院,三甲,专科医院,
大石桥市中心医院,辽宁省,公立医院,三乙,综合医院,
鞍山市第四医院,辽宁省,公立医院,三乙,综合医院,
昌图县中心医院,辽宁省,公立医院,三乙,综合医院,
抚顺市第三医院,辽宁省,公立医院,三乙,综合医院,
锦州市第二医院,辽宁省,公立医院,三乙,综合医院,
沈阳二四五医院,辽宁省,公立医院,三乙,综合医院,
沈阳市第一人民医院,辽宁省,公立医院,三乙,综合医院,
沈阳市红十字会医院,辽宁省,公立医院,三乙,综合医院,
瓦房店市中心医院,辽宁省,公立医院,三乙,综合医院,
营口市经济技术开发区中心医院,辽宁省,公立医院,三乙,综合医院,
中国医大盛京医院集团抚顺医院,辽宁省,公立医院,三乙,综合医院,
鞍山市汤岗子医院,辽宁省,公立医院,三乙,专科医院,
大连市金州区中医院,辽宁省,公立医院,三乙,专科医院,
大连市瓦房店中医医院,辽宁省,公立医院,三乙,专科医院,
抚顺市第五医院,辽宁省,公立医院,三乙,专科医院,
阜新市中医医院,辽宁省,公立医院,三乙,专科医院,
铁岭市中医医院,辽宁省,公立医院,三乙,专科医院,
东港市中心医院,辽宁省,公立医院,二甲,综合医院,
桓仁满族自治县人民医院,辽宁省,公立医院,二甲,综合医院,
鞍山市千山区医院,辽宁省,公立医院,二甲,综合医院,
鞍山市铁东区湖南医院,辽宁省,公立医院,二甲,综合医院,
鞍山市铁东区医院,辽宁省,公立医院,二甲,综合医院,
鞍山市长大医院,辽宁省,公立医院,二甲,综合医院,
北镇市第二人民医院,辽宁省,公立医院,二甲,综合医院,
北镇市人民医院,辽宁省,公立医院,二甲,综合医院,
本溪钢铁集团公司卫校附属医院,辽宁省,公立医院,二甲,综合医院,
本溪钢铁集团南地医院,辽宁省,公立医院,二甲,综合医院,
本溪满族自治县第三人民医院,辽宁省,公立医院,二甲,综合医院,
本溪市北营钢铁集团有限公司职工医院,辽宁省,公立医院,二甲,综合医院,
本溪市第三人民医院,辽宁省,公立医院,二甲,综合医院,
本溪市铁路医院,辽宁省,公立医院,二甲,综合医院,
本溪市卫校附属医院,辽宁省,公立医院,二甲,综合医院,
本溪县第一人民医院,辽宁省,公立医院,二甲,综合医院,
渤船重工有限责任公司职工医院,辽宁省,公立医院,二甲,综合医院,
昌图县第二医院,辽宁省,公立医院,二甲,综合医院,
大孤家子中心医院,辽宁省,公立医院,二甲,综合医院,
大连大重医院,辽宁省,公立医院,二甲,综合医院,
大连海洋渔业集团公司医院,辽宁省,公立医院,二甲,综合医院,
大连黄海医院,辽宁省,公立医院,二甲,综合医院,
大连集团有限责任公司医院,辽宁省,公立医院,二甲,综合医院,
大连辽渔医院,辽宁省,公立医院,二甲,综合医院,
大连市金州纺织厂职工医院,辽宁省,公立医院,二甲,综合医院,
大连市金州区第四人民医院,辽宁省,公立医院,二甲,综合医院,
大连市沙河口区人民医院,辽宁省,公立医院,二甲,综合医院,
灯塔市中心医院,辽宁省,公立医院,二甲,综合医院,
东港市第二医院,辽宁省,公立医院,二甲,综合医院,
凤城市第二人民医院,辽宁省,公立医院,二甲,综合医院,
阜矿集团城南医院,辽宁省,公立医院,二甲,综合医院,
抚顺市第四医院,辽宁省,公立医院,二甲,综合医院,
抚顺石化总医院,辽宁省,公立医院,二甲,综合医院,
抚顺市矿务局老虎台矿职工医院,辽宁省,公立医院,二甲,综合医院,
阜新矿业集团公司平安医院,辽宁省,公立医院,二甲,综合医院,
阜新蒙古自治县人民医院,辽宁省,公立医院,二甲,综合医院,
阜新市第六人民医院,辽宁省,公立医院,二甲,综合医院,
阜新市第三人民医院,辽宁省,公立医院,二甲,综合医院,
阜新市第四人民医院,辽宁省,公立医院,二甲,综合医院,
盖州市红十字会医院,辽宁省,公立医院,二甲,综合医院,
盖州市中心医院,辽宁省,公立医院,二甲,综合医院,
海城广济医院,辽宁省,公立医院,二甲,综合医院,
黑山县第一人民医院,辽宁省,公立医院,二甲,综合医院,
黑山县第一人民医院一分院,辽宁省,公立医院,二甲,综合医院,
葫芦岛市连山区人民医院,辽宁省,公立医院,二甲,综合医院,
葫芦岛市龙港区人民医院,辽宁省,公立医院,二甲,综合医院,
建昌县第一医院,辽宁省,公立医院,二甲,综合医院,
锦西化工集团公司职工医院,辽宁省,公立医院,二甲,综合医院,
锦西炼油厂职工医院,辽宁省,公立医院,二甲,综合医院,
锦西石化医院,辽宁省,公立医院,二甲,综合医院,
锦州爱心医院,辽宁省,公立医院,二甲,综合医院,
锦州市古塔区医院,辽宁省,公立医院,二甲,综合医院,
锦州市凌河区医院,辽宁省,公立医院,二甲,综合医院,
锦州市太和区医院,辽宁省,公立医院,二甲,综合医院,
锦州市义县人民医院,辽宁省,公立医院,二甲,综合医院,
开原市第一人民医院,辽宁省,公立医院,二甲,综合医院,
开原市中心医院,辽宁省,公立医院,二甲,综合医院,
喀左县第一人民医院,辽宁省,公立医院,二甲,综合医院,
宽甸中心医院,辽宁省,公立医院,二甲,综合医院,
辽河油田第二职工医院,辽宁省,公立医院,二甲,综合医院,http://www.ly2y.cn
辽河油田妇幼医院,辽宁省,公立医院,二甲,综合医院,
辽宁电力中心医院,辽宁省,公立医院,二甲,综合医院,
辽宁核工业总医院,辽宁省,公立医院,二甲,综合医院,
辽宁省健康产业集团抚矿西露天医院,辽宁省,公立医院,二甲,综合医院,https://www.youlai.cn
辽宁省监狱管理局医院,辽宁省,公立医院,二甲,综合医院,
辽宁省监狱管理局总医院第二分院,辽宁省,公立医院,二甲,综合医院,
辽宁省凌源市监狱管理分局中心医院,辽宁省,公立医院,二甲,综合医院,
辽阳市第八人民医院,辽宁省,公立医院,二甲,综合医院,
辽阳市第九人民医院,辽宁省,公立医院,二甲,综合医院,
辽阳市第四人民医院,辽宁省,公立医院,二甲,综合医院,
辽阳石化总医院,辽宁省,公立医院,二甲,综合医院,
凌海市大凌河医院,辽宁省,公立医院,二甲,综合医院,
凌海市人民医院,辽宁省,公立医院,二甲,综合医院,
凌源市凌钢医院,辽宁省,公立医院,二甲,综合医院,
南票矿区总医院,辽宁省,公立医院,二甲,综合医院,
盘山市大洼区人民医院,辽宁省,公立医院,二甲,综合医院,
盘山县人民医院,辽宁省,公立医院,二甲,综合医院,
清原满族自治县人民医院,辽宁省,公立医院,二甲,综合医院,
沈抚新城人民医院,辽宁省,公立医院,二甲,综合医院,
沈阳东药医院,辽宁省,公立医院,二甲,综合医院,
沈阳二〇一医院,辽宁省,公立医院,二甲,综合医院,
沈阳军区总医院北方医院,辽宁省,公立医院,二甲,综合医院,
沈阳矿务局沈阳职工总医院清水分院,辽宁省,公立医院,二甲,综合医院,
沈阳煤业集团公司总医院,辽宁省,公立医院,二甲,综合医院,
沈阳市大东区第五医院,辽宁省,公立医院,二甲,综合医院,
沈阳市大东区人民医院,辽宁省,公立医院,二甲,综合医院,
沈阳市第九人民医院,辽宁省,公立医院,二甲,综合医院,
沈阳市东塔医院,辽宁省,公立医院,二甲,综合医院,
沈阳市公安医院,辽宁省,公立医院,二甲,综合医院,
沈阳市和平区红十字会医院,辽宁省,公立医院,二甲,综合医院,
沈阳市虹桥医院,辽宁省,公立医院,二甲,综合医院,
沈阳市皇姑区中心医院,辽宁省,公立医院,二甲,综合医院,
沈阳市浑南区中心医院,辽宁省,公立医院,二甲,综合医院,
沈阳市浑南新区医院,辽宁省,公立医院,二甲,综合医院,
沈阳市辽中区人民医院,辽宁省,公立医院,二甲,综合医院,
沈阳市煤炭工业公司职工医院,辽宁省,公立医院,二甲,综合医院,
沈阳市七三九医院,辽宁省,公立医院,二甲,综合医院,
沈阳市沈北新区中心医院,辽宁省,公立医院,二甲,综合医院,
沈阳市沈河区人民医院,辽宁省,公立医院,二甲,综合医院,
沈阳市苏家屯区第三医院,辽宁省,公立医院,二甲,综合医院,
沈阳市铁西区中心医院,辽宁省,公立医院,二甲,综合医院,
沈阳市新城子区医院,辽宁省,公立医院,二甲,综合医院,
沈阳市于洪区人民医院,辽宁省,公立医院,二甲,综合医院,
台安县恩良医院,辽宁省,公立医院,二甲,综合医院,
铁岭市银州区医院,辽宁省,公立医院,二甲,综合医院,
铁岭县中心医院,辽宁省,公立医院,二甲,综合医院,
瓦房店市第二医院,辽宁省,公立医院,二甲,综合医院,
西丰县第一医院,辽宁省,公立医院,二甲,综合医院,
兴城市城郊医院,辽宁省,公立医院,二甲,综合医院,
岫岩满族自治县中心人民医院,辽宁省,公立医院,二甲,综合医院,
叶柏寿铁路医院,辽宁省,公立医院,二甲,综合医院,
营口经济技术开发区第二人民医院,辽宁省,公立医院,二甲,综合医院,
营口市老边区人民医院,辽宁省,公立医院,二甲,综合医院,
彰武县人民医院,辽宁省,公立医院,二甲,综合医院,
朝阳二三四医院,辽宁省,公立医院,二甲,综合医院,https://www.iiyiyi.com
朝阳市龙城区人民医院,辽宁省,公立医院,二甲,综合医院,
朝阳县第三人民医院,辽宁省,公立医院,二甲,综合医院,
朝阳县人民医院,辽宁省,公立医院,二甲,综合医院,https://www.cyszxyy.com
中国人民解放军第403医院,辽宁省,公立医院,二甲,综合医院,
中国人民解放军二一四医院,辽宁省,公立医院,二甲,综合医院,https://www.myzx.cn
中国人民武装警察部队辽宁省总队大连医院,辽宁省,公立医院,二甲,综合医院,
中国医大盛京医院集团盖州医院,辽宁省,公立医院,二甲,综合医院,
中国医科大学附属盛京医院大连医院,辽宁省,公立医院,二甲,综合医院,
鞍山市铁东区中医院,辽宁省,公立医院,二甲,专科医院,
北镇市中医院,辽宁省,公立医院,二甲,专科医院,
本溪满族自治县中医院,辽宁省,公立医院,二甲,专科医院,
本溪市第六人民医院,辽宁省,公立医院,二甲,专科医院,
本溪市康宁医院,辽宁省,公立医院,二甲,专科医院,
本溪市中心医院东兴分院,辽宁省,公立医院,二甲,专科医院,
大连市结核病医院,辽宁省,公立医院,二甲,专科医院,
大连市旅顺口区中医院,辽宁省,公立医院,二甲,专科医院,
大连市皮肤病医院,辽宁省,公立医院,二甲,专科医院,
丹东市传染病医院,辽宁省,公立医院,二甲,专科医院,
丹东市第三医院,辽宁省,公立医院,二甲,专科医院,
丹东市妇女儿童医院,辽宁省,公立医院,二甲,专科医院,
丹东市口腔医院,辽宁省,公立医院,二甲,专科医院,
丹东市中西医结合医院,辽宁省,公立医院,二甲,专科医院,
东港市口腔医院,辽宁省,公立医院,二甲,专科医院,
凤城市中医院,辽宁省,公立医院,二甲,专科医院,
抚顺市地方病防治所,辽宁省,公立医院,二甲,专科医院,
抚顺市顺城区中医院,辽宁省,公立医院,二甲,专科医院,
黑山县中医院,辽宁省,公立医院,二甲,专科医院,
建昌县中医院,辽宁省,公立医院,二甲,专科医院,
锦州市妇婴医院,辽宁省,公立医院,二甲,专科医院,
锦州市古塔区中医医院,辽宁省,公立医院,二甲,专科医院,
锦州石化医院,辽宁省,公立医院,二甲,专科医院,
锦州市结核病院,辽宁省,公立医院,二甲,专科医院,
宽甸县中医院,辽宁省,公立医院,二甲,专科医院,
辽宁省健康产业集团本钢胸科医院,辽宁省,公立医院,二甲,专科医院,
辽宁省糖尿病治疗中心,辽宁省,公立医院,二甲,专科医院,
辽阳妇产医院,辽宁省,公立医院,二甲,专科医院,
辽阳市第二人民医院,辽宁省,公立医院,二甲,专科医院,
辽阳市第六人民医院,辽宁省,公立医院,二甲,专科医院,
辽阳市结核病医院,辽宁省,公立医院,二甲,专科医院,
辽阳县中医院,辽宁省,公立医院,二甲,专科医院,
凌海市中医院,辽宁省,公立医院,二甲,专科医院,
凌源市中医院,辽宁省,公立医院,二甲,专科医院,
盘锦康复医院,辽宁省,公立医院,二甲,专科医院,
盘锦市传染病医院,辽宁省,公立医院,二甲,专科医院,
盘锦市中医院,辽宁省,公立医院,二甲,专科医院,https://www.pjszyyy.com
普兰店区中医医院,辽宁省,公立医院,二甲,专科医院,
清原县中医院,辽宁省,公立医院,二甲,专科医院,
沈河区牙病防治所,辽宁省,公立医院,二甲,专科医院,
沈阳急救中心,辽宁省,公立医院,二甲,专科医院,
沈阳美德因妇儿医院,辽宁省,公立医院,二甲,专科医院,
沈阳市劳动卫生职业病研究所附属职业病防治院,辽宁省,公立医院,二甲,专科医院,
沈阳市苏家屯区妇婴医院,辽宁省,公立医院,二甲,专科医院,
沈阳市铁西区妇婴医院,辽宁省,公立医院,二甲,专科医院,
沈阳市于洪区肿瘤医院,辽宁省,公立医院,二甲,专科医院,
台安县中医院,辽宁省,公立医院,二甲,专科医院,
铁岭市妇婴医院,辽宁省,公立医院,二甲,专科医院,
铁岭市结核医院,辽宁省,公立医院,二甲,专科医院,
铁西区精神卫生中心,辽宁省,公立医院,二甲,专科医院,
兴城市中医医院,辽宁省,公立医院,二甲,专科医院,
新民市中医院,辽宁省,公立医院,二甲,专科医院,
岫岩满族自治县中医院,辽宁省,公立医院,二甲,专科医院,http://www.xyzhongyiyuan.net
营口市第三人民医院,辽宁省,公立医院,二甲,专科医院,
营口市妇产儿童医院,辽宁省,公立医院,二甲,专科医院,
营口市妇幼保健院,辽宁省,公立医院,二甲,专科医院,
彰武县中医院,辽宁省,公立医院,二甲,专科医院,
北票市第四人民医院,辽宁省,公立医院,二乙,综合医院,https://www.bp.gov.cn
本溪歪头山铁矿职工医院,辽宁省,公立医院,二乙,综合医院,
大连市甘井子区人民医院,辽宁省,公立医院,二乙,综合医院,
大连市金州区第二人民医院,辽宁省,公立医院,二乙,综合医院,
大连造船厂职工医院,辽宁省,公立医院,二乙,综合医院,
丹东市振安区医院,辽宁省,公立医院,二乙,综合医院,
调兵山市人民医院,辽宁省,公立医院,二乙,综合医院,
抚顺红透山铜矿职工医院,辽宁省,公立医院,二乙,综合医院,
抚顺市东洲区医院,辽宁省,公立医院,二乙,综合医院,
抚顺市露天区医院,辽宁省,公立医院,二乙,综合医院,
抚顺市新抚区人民医院,辽宁省,公立医院,二乙,综合医院,
盖州市第二人民医院,辽宁省,公立医院,二乙,综合医院,
海城市海州医院,辽宁省,公立医院,二乙,综合医院,
葫芦岛惠民医院,辽宁省,公立医院,二乙,综合医院,
葫芦岛市化机医院,辽宁省,公立医院,二乙,综合医院,
宽甸县社区医院,辽宁省,公立医院,二乙,综合医院,
沈阳市于洪区红十字会医院,辽宁省,公立医院,二乙,综合医院,
瓦房店市第五人民医院,辽宁省,公立医院,二乙,综合医院,
岫岩县第二人民医院,辽宁省,公立医院,二乙,综合医院,
营口南楼经济开发区医院,辽宁省,公立医院,二乙,综合医院,
营口市中西医结合医院,辽宁省,公立医院,二乙,综合医院,
中国第三冶金建设公司职工医院,辽宁省,公立医院,二乙,综合医院,
北宁市中医院,辽宁省,公立医院,二乙,专科医院,
本溪市第九人民医院,辽宁省,公立医院,二乙,专科医院,
大石桥市妇女儿童医院,辽宁省,公立医院,二乙,专科医院,
大石桥市中医院,辽宁省,公立医院,二乙,专科医院,
康平县中医院,辽宁省,公立医院,二乙,专科医院,
沈阳市于洪区中医院,辽宁省,公立医院,二乙,专科医院,
新宾满族自治县中医院,辽宁省,公立医院,二乙,专科医院,
新民市康复医院,辽宁省,公立医院,二乙,专科医院,
营口经济技术开发区惠民中医院,辽宁省,公立医院,二乙,专科医院,
营口市口腔医院,辽宁省,公立医院,二乙,专科医院,
朝阳市康宁医院,辽宁省,公立医院,二乙,专科医院,
盖州市荣复退伍军人专科医院,辽宁省,公立医院,二丙,专科医院,
中国医科大学附属盛京医院沈阳雍森医院,辽宁省,私立医院,三甲,综合医院,
辽宁奉天中医院,辽宁省,私立医院,三甲,专科医院,
东北国际医院,辽宁省,私立医院,三丙,综合医院,
辽宁中置盛京老年病医院,辽宁省,私立医院,三丙,综合医院,
沈阳市大众医院,辽宁省,私立医院,二甲,综合医院,
鞍山九洲医院,辽宁省,私立医院,二甲,综合医院,
本钢歪头山医院,辽宁省,私立医院,二甲,综合医院,
本溪市红十字会医院,辽宁省,私立医院,二甲,综合医院,
大化集团有限责任公司医院,辽宁省,私立医院,二甲,综合医院,
大连机车厂职工医院,辽宁省,私立医院,二甲,综合医院,
大连松山医院,辽宁省,私立医院,二甲,综合医院,
大连新世纪医院,辽宁省,私立医院,二甲,综合医院,
大石桥东寰医院,辽宁省,私立医院,二甲,综合医院,
抚顺市铝厂职工医院,辽宁省,私立医院,二甲,综合医院,
阜新市第五人民医院,辽宁省,私立医院,二甲,综合医院,
康平县人民医院,辽宁省,私立医院,二甲,综合医院,
辽宁华兴机电有限公司华兴医院,辽宁省,私立医院,二甲,综合医院,
盘锦市馥安医院,辽宁省,私立医院,二甲,综合医院,
沈阳市铁西区华康医院,辽宁省,私立医院,二甲,综合医院,
铁岭职工医院,辽宁省,私立医院,二甲,综合医院,
中铁十九局集团有限公司职工中心医院,辽宁省,私立医院,二甲,综合医院,
沈阳安联妇婴医院,辽宁省,私立医院,二甲,专科医院,http://www.roicare.net
阜矿集团劳动卫生职业病防治所,辽宁省,私立医院,二甲,专科医院,
阜新市糖尿病医院,辽宁省,私立医院,二甲,专科医院,
盖州骨科医院,辽宁省,私立医院,二甲,专科医院,
葫芦岛惠好妇女儿童医院,辽宁省,私立医院,二甲,专科医院,
建昌县脑科医院,辽宁省,私立医院,二甲,专科医院,
辽宁西磁研究中心血磁医院,辽宁省,私立医院,二甲,专科医院,
沈阳马应龙兴华肛肠医院,辽宁省,私立医院,二甲,专科医院,
沈阳市博爱专科医院,辽宁省,私立医院,二甲,专科医院,
沈阳市高丽精神病医院,辽宁省,私立医院,二甲,专科医院,
沈阳市西城中医医院,辽宁省,私立医院,二甲,专科医院,
瓦房店妇婴医院,辽宁省,私立医院,二甲,专科医院,
营口骨伤医院,辽宁省,私立医院,二甲,专科医院,
营口经济技术开发区熊岳正骨医院,辽宁省,私立医院,二甲,专科医院,
大连市安波理疗医院,辽宁省,私立医院,二乙,综合医院,
葫芦岛同生医院,辽宁省,私立医院,二乙,综合医院,
锦山厂职工医院,辽宁省,私立医院,二乙,综合医院,
葫芦岛博爱康复医院,辽宁省,私立医院,二乙,专科医院,
辽阳县中医整骨医院,辽宁省,私立医院,二乙,专科医院,
营口经济技术开发区红旗玛莉蓝医院,辽宁省,私立医院,二丙,综合医院,
大连百佳妇产医院,辽宁省,私立医院,未定级,专科医院,
安徽省第二人民医院,安徽省,公立医院,三甲,综合医院,
安徽医科大学第二附属医院,安徽省,公立医院,三甲,综合医院,
安徽医科大学第一附属医院,安徽省,公立医院,三甲,综合医院,
安庆市立医院,安徽省,公立医院,三甲,综合医院,
蚌埠市第三人民医院,安徽省,公立医院,三甲,综合医院,
蚌埠医学院第二附属医院,安徽省,公立医院,三甲,综合医院,
淮北市人民医院,安徽省,公立医院,三甲,综合医院,
淮南市第一人民医院,安徽省,公立医院,三甲,综合医院,
黄山市人民医院,安徽省,公立医院,三甲,综合医院,
六安市人民医院,安徽省,公立医院,三甲,综合医院,
宿州市立医院,安徽省,公立医院,三甲,综合医院,
太和县人民医院,安徽省,公立医院,三甲,综合医院,
皖南医学院第二附属医院,安徽省,公立医院,三甲,综合医院,
芜湖市第一人民医院,安徽省,公立医院,三甲,综合医院,
中国科学技术大学附属第一医院,安徽省,公立医院,三甲,综合医院,
安徽省第二人民医院临淮路院区,安徽省,公立医院,三甲,综合医院,
安徽医科大学第一附属医院高新院区,安徽省,公立医院,三甲,综合医院,
安徽医科大学附属巢湖医院,安徽省,公立医院,三甲,综合医院,
安徽中医药大学第一附属医院,安徽省,公立医院,三甲,综合医院,
安庆市第一人民医院,安徽省,公立医院,三甲,综合医院,
蚌埠医学院第一附属医院,安徽省,公立医院,三甲,综合医院,
亳州市人民医院,安徽省,公立医院,三甲,综合医院,
池州市人民医院,安徽省,公立医院,三甲,综合医院,
滁州市第一人民医院,安徽省,公立医院,三甲,综合医院,
滁州市第一人民医院南院区,安徽省,公立医院,三甲,综合医院,
阜阳市人民医院,安徽省,公立医院,三甲,综合医院,
合肥空港医院,安徽省,公立医院,三甲,综合医院,
合肥市第二人民医院,安徽省,公立医院,三甲,综合医院,
合肥市第一人民集团医院滨湖医院,安徽省,公立医院,三甲,综合医院,
合肥市第一人民医院,安徽省,公立医院,三甲,综合医院,
合肥市第一人民医院西区,安徽省,公立医院,三甲,综合医院,
合肥市儿童医院,安徽省,公立医院,三甲,综合医院,
淮北矿工总医院,安徽省,公立医院,三甲,综合医院,
六安市人民医院东院区,安徽省,公立医院,三甲,综合医院,
马鞍山市人民医院,安徽省,公立医院,三甲,综合医院,
马鞍山市市立医疗集团市妇幼保健院,安徽省,公立医院,三甲,综合医院,
铜陵市第四人民医院,安徽省,公立医院,三甲,综合医院,
铜陵市立医院,安徽省,公立医院,三甲,综合医院,
铜陵市人民医院,安徽省,公立医院,三甲,综合医院,http://www.tlhos.com
皖南医学院弋矶山医院,安徽省,公立医院,三甲,综合医院,
芜湖市第二人民医院,安徽省,公立医院,三甲,综合医院,
武警安徽省总队医院,安徽省,公立医院,三甲,综合医院,https://www.meipian.cn
宣城市人民医院,安徽省,公立医院,三甲,综合医院,
中国人民解放军联勤保障部队第九〇一医院,安徽省,公立医院,三甲,综合医院,
中国人民武装警察部队安徽省总队医院,安徽省,公立医院,三甲,综合医院,
安徽中医药大学第二附属医院,安徽省,公立医院,三甲,专科医院,
安徽省滁州市中西医结合医院,安徽省,公立医院,三甲,专科医院,
安徽省妇幼保健院,安徽省,公立医院,三甲,专科医院,
安徽省立医院南区,安徽省,公立医院,三甲,专科医院,
安徽省肿瘤医院,安徽省,公立医院,三甲,专科医院,
蚌埠市中医院,安徽省,公立医院,三甲,专科医院,
滁州市第一人民医院西院区,安徽省,公立医院,三甲,专科医院,
阜阳市第二人民医院,安徽省,公立医院,三甲,专科医院,
合肥市妇幼保健院滨湖分院,安徽省,公立医院,三甲,专科医院,
淮北市中医医院,安徽省,公立医院,三甲,专科医院,
六安市中医院,安徽省,公立医院,三甲,专科医院,
马鞍山市中医院,安徽省,公立医院,三甲,专科医院,
马鞍山市中医院南院,安徽省,公立医院,三甲,专科医院,
太和县中医院,安徽省,公立医院,三甲,专科医院,
铜陵市中医院,安徽省,公立医院,三甲,专科医院,
芜湖市中医院,安徽省,公立医院,三甲,专科医院,
芜湖县中医院,安徽省,公立医院,三甲,专科医院,
马鞍山八十六医院,安徽省,公立医院,三乙,综合医院,
皖淮北矿业集团公司百善煤矿职工医院,安徽省,公立医院,三乙,综合医院,
阜阳市中医医院,安徽省,公立医院,三乙,专科医院,
中国人民解放军海军安庆医院,安徽省,公立医院,三丙,综合医院,
宣城市泾县医院,安徽省,公立医院,三丙,专科医院,
蚌埠市第二人民医院,安徽省,公立医院,二甲,综合医院,
蒙城县第二人民医院,安徽省,公立医院,二甲,综合医院,
安徽省第二人民医院黄山路院区,安徽省,公立医院,二甲,综合医院,
安徽省国营正阳关农场职工医院,安徽省,公立医院,二甲,综合医院,
安徽省红十字会医院,安徽省,公立医院,二甲,综合医院,
安徽省蒙城县第一人民医院,安徽省,公立医院,二甲,综合医院,
安徽省泗县人民医院,安徽省,公立医院,二甲,综合医院,
安徽医科大学第四附属医院,安徽省,公立医院,二甲,综合医院,
安庆市第二人民医院,安徽省,公立医院,二甲,综合医院,
安庆市第三人民医院,安徽省,公立医院,二甲,综合医院,
蚌埠肿瘤医院,安徽省,公立医院,二甲,综合医院,
巢湖市和县人民医院,安徽省,公立医院,二甲,综合医院,
池沪东方医院,安徽省,公立医院,二甲,综合医院,
砀山县人民医院,安徽省,公立医院,二甲,综合医院,
当涂县人民医院,安徽省,公立医院,二甲,综合医院,
定远县总医院,安徽省,公立医院,二甲,综合医院,
东至县人民医院,安徽省,公立医院,二甲,综合医院,
繁昌县人民医院,安徽省,公立医院,二甲,综合医院,
肥东县人民医院,安徽省,公立医院,二甲,综合医院,
肥西县人民医院,安徽省,公立医院,二甲,综合医院,
凤台县人民医院,安徽省,公立医院,二甲,综合医院,
凤阳县人民医院,安徽省,公立医院,二甲,综合医院,
阜南县人民医院,安徽省,公立医院,二甲,综合医院,
复松县人民医院,安徽省,公立医院,二甲,综合医院,
阜阳市第四人民医院,安徽省,公立医院,二甲,综合医院,
阜阳市第五人民医院,安徽省,公立医院,二甲,综合医院,
涡阳县人民医院,安徽省,公立医院,二甲,综合医院,
固镇县人民医院,安徽省,公立医院,二甲,综合医院,
含山县人民医院,安徽省,公立医院,二甲,综合医院,
合肥钢铁公司职工医院,安徽省,公立医院,二甲,综合医院,
合肥市第八人民医院,安徽省,公立医院,二甲,综合医院,
淮南市第二人民医院,安徽省,公立医院,二甲,综合医院,
怀宁县人民医院,安徽省,公立医院,二甲,综合医院,https://www.hnxrmyy.com.cn
怀远县人民医院,安徽省,公立医院,二甲,综合医院,
黄山市第三人民医院,安徽省,公立医院,二甲,综合医院,
黄山市歙县人民医院,安徽省,公立医院,二甲,综合医院,
霍邱县第二人民医院,安徽省,公立医院,二甲,综合医院,
霍邱县第一人民医院,安徽省,公立医院,二甲,综合医院,
霍山县第二人民医院,安徽省,公立医院,二甲,综合医院,
霍山县医院,安徽省,公立医院,二甲,综合医院,
旌德县人民医院,安徽省,公立医院,二甲,综合医院,
金寨县人民医院,安徽省,公立医院,二甲,综合医院,
绩溪县人民医院,安徽省,公立医院,二甲,综合医院,
来安县人民医院,安徽省,公立医院,二甲,综合医院,
郎溪县人民医院,安徽省,公立医院,二甲,综合医院,
灵璧县人民医院,安徽省,公立医院,二甲,综合医院,
临泉县人民医院,安徽省,公立医院,二甲,综合医院,
六安市第四人民医院,安徽省,公立医院,二甲,综合医院,
六安世立医院,安徽省,公立医院,二甲,综合医院,
庐江矾矿职工医院,安徽省,公立医院,二甲,综合医院,
庐江县人民医院,安徽省,公立医院,二甲,综合医院,
明光市人民医院,安徽省,公立医院,二甲,综合医院,
南陵县医院,安徽省,公立医院,二甲,综合医院,
宁国市人民医院,安徽省,公立医院,二甲,综合医院,
潜山县医院,安徽省,公立医院,二甲,综合医院,
祁门县人民医院,安徽省,公立医院,二甲,综合医院,
青阳县人民医院,安徽省,公立医院,二甲,综合医院,
全椒县人民医院,安徽省,公立医院,二甲,综合医院,
石台县人民医院,安徽省,公立医院,二甲,综合医院,
寿县县医院,安徽省,公立医院,二甲,综合医院,
舒城县人民医院,安徽省,公立医院,二甲,综合医院,
濉溪县医院,安徽省,公立医院,二甲,综合医院,
宿松县医院,安徽省,公立医院,二甲,综合医院,
宿州市第一人民医院,安徽省,公立医院,二甲,综合医院,
太湖县人民医院,安徽省,公立医院,二甲,综合医院,
天长市仁和医院,安徽省,公立医院,二甲,综合医院,
天长市人民医院,安徽省,公立医院,二甲,综合医院,
桐城市人民医院,安徽省,公立医院,二甲,综合医院,
铜陵市第二人民医院,安徽省,公立医院,二甲,综合医院,
铜陵市义安区人民医院,安徽省,公立医院,二甲,综合医院,
五河县人民医院,安徽省,公立医院,二甲,综合医院,
芜湖县医院,安徽省,公立医院,二甲,综合医院,
无为县人民医院,安徽省,公立医院,二甲,综合医院,
新华医疗集团北方医院,安徽省,公立医院,二甲,综合医院,
休宁县人民医院,安徽省,公立医院,二甲,综合医院,
颍上县人民医院,安徽省,公立医院,二甲,综合医院,
岳西县医院,安徽省,公立医院,二甲,综合医院,
中国人民解放军第五三二医院,安徽省,公立医院,二甲,综合医院,
中煤矿建总医院,安徽省,公立医院,二甲,综合医院,
枞阳县人民医院,安徽省,公立医院,二甲,综合医院,
安徽省荣军医院,安徽省,公立医院,二甲,专科医院,
安庆市中医医院,安徽省,公立医院,二甲,专科医院,
亳州市华佗中医院,安徽省,公立医院,二甲,专科医院,
巢湖市和县中医院,安徽省,公立医院,二甲,专科医院,
砀山县中医医院,安徽省,公立医院,二甲,专科医院,
定远县中医院,安徽省,公立医院,二甲,专科医院,
东至县中医院,安徽省,公立医院,二甲,专科医院,
繁昌县中医院,安徽省,公立医院,二甲,专科医院,
肥东县中医院,安徽省,公立医院,二甲,专科医院,
阜南县中医院,安徽省,公立医院,二甲,专科医院,https://www.fyszyy.cn
阜阳市妇幼保健院,安徽省,公立医院,二甲,专科医院,https://www.fyfybjyy.com
阜阳市肿瘤医院,安徽省,公立医院,二甲,专科医院,http://www.fycancer.cn
广德县中医院,安徽省,公立医院,二甲,专科医院,
涡阳县中医院,安徽省,公立医院,二甲,专科医院,
固镇县中医院,安徽省,公立医院,二甲,专科医院,
合肥市第六人民医院,安徽省,公立医院,二甲,专科医院,
合肥市骨科医院,安徽省,公立医院,二甲,专科医院,
淮南矿业集团有限责任公司职业病防治院,安徽省,公立医院,二甲,专科医院,
淮南市第四人民医院,安徽省,公立医院,二甲,专科医院,
淮南市中医院,安徽省,公立医院,二甲,专科医院,
怀宁县中医骨伤医院,安徽省,公立医院,二甲,专科医院,
怀远县中医院,安徽省,公立医院,二甲,专科医院,
黄山市歙县中医院,安徽省,公立医院,二甲,专科医院,
黄山市中医院,安徽省,公立医院,二甲,专科医院,
霍山县中医院,安徽省,公立医院,二甲,专科医院,
泾县中医院,安徽省,公立医院,二甲,专科医院,
金寨县中医院,安徽省,公立医院,二甲,专科医院,
绩溪县中医院,安徽省,公立医院,二甲,专科医院,
郎溪县中医院,安徽省,公立医院,二甲,专科医院,
六安市金安区妇幼保健院,安徽省,公立医院,二甲,专科医院,
蒙城县中医院,安徽省,公立医院,二甲,专科医院,
明光市中医院,安徽省,公立医院,二甲,专科医院,
宁国市中医院,安徽省,公立医院,二甲,专科医院,
潜山市中医院,安徽省,公立医院,二甲,专科医院,
青阳县中医医院,安徽省,公立医院,二甲,专科医院,
濉溪县中医院,安徽省,公立医院,二甲,专科医院,
宿松县中医院,安徽省,公立医院,二甲,专科医院,
宿州市第二人民医院,安徽省,公立医院,二甲,专科医院,
宿州市中医院,安徽省,公立医院,二甲,专科医院,
太湖县中医院,安徽省,公立医院,二甲,专科医院,
桐城市中医医院,安徽省,公立医院,二甲,专科医院,
望江县中医医院,安徽省,公立医院,二甲,专科医院,
芜湖市第三人民医院,安徽省,公立医院,二甲,专科医院,
芜湖市妇幼保健院,安徽省,公立医院,二甲,专科医院,
无为县中医院,安徽省,公立医院,二甲,专科医院,
岳西县中医院,安徽省,公立医院,二甲,专科医院,
安庆秉风医院,安徽省,公立医院,二乙,综合医院,
长丰县人民医院,安徽省,公立医院,二乙,综合医院,
淮北矿工总医院集团岱河分院,安徽省,公立医院,二乙,综合医院,
淮北矿工总医院朱仙庄分院,安徽省,公立医院,二乙,综合医院,
淮北矿工总医院朱庄分院,安徽省,公立医院,二乙,综合医院,
淮南市第一人民医院西区,安徽省,公立医院,二乙,综合医院,
黄山市歙县第二人民医院,安徽省,公立医院,二乙,综合医院,
黄山市黟县人民医院,安徽省,公立医院,二乙,综合医院,
六安市裕安区第二人民医院,安徽省,公立医院,二乙,综合医院,
蒙城县第三人民医院,安徽省,公立医院,二乙,综合医院,
皖北煤电集团第二医院,安徽省,公立医院,二乙,综合医院,
芜湖市镜湖区医院,安徽省,公立医院,二乙,综合医院,
安徽氯碱化工集团有限责任公司医院,安徽省,公立医院,二乙,专科医院,
长丰县中医院,安徽省,公立医院,二乙,专科医院,
巢湖市中医院,安徽省,公立医院,二乙,专科医院,
池州市贵池区中医医院,安徽省,公立医院,二乙,专科医院,
阜阳市颍泉区康复医院,安徽省,公立医院,二乙,专科医院,
淮北矿业集团公司职业病防治院,安徽省,公立医院,二乙,专科医院,
淮南市妇幼保健院,安徽省,公立医院,二乙,专科医院,
霍邱县中医院,安徽省,公立医院,二乙,专科医院,
六安市妇幼保健所,安徽省,公立医院,二乙,专科医院,https://www.lasfybj.cn
南陵县中医院,安徽省,公立医院,二乙,专科医院,
铜陵市第三人民医院,安徽省,公立医院,二乙,专科医院,https://www.tl-sy.com
安徽省巢湖铸造厂职工医院,安徽省,公立医院,二丙,综合医院,
安徽省营十字铺茶场医院,安徽省,公立医院,二丙,综合医院,
皖北煤电集团总医院,安徽省,私立医院,三甲,综合医院,
马鞍山市中心医院,安徽省,私立医院,三甲,综合医院,
淮南新华医疗集团新华医院,安徽省,私立医院,三乙,综合医院,
淮南朝阳医院,安徽省,私立医院,三乙,综合医院,
合肥巢湖爱心医院,安徽省,私立医院,二甲,综合医院,
安徽省华泰医院,安徽省,私立医院,二甲,综合医院,
安庆石化医院,安徽省,私立医院,二甲,综合医院,
合肥市中山医院,安徽省,私立医院,二甲,综合医院,
淮北朝阳医院,安徽省,私立医院,二甲,综合医院,
淮南东方医院集团新庄孜医院,安徽省,私立医院,二甲,综合医院,
怀远县第二人民医院,安徽省,私立医院,二甲,综合医院,
芜湖广济医院,安徽省,私立医院,二甲,综合医院,
合肥瑞康骨科医院,安徽省,私立医院,二甲,专科医院,
合肥同仁康复医院,安徽省,私立医院,二甲,专科医院,
淮北矿工总医院芦岭分院,安徽省,私立医院,二乙,综合医院,
颍上县协和医院,安徽省,私立医院,二乙,综合医院,
安徽长征微创外科医院,安徽省,私立医院,二乙,专科医院,
皖河农场医院,安徽省,私立医院,二丙,综合医院,
合肥博极血液透析中心,安徽省,私立医院,未定级,专科医院,
合肥沃瑞眼科医院,安徽省,私立医院,未定级,专科医院,
长春中医药大学附属医院,吉林省,公立医院,三甲,综合医院,
吉林大学第一医院,吉林省,公立医院,三甲,综合医院,
四平市中心人民医院,吉林省,公立医院,三甲,综合医院,
通化市中心医院,吉林省,公立医院,三甲,综合医院,
北华大学附属医院,吉林省,公立医院,三甲,综合医院,
长春市中心医院,吉林省,公立医院,三甲,综合医院,
吉化集团公司总医院,吉林省,公立医院,三甲,综合医院,
吉林大学第二医院,吉林省,公立医院,三甲,综合医院,
吉林大学第四医院,吉林省,公立医院,三甲,综合医院,
吉林大学第一医院二部,吉林省,公立医院,三甲,综合医院,
吉林大学附属吉林医院,吉林省,公立医院,三甲,综合医院,
吉林大学中日联谊医院,吉林省,公立医院,三甲,综合医院,
吉林大学中日联谊医院新民院区,吉林省,公立医院,三甲,综合医院,
吉林省人民医院,吉林省,公立医院,三甲,综合医院,
吉林市人民医院,吉林省,公立医院,三甲,综合医院,
吉林医药学院附属医院,吉林省,公立医院,三甲,综合医院,
吉林油田总医院,吉林省,公立医院,三甲,综合医院,
康美梅河口中心医院,吉林省,公立医院,三甲,综合医院,
松原市人民医院,吉林省,公立医院,三甲,综合医院,
延边大学附属医院,吉林省,公立医院,三甲,综合医院,
中国人民解放军第二〇八医院,吉林省,公立医院,三甲,综合医院,
中国人民解放军第二二二医院,吉林省,公立医院,三甲,综合医院,
中国人民解放军三二一医院,吉林省,公立医院,三甲,综合医院,
长春市儿童医院,吉林省,公立医院,三甲,专科医院,
长春市妇产医院,吉林省,公立医院,三甲,专科医院,
长春市中医院,吉林省,公立医院,三甲,专科医院,
长春中医药大学附属第三临床医院,吉林省,公立医院,三甲,专科医院,
吉林大学第二医院眼科中心,吉林省,公立医院,三甲,专科医院,
吉林大学口腔医院,吉林省,公立医院,三甲,专科医院,
吉林省长春市传染病医院,吉林省,公立医院,三甲,专科医院,
吉林省妇幼保健院,吉林省,公立医院,三甲,专科医院,
吉林省肝胆病医院,吉林省,公立医院,三甲,专科医院,
吉林省吉林中西医结合医院,吉林省,公立医院,三甲,专科医院,
吉林省脑科医院,吉林省,公立医院,三甲,专科医院,
吉林省肿瘤医院,吉林省,公立医院,三甲,专科医院,https://www.jlszlyy.com
吉林省中医药科学院第一临床医院,吉林省,公立医院,三甲,专科医院,http://www.jlszyy.cn
吉林市中西医结合肛肠医院,吉林省,公立医院,三甲,专科医院,
辽源市中医院,吉林省,公立医院,三甲,专科医院,
延吉市中医医院,吉林省,公立医院,三甲,专科医院,
白城中心医院,吉林省,公立医院,三乙,综合医院,
白山市中心医院,吉林省,公立医院,三乙,综合医院,
蛟河市第二人民医院,吉林省,公立医院,三乙,综合医院,
吉林省武警总队医院,吉林省,公立医院,三乙,综合医院,
辽源矿业集团职工总医院,吉林省,公立医院,三乙,综合医院,
辽源市中心医院,吉林省,公立医院,三乙,综合医院,
四平市第一人民医院,吉林省,公立医院,三乙,综合医院,
通化矿业集团有限责任公司总医院,吉林省,公立医院,三乙,综合医院,
中国人民解放军第208医院461临床部,吉林省,公立医院,三乙,综合医院,
四平市中医医院,吉林省,公立医院,三乙,专科医院,
敦化市医院,吉林省,公立医院,二甲,综合医院,
安图县人民医院,吉林省,公立医院,二甲,综合医院,
白城市洮南神经精神病医院,吉林省,公立医院,二甲,综合医院,
白城市医院,吉林省,公立医院,二甲,综合医院,
白城医学高等专科学校附属医院,吉林省,公立医院,二甲,综合医院,
白山市红十字会医院,吉林省,公立医院,二甲,综合医院,
白山市江源区人民医院,吉林省,公立医院,二甲,综合医院,
长白朝鲜族自治县医院,吉林省,公立医院,二甲,综合医院,
长春八一医院,吉林省,公立医院,二甲,综合医院,
长春经济技术开发区中心医院,吉林省,公立医院,二甲,综合医院,
长春市第二医院,吉林省,公立医院,二甲,综合医院,
长春市绿园区人民医院,吉林省,公立医院,二甲,综合医院,
长岭县第二医院,吉林省,公立医院,二甲,综合医院,
长岭县人民医院,吉林省,公立医院,二甲,综合医院,
德惠市人民医院,吉林省,公立医院,二甲,综合医院,
东辽县人民医院,吉林省,公立医院,二甲,综合医院,
抚松县人民医院,吉林省,公立医院,二甲,综合医院,
扶余市人民医院,吉林省,公立医院,二甲,综合医院,
公主岭市中医院,吉林省,公立医院,二甲,综合医院,
和龙市人民医院,吉林省,公立医院,二甲,综合医院,
桦甸市人民医院,吉林省,公立医院,二甲,综合医院,
辉南县人民医院,吉林省,公立医院,二甲,综合医院,
珲春市人民医院,吉林省,公立医院,二甲,综合医院,
集安市第二人民医院,吉林省,公立医院,二甲,综合医院,
蛟河市人民医院,吉林省,公立医院,二甲,综合医院,
吉林大学第二医院民康医院,吉林省,公立医院,二甲,综合医院,
吉林省辽源市第二人民医院,吉林省,公立医院,二甲,综合医院,
吉林石油集团职工总医院,吉林省,公立医院,二甲,综合医院,
吉林卫校附属医院,吉林省,公立医院,二甲,综合医院,
吉林油田江北医院,吉林省,公立医院,二甲,综合医院,
九台市第三人民医院,吉林省,公立医院,二甲,综合医院,
九台市人民医院,吉林省,公立医院,二甲,综合医院,
辽源矿务局总医院,吉林省,公立医院,二甲,综合医院,
临江市医院,吉林省,公立医院,二甲,综合医院,
梨树县第一人民医院,吉林省,公立医院,二甲,综合医院,
龙井市人民医院,吉林省,公立医院,二甲,综合医院,
露水河林区医院,吉林省,公立医院,二甲,综合医院,
磐石市人民医院,吉林省,公立医院,二甲,综合医院,
乾安县人民医院,吉林省,公立医院,二甲,综合医院,
双辽市第一人民医院,吉林省,公立医院,二甲,综合医院,
双辽市中心医院,吉林省,公立医院,二甲,综合医院,
舒兰矿业集团总医院,吉林省,公立医院,二甲,综合医院,
舒兰市人民医院,吉林省,公立医院,二甲,综合医院,
四平市第四人民医院,吉林省,公立医院,二甲,综合医院,
四平卫校临床医院,吉林省,公立医院,二甲,综合医院,
洮南市第一医院,吉林省,公立医院,二甲,综合医院,
通化市第二人民医院,吉林省,公立医院,二甲,综合医院,
通化市人民医院,吉林省,公立医院,二甲,综合医院,
通化县人民医院,吉林省,公立医院,二甲,综合医院,
通榆县第一医院,吉林省,公立医院,二甲,综合医院,
图们市人民医院,吉林省,公立医院,二甲,综合医院,
汪清县人民医院,吉林省,公立医院,二甲,综合医院,
延边第二人民医院,吉林省,公立医院,二甲,综合医院,
延吉市医院,吉林省,公立医院,二甲,综合医院,
伊通满族自治县人民医院,吉林省,公立医院,二甲,综合医院,
永吉县第二人民医院,吉林省,公立医院,二甲,综合医院,
永吉县医院,吉林省,公立医院,二甲,综合医院,
榆树市医院,吉林省,公立医院,二甲,综合医院,
中国人民解放军65316部队医院,吉林省,公立医院,二甲,综合医院,
中国人民解放军第531医院,吉林省,公立医院,二甲,综合医院,
中国人民解放军第二Ｏ六医院,吉林省,公立医院,二甲,综合医院,
中国人民解放军第三二一医院,吉林省,公立医院,二甲,综合医院,
吉林市妇产医院,吉林省,公立医院,二甲,专科医院,
白城中医院,吉林省,公立医院,二甲,专科医院,
白山市中医医院,吉林省,公立医院,二甲,专科医院,
长春市第六医院,吉林省,公立医院,二甲,专科医院,
长春市结核病医院,吉林省,公立医院,二甲,专科医院,
长岭县中医院,吉林省,公立医院,二甲,专科医院,
大安市创伤医院,吉林省,公立医院,二甲,专科医院,
大安市第一人民医院,吉林省,公立医院,二甲,专科医院,
德惠市中医院,吉林省,公立医院,二甲,专科医院,
东丰县中医院,吉林省,公立医院,二甲,专科医院,
敦化市中医院,吉林省,公立医院,二甲,专科医院,
抚松县中医院,吉林省,公立医院,二甲,专科医院,
桦甸市中医院,吉林省,公立医院,二甲,专科医院,
辉南县中医院,吉林省,公立医院,二甲,专科医院,
江源区中医院,吉林省,公立医院,二甲,专科医院,
吉林市传染病医院,吉林省,公立医院,二甲,专科医院,
吉林市儿童医院,吉林省,公立医院,二甲,专科医院,
吉林市骨伤医院,吉林省,公立医院,二甲,专科医院,
靖宇县中医院,吉林省,公立医院,二甲,专科医院,
辽源市妇婴医院,吉林省,公立医院,二甲,专科医院,
梨树县中医院,吉林省,公立医院,二甲,专科医院,
柳河县中医医院,吉林省,公立医院,二甲,专科医院,
龙井市妇幼保健院,吉林省,公立医院,二甲,专科医院,
乾安县中医医院,吉林省,公立医院,二甲,专科医院,
前郭县中医院,吉林省,公立医院,二甲,专科医院,
双辽市中医院,吉林省,公立医院,二甲,专科医院,https://www.slszyyy.com
四平市传染病医院,吉林省,公立医院,二甲,专科医院,
四平市结核病院,吉林省,公立医院,二甲,专科医院,
四平市口腔医院,吉林省,公立医院,二甲,专科医院,
松原市宁江区中医院,吉林省,公立医院,二甲,专科医院,
洮南市中医院,吉林省,公立医院,二甲,专科医院,
通化县中医院,吉林省,公立医院,二甲,专科医院,
汪清县中医院,吉林省,公立医院,二甲,专科医院,
延边妇幼保健院,吉林省,公立医院,二甲,专科医院,
延边脑科医院,吉林省,公立医院,二甲,专科医院,
榆树市中医院,吉林省,公立医院,二甲,专科医院,
中国人民解放军空军公主岭市四六二医院,吉林省,公立医院,二甲,专科医院,
白山市浑江区医院,吉林省,公立医院,二乙,综合医院,
长白山保护开发区中心医院,吉林省,公立医院,二乙,综合医院,
长白山池北区人民医院,吉林省,公立医院,二乙,综合医院,
长春市二道河子区人民医院,吉林省,公立医院,二乙,综合医院,
长春市二道区英俊医院,吉林省,公立医院,二乙,综合医院,
长春市宽城区铁北医院,吉林省,公立医院,二乙,综合医院,https://www.163.com
长春市宽城区医院,吉林省,公立医院,二乙,综合医院,https://m.haodf.com
长春市南关区曙光医院,吉林省,公立医院,二乙,综合医院,
长春市双阳区医院,吉林省,公立医院,二乙,综合医院,
长春市朝阳区人民医院,吉林省,公立医院,二乙,综合医院,
大安市第二医院,吉林省,公立医院,二乙,综合医院,
大安市第四人民医院,吉林省,公立医院,二乙,综合医院,
东北师范大学校医院,吉林省,公立医院,二乙,综合医院,
二道区医院,吉林省,公立医院,二乙,综合医院,
扶余县第二人民医院,吉林省,公立医院,二乙,综合医院,
郭化市大石头林业局职工医院,吉林省,公立医院,二乙,综合医院,
集安市医院,吉林省,公立医院,二乙,综合医院,
吉林大学第一医院邮电医院,吉林省,公立医院,二乙,综合医院,
吉林大学南岭校区医院,吉林省,公立医院,二乙,综合医院,
吉林大学前卫校区校医院,吉林省,公立医院,二乙,综合医院,
吉林省监狱管理局中心医院,吉林省,公立医院,二乙,综合医院,
吉林省胜利医院,吉林省,公立医院,二乙,综合医院,
吉林省湾沟林区医院,吉林省,公立医院,二乙,综合医院,
吉林市第六人民医院,吉林省,公立医院,二乙,综合医院,
吉林市红十字会第一医院,吉林省,公立医院,二乙,综合医院,
吉林市龙潭区医院,吉林省,公立医院,二乙,综合医院,
吉林碳素总厂医院,吉林省,公立医院,二乙,综合医院,
吉林铁合金厂职工医院,吉林省,公立医院,二乙,综合医院,
吉林造纸业股份公司职工医院,吉林省,公立医院,二乙,综合医院,
靖宇县人民医院,吉林省,公立医院,二乙,综合医院,
林镍业公司职工医院,吉林省,公立医院,二乙,综合医院,
梨树县第二人民医院,吉林省,公立医院,二乙,综合医院,
梅河口市友谊医院,吉林省,公立医院,二乙,综合医院,
农安县第二医院,吉林省,公立医院,二乙,综合医院,
泉阳林业局医院,吉林省,公立医院,二乙,综合医院,
首钢吉林柴油机厂职工医院,吉林省,公立医院,二乙,综合医院,
四平辽河人民医院,吉林省,公立医院,二乙,综合医院,
松江河林区医院,吉林省,公立医院,二乙,综合医院,
铁道部长春机车工厂职工医院,吉林省,公立医院,二乙,综合医院,
通化市第三人民医院,吉林省,公立医院,二乙,综合医院,
通化市东昌区人民医院,吉林省,公立医院,二乙,综合医院,
湾沟北山医院,吉林省,公立医院,二乙,综合医院,
镇赉县医院,吉林省,公立医院,二乙,综合医院,
中国人民解放军第5704厂职工医院,吉林省,公立医院,二乙,综合医院,
中国水利水电第一工程局总医院,吉林省,公立医院,二乙,综合医院,
中铁第十三工程局中心医院,吉林省,公立医院,二乙,综合医院,
白山市康宁医院,吉林省,公立医院,二乙,专科医院,
长春市南关区中西医结合医院,吉林省,公立医院,二乙,专科医院,
长春市南关区中医院,吉林省,公立医院,二乙,专科医院,
长春市双阳区中医院,吉林省,公立医院,二乙,专科医院,
蛟河市中医院,吉林省,公立医院,二乙,专科医院,
吉林市船营区中医院,吉林省,公立医院,二乙,专科医院,
吉林市丰满区中医院,吉林省,公立医院,二乙,专科医院,
吉林市口腔医院,吉林省,公立医院,二乙,专科医院,
吉林市神经精神病总医院,吉林省,公立医院,二乙,专科医院,
柳河县中医院,吉林省,公立医院,二乙,专科医院,
梅河口市中医院,吉林省,公立医院,二乙,专科医院,
磐石市中医院,吉林省,公立医院,二乙,专科医院,
双辽市妇幼保健院,吉林省,公立医院,二乙,专科医院,
舒兰市中医院,吉林省,公立医院,二乙,专科医院,
四平市骨质增生病医院,吉林省,公立医院,二乙,专科医院,
通化市海龙精神病医院,吉林省,公立医院,二乙,专科医院,
通化市中医院,吉林省,公立医院,二乙,专科医院,
通榆县中医院,吉林省,公立医院,二乙,专科医院,
图们市中医医院,吉林省,公立医院,二乙,专科医院,https://www.tmszyy.net
白山市江源区砟子镇医院,吉林省,公立医院,二丙,综合医院,
大安市第三人民医院,吉林省,公立医院,二丙,综合医院,
辉南县第二人民医院,吉林省,公立医院,二丙,综合医院,
辽源市龙山区人民医院,吉林省,公立医院,二丙,综合医院,
梅河口市第二医院,吉林省,公立医院,二丙,综合医院,
吉林市化工医院,吉林省,私立医院,三甲,综合医院,
吉林心脏病医院,吉林省,私立医院,三甲,专科医院,
长春康弘医院,吉林省,私立医院,二甲,综合医院,
吉林普济医院,吉林省,私立医院,二甲,综合医院,
吉林市康圣医院,吉林省,私立医院,二甲,综合医院,
吉林新华医院,吉林省,私立医院,二甲,综合医院,
吉林延安医院,吉林省,私立医院,二甲,综合医院,
临江市友谊医院,吉林省,私立医院,二甲,综合医院,
舒兰矿业集团有限责任公司总医院,吉林省,私立医院,二甲,综合医院,
四平爱龄奇医院,吉林省,私立医院,二甲,综合医院,
延边朝医医院,吉林省,私立医院,二甲,综合医院,
长春恒康中医医院,吉林省,私立医院,二甲,专科医院,
吉林市江湾创伤医院,吉林省,私立医院,二甲,专科医院,
吉林月潭康复医院,吉林省,私立医院,二甲,专科医院,
农安宝华骨科医院,吉林省,私立医院,二甲,专科医院,
四平中韩妇女儿童医院,吉林省,私立医院,二甲,专科医院,
白山市倪太医院,吉林省,私立医院,二乙,综合医院,
长春美年宇宸医院,吉林省,私立医院,二乙,综合医院,
长岭宏光医院,吉林省,私立医院,二乙,综合医院,
东丰县宝康医院,吉林省,私立医院,二乙,综合医院,
桦甸市红林医院,吉林省,私立医院,二乙,综合医院,
辉南县康达医院,吉林省,私立医院,二乙,综合医院,
吉林镍业德仁医院,吉林省,私立医院,二乙,综合医院,
吉林市碳素职工医院,吉林省,私立医院,二乙,综合医院,
吉林新世纪医院,吉林省,私立医院,二乙,综合医院,
梅河口市新华医院,吉林省,私立医院,二乙,综合医院,
四平宏成脑病医院,吉林省,私立医院,二乙,综合医院,
四平市铁西区人民医院,吉林省,私立医院,二乙,综合医院,
长春嘉和外科医院,吉林省,私立医院,二乙,专科医院,
长春微创肛肠医院,吉林省,私立医院,二乙,专科医院,
吉林市凤凰妇产医院,吉林省,私立医院,二乙,专科医院,
吉林市精心康复医院,吉林省,私立医院,二乙,专科医院,http://www.jxkfyy.cn
四平华正眼科医院,吉林省,私立医院,二乙,专科医院,
四平烧伤整形医院,吉林省,私立医院,二乙,专科医院,http://www.spssszxyy.com
延吉诺布尔口腔医院,吉林省,私立医院,二乙,专科医院,
长春双阳虹桥医院,吉林省,私立医院,二丙,综合医院,
长春圣心积善医院,吉林省,私立医院,二丙,专科医院,
高新园区张晶口腔诊所,吉林省,私立医院,未定级,专科医院,
赣州市立医院,江西省,公立医院,三甲,综合医院,
九江市第一人民医院,江西省,公立医院,三甲,综合医院,
南昌大学第二附属医院,江西省,公立医院,三甲,综合医院,
南昌大学第四附属医院,江西省,公立医院,三甲,综合医院,
南昌大学第一附属医院,江西省,公立医院,三甲,综合医院,
南昌市第三医院,江西省,公立医院,三甲,综合医院,
南昌市第一医院,江西省,公立医院,三甲,综合医院,
南昌市中心医院（青山湖院区）/南昌市第九医院,江西省,公立医院,三甲,综合医院,
上饶市立医院,江西省,公立医院,三甲,综合医院,
宜春市人民医院,江西省,公立医院,三甲,综合医院,
宜春市人民医院北院区,江西省,公立医院,三甲,综合医院,
鹰潭市人民医院,江西省,公立医院,三甲,综合医院,
抚州市第一人民医院,江西省,公立医院,三甲,综合医院,
赣南医学院第一附属医院,江西省,公立医院,三甲,综合医院,https://www.gyyfy.com
赣州市人民医院,江西省,公立医院,三甲,综合医院,
江西省人民医院,江西省,公立医院,三甲,综合医院,http://www.jxsrmyy.cn
江西省人民医院红谷滩院区,江西省,公立医院,三甲,综合医院,http://www.jxsrmyy.cn
江西中医药大学第二附属医院,江西省,公立医院,三甲,综合医院,https://www.jzefyy.cn
吉安市中心人民医院,江西省,公立医院,三甲,综合医院,https://www.jachosp.com
景德镇市第二人民医院,江西省,公立医院,三甲,综合医院,
景德镇市第三人民医院,江西省,公立医院,三甲,综合医院,
景德镇市第一人民医院,江西省,公立医院,三甲,综合医院,
井冈山大学附属医院,江西省,公立医院,三甲,综合医院,
九江市第三人民医院,江西省,公立医院,三甲,综合医院,
九江学院附属医院东院,江西省,公立医院,三甲,综合医院,
九江学院附属医院西院,江西省,公立医院,三甲,综合医院,
南昌大学第一附属医院象湖院区,江西省,公立医院,三甲,综合医院,
南昌市第二医院,江西省,公立医院,三甲,综合医院,
萍乡市第二人民医院,江西省,公立医院,三甲,综合医院,
萍乡市人民医院,江西省,公立医院,三甲,综合医院,
上饶市人民医院,江西省,公立医院,三甲,综合医院,
武警江西总队医院,江西省,公立医院,三甲,综合医院,
湘雅萍矿合作医院,江西省,公立医院,三甲,综合医院,
新余市人民医院,江西省,公立医院,三甲,综合医院,
中国人民解放军第一七一医院,江西省,公立医院,三甲,综合医院,
中国人民解放军联勤保障部队第九〇八医院,江西省,公立医院,三甲,综合医院,
中国人民解放军联勤保障部队第九〇八医院鹰潭分院,江西省,公立医院,三甲,综合医院,
赣州市第三人民医院,江西省,公立医院,三甲,专科医院,https://www.jxgzsdsrmyy.cn
赣州市第五人民医院,江西省,公立医院,三甲,专科医院,
赣州市妇幼保健院,江西省,公立医院,三甲,专科医院,
赣州市中医院,江西省,公立医院,三甲,专科医院,
江西省儿童医院,江西省,公立医院,三甲,专科医院,
江西省妇幼保健院,江西省,公立医院,三甲,专科医院,
江西省精神病院,江西省,公立医院,三甲,专科医院,
江西省胸科医院,江西省,公立医院,三甲,专科医院,
江西省肿瘤医院,江西省,公立医院,三甲,专科医院,
景德镇市妇幼保健院,江西省,公立医院,三甲,专科医院,
九江市妇幼保健院,江西省,公立医院,三甲,专科医院,
九江市中医医院,江西省,公立医院,三甲,专科医院,
南昌大学附属口腔医院,江西省,公立医院,三甲,专科医院,
南昌大学附属眼科医院,江西省,公立医院,三甲,专科医院,
赣州市肿瘤医院,江西省,公立医院,三甲,专科医院,
江西省儿童医院红谷滩院区,江西省,公立医院,三甲,专科医院,
江西省妇幼保健院红谷滩院区,江西省,公立医院,三甲,专科医院,
江西省皮肤病专科医院,江西省,公立医院,三甲,专科医院,
江西中医药大学附属医院,江西省,公立医院,三甲,专科医院,
吉安市第三人民医院,江西省,公立医院,三甲,专科医院,
吉安市妇幼保健院,江西省,公立医院,三甲,专科医院,
景德镇市中医医院,江西省,公立医院,三甲,专科医院,
九江市第五人民医院,江西省,公立医院,三甲,专科医院,
南昌市洪都中医院,江西省,公立医院,三甲,专科医院,
萍乡市妇幼保健院,江西省,公立医院,三甲,专科医院,
萍乡市中医院,江西省,公立医院,三甲,专科医院,
新余市妇幼保健院,江西省,公立医院,三甲,专科医院,
新余市中医院,江西省,公立医院,三甲,专科医院,
宜春市中医院,江西省,公立医院,三甲,专科医院,
鹰潭市中医院,江西省,公立医院,三甲,专科医院,
南昌大学第一附属医院高新医院,江西省,公立医院,三乙,综合医院,
丰城市人民医院,江西省,公立医院,三乙,综合医院,
都昌县中医院,江西省,公立医院,三乙,专科医院,
江西省荣誉军人康复医院,江西省,公立医院,三乙,专科医院,
泰和县中医院,江西省,公立医院,三乙,专科医院,
修水县中医院,江西省,公立医院,三乙,专科医院,
宜春市妇幼保健院,江西省,公立医院,三乙,专科医院,
新钢中心医院,江西省,公立医院,三丙,综合医院,
江西省上犹县人民医院,江西省,公立医院,二甲,综合医院,
黎川县人民医院,江西省,公立医院,二甲,综合医院,
安福县人民医院,江西省,公立医院,二甲,综合医院,
安义县人民医院,江西省,公立医院,二甲,综合医院,
安义县中医院,江西省,公立医院,二甲,综合医院,
安远县人民医院,江西省,公立医院,二甲,综合医院,
崇仁县人民医院,江西省,公立医院,二甲,综合医院,
崇义县人民医院,江西省,公立医院,二甲,综合医院,
大余县人民医院,江西省,公立医院,二甲,综合医院,
德安县人民医院,江西省,公立医院,二甲,综合医院,
德兴市大茅山企业集团职工医院,江西省,公立医院,二甲,综合医院,
德兴市人民医院,江西省,公立医院,二甲,综合医院,
定南县第一人民医院,江西省,公立医院,二甲,综合医院,
定南县人民医院,江西省,公立医院,二甲,综合医院,
定南中山医院,江西省,公立医院,二甲,综合医院,
都昌县人民医院,江西省,公立医院,二甲,综合医院,
丰城矿务局总医院,江西省,公立医院,二甲,综合医院,
丰城洛市矿务局职工医院,江西省,公立医院,二甲,综合医院,
奉新县人民医院,江西省,公立医院,二甲,综合医院,
分宜县人民医院,江西省,公立医院,二甲,综合医院,
抚州市第二医院,江西省,公立医院,二甲,综合医院,
抚州市东乡区人民医院,江西省,公立医院,二甲,综合医院,
抚州市临川区第三人民医院,江西省,公立医院,二甲,综合医院,
抚州市临川区人民医院,江西省,公立医院,二甲,综合医院,
赣县人民医院,江西省,公立医院,二甲,综合医院,
赣州东河医院,江西省,公立医院,二甲,综合医院,
赣州市南康区第一人民医院,江西省,公立医院,二甲,综合医院,
高安瑞州医院,江西省,公立医院,二甲,综合医院,
广昌县人民医院,江西省,公立医院,二甲,综合医院,
广丰区人民医院,江西省,公立医院,二甲,综合医院,
贵溪市人民医院,江西省,公立医院,二甲,综合医院,
横峰县人民医院,江西省,公立医院,二甲,综合医院,
会昌县人民医院,江西省,公立医院,二甲,综合医院,
湖口县人民医院,江西省,公立医院,二甲,综合医院,
江西凤凰第一医院,江西省,公立医院,二甲,综合医院,
江西桑海企业集团职工医院,江西省,公立医院,二甲,综合医院,
江西省蚕桑茶叶研究所职工医院,江西省,公立医院,二甲,综合医院,
江西省长征医院,江西省,公立医院,二甲,综合医院,
江西中医学院第四附属医院,江西省,公立医院,二甲,综合医院,
江西中医药高等专科学校附属医院,江西省,公立医院,二甲,综合医院,
吉安市第一人民医院,江西省,公立医院,二甲,综合医院,
吉安县人民医院,江西省,公立医院,二甲,综合医院,
靖安县人民医院,江西省,公立医院,二甲,综合医院,
景德镇市三三五医院,江西省,公立医院,二甲,综合医院,
进贤县人民医院,江西省,公立医院,二甲,综合医院,
金溪县人民医院,江西省,公立医院,二甲,综合医院,
吉水县人民医院,江西省,公立医院,二甲,综合医院,
九江市柴桑区人民医院,江西省,公立医院,二甲,综合医院,
九江市第六人民医院,江西省,公立医院,二甲,综合医院,
九江石化医院,江西省,公立医院,二甲,综合医院,
乐安县人民医院,江西省,公立医院,二甲,综合医院,
乐平市人民医院,江西省,公立医院,二甲,综合医院,
莲花县人民医院,江西省,公立医院,二甲,综合医院,
龙南县人民医院,江西省,公立医院,二甲,综合医院,
庐山市人民医院,江西省,公立医院,二甲,综合医院,
芦溪县人民医院,江西省,公立医院,二甲,综合医院,
南昌大学景德镇医院,江西省,公立医院,二甲,综合医院,
南昌大学萍乡医院,江西省,公立医院,二甲,综合医院,https://jxams.ncu.edu.cn
南昌大学鹰潭医院,江西省,公立医院,二甲,综合医院,
南昌钢铁公司职工医院,江西省,公立医院,二甲,综合医院,
南昌市高新医院,江西省,公立医院,二甲,综合医院,
南昌市新建区人民医院,江西省,公立医院,二甲,综合医院,
南昌县人民医院,江西省,公立医院,二甲,综合医院,
南城县人民医院,江西省,公立医院,二甲,综合医院,
南丰县人民医院,江西省,公立医院,二甲,综合医院,
彭泽县人民医院,江西省,公立医院,二甲,综合医院,
萍乡市湘东区人民医院,江西省,公立医院,二甲,综合医院,
鄱阳县人民医院,江西省,公立医院,二甲,综合医院,
全南县人民医院,江西省,公立医院,二甲,综合医院,
瑞昌市人民医院,江西省,公立医院,二甲,综合医院,
上栗县人民医院,江西省,公立医院,二甲,综合医院,
上犹县人民医院,江西省,公立医院,二甲,综合医院,
石城县人民医院,江西省,公立医院,二甲,综合医院,
遂川县人民医院,江西省,公立医院,二甲,综合医院,
泰和县人民医院,江西省,公立医院,二甲,综合医院,
天津长芦海晶集团有限公司医院,江西省,公立医院,二甲,综合医院,
铜鼓县人民医院,江西省,公立医院,二甲,综合医院,
万安县人民医院,江西省,公立医院,二甲,综合医院,
万年县人民医院,江西省,公立医院,二甲,综合医院,
万载县人民医院,江西省,公立医院,二甲,综合医院,
武宁县人民医院,江西省,公立医院,二甲,综合医院,
婺源县人民医院,江西省,公立医院,二甲,综合医院,
峡江县人民医院,江西省,公立医院,二甲,综合医院,
信丰县人民医院,江西省,公立医院,二甲,综合医院,
新钢公司第一医院,江西省,公立医院,二甲,综合医院,
新干县人民医院,江西省,公立医院,二甲,综合医院,
兴国县第二医院,江西省,公立医院,二甲,综合医院,
兴国县人民医院,江西省,公立医院,二甲,综合医院,
新余市第二人民医院,江西省,公立医院,二甲,综合医院,
寻乌县人民医院,江西省,公立医院,二甲,综合医院,
铅山县人民医院,江西省,公立医院,二甲,综合医院,
宜春市第二人民医院,江西省,公立医院,二甲,综合医院,
宜春新建医院,江西省,公立医院,二甲,综合医院,
宜春学院第二附属医院,江西省,公立医院,二甲,综合医院,
宜丰县人民医院,江西省,公立医院,二甲,综合医院,
宜黄县人民医院,江西省,公立医院,二甲,综合医院,
弋阳县第二人民医院,江西省,公立医院,二甲,综合医院,
弋阳县人民医院,江西省,公立医院,二甲,综合医院,
永丰县人民医院,江西省,公立医院,二甲,综合医院,
永新县人民医院,江西省,公立医院,二甲,综合医院,
永修县人民医院,江西省,公立医院,二甲,综合医院,
袁州区红十字会医院,江西省,公立医院,二甲,综合医院,
余干县人民医院,江西省,公立医院,二甲,综合医院,
余江区人民医院,江西省,公立医院,二甲,综合医院,
玉山县人民医院,江西省,公立医院,二甲,综合医院,
樟树市人民医院,江西省,公立医院,二甲,综合医院,
中国第四冶金建设公司职工总医院,江西省,公立医院,二甲,综合医院,
资溪县人民医院,江西省,公立医院,二甲,综合医院,
崇义县中医院,江西省,公立医院,二甲,专科医院,
安福县中医院,江西省,公立医院,二甲,专科医院,
崇仁县中医院,江西省,公立医院,二甲,专科医院,
德安县中医院,江西省,公立医院,二甲,专科医院,
德兴市中医院,江西省,公立医院,二甲,专科医院,
定南县中医院,江西省,公立医院,二甲,专科医院,https://www.dingnan.gov.cn
东乡县妇幼保健院,江西省,公立医院,二甲,专科医院,
东乡县中医院,江西省,公立医院,二甲,专科医院,https://www.163.com
丰城市妇幼保健院,江西省,公立医院,二甲,专科医院,
奉新县中医院,江西省,公立医院,二甲,专科医院,
分宜县中医院,江西省,公立医院,二甲,专科医院,
抚州临川第三医院,江西省,公立医院,二甲,专科医院,
抚州市临川区第一中医院,江西省,公立医院,二甲,专科医院,
赣南中西医结合医院,江西省,公立医院,二甲,专科医院,
赣州市南康区中医院,江西省,公立医院,二甲,专科医院,
赣州市中西医结合医院,江西省,公立医院,二甲,专科医院,
高安市立医院,江西省,公立医院,二甲,专科医院,
高安市中医院,江西省,公立医院,二甲,专科医院,
贵溪市中医院,江西省,公立医院,二甲,专科医院,
会昌县妇幼保健院,江西省,公立医院,二甲,专科医院,
江西医学院上饶分院附属医院,江西省,公立医院,二甲,专科医院,
吉安市中医院,江西省,公立医院,二甲,专科医院,
吉安县妇幼保健院,江西省,公立医院,二甲,专科医院,
吉安县中医院,江西省,公立医院,二甲,专科医院,
靖安县中医院,江西省,公立医院,二甲,专科医院,
金溪县中医院,江西省,公立医院,二甲,专科医院,
吉水县中医院,江西省,公立医院,二甲,专科医院,
九江市濂溪区肿瘤内科医院,江西省,公立医院,二甲,专科医院,
九江县中医院,江西省,公立医院,二甲,专科医院,
乐安县中医院,江西省,公立医院,二甲,专科医院,
乐平市中医院,江西省,公立医院,二甲,专科医院,
黎川县中医院,江西省,公立医院,二甲,专科医院,
龙南县中医院,江西省,公立医院,二甲,专科医院,
芦溪县中医院,江西省,公立医院,二甲,专科医院,
南昌县中医院,江西省,公立医院,二甲,专科医院,
南城县中医院,江西省,公立医院,二甲,专科医院,
南丰县中医院,江西省,公立医院,二甲,专科医院,
宁都县中医院,江西省,公立医院,二甲,专科医院,
彭泽县妇幼保健院,江西省,公立医院,二甲,专科医院,
萍乡市第三人民医院,江西省,公立医院,二甲,专科医院,
萍乡市湘东区中医院,江西省,公立医院,二甲,专科医院,
全南县中医院,江西省,公立医院,二甲,专科医院,
瑞昌市中医院,江西省,公立医院,二甲,专科医院,
瑞金市妇幼保健院,江西省,公立医院,二甲,专科医院,
上高县中医院,江西省,公立医院,二甲,专科医院,
上栗县中医院,江西省,公立医院,二甲,专科医院,
上饶市广丰区中医院,江西省,公立医院,二甲,专科医院,
上饶市中医院,江西省,公立医院,二甲,专科医院,
上饶县中医院,江西省,公立医院,二甲,专科医院,
石城县中医院,江西省,公立医院,二甲,专科医院,
遂川县中医院,江西省,公立医院,二甲,专科医院,
万安县中医院,江西省,公立医院,二甲,专科医院,
万年县中医院,江西省,公立医院,二甲,专科医院,
万载县中医院,江西省,公立医院,二甲,专科医院,
武宁县妇幼保健院,江西省,公立医院,二甲,专科医院,
武宁县中医院,江西省,公立医院,二甲,专科医院,
婺源县中医院,江西省,公立医院,二甲,专科医院,
峡江县中医院,江西省,公立医院,二甲,专科医院,
信丰县中医院,江西省,公立医院,二甲,专科医院,
新干县妇幼保健所,江西省,公立医院,二甲,专科医院,
新干县中医院,江西省,公立医院,二甲,专科医院,
兴国县中医院,江西省,公立医院,二甲,专科医院,
修水县妇幼保健院,江西省,公立医院,二甲,专科医院,
宜丰县中医院,江西省,公立医院,二甲,专科医院,
宜黄县妇幼保健院,江西省,公立医院,二甲,专科医院,
永丰县中医院,江西省,公立医院,二甲,专科医院,
永新县中医院,江西省,公立医院,二甲,专科医院,
永修县中医院,江西省,公立医院,二甲,专科医院,
于都县妇幼保健院,江西省,公立医院,二甲,专科医院,
于都县中医院,江西省,公立医院,二甲,专科医院,
余干县中医院,江西省,公立医院,二甲,专科医院,
余江县中医院,江西省,公立医院,二甲,专科医院,
玉山县中医院,江西省,公立医院,二甲,专科医院,
樟树市中医院,江西省,公立医院,二甲,专科医院,
资溪县妇幼保健所,江西省,公立医院,二甲,专科医院,
抚州市临川区第二人民医院,江西省,公立医院,二乙,综合医院,
国营七二一矿职工医院,江西省,公立医院,二乙,综合医院,
江铜集团银山医院,江西省,公立医院,二乙,综合医院,
吉安市第二人民医院,江西省,公立医院,二乙,综合医院,
井冈山市人民医院,江西省,公立医院,二乙,综合医院,
六二一四医院,江西省,公立医院,二乙,综合医院,
南昌大学向塘医院,江西省,公立医院,二乙,综合医院,
修水县第二人民医院,江西省,公立医院,二乙,综合医院,
于都县第二人民医院,江西省,公立医院,二乙,综合医院,
广昌县中医院,江西省,公立医院,二乙,专科医院,
景德镇市第四人民医院,江西省,公立医院,二乙,专科医院,
星子县中医院,江西省,公立医院,二乙,专科医院,
资溪县中医院,江西省,公立医院,二乙,专科医院,
上饶市第五人民医院,江西省,私立医院,三甲,专科医院,
江西中寰医院,江西省,私立医院,三乙,综合医院,
昌江医院,江西省,私立医院,二甲,综合医院,
赣南医学院第二附属医院,江西省,私立医院,二甲,综合医院,
抚州市第五医院,江西省,私立医院,二甲,综合医院,
上饶东方医院,江西省,私立医院,二甲,综合医院,
宜春浙赣友好医院,江西省,私立医院,二甲,综合医院,
樟树清江医院,江西省,私立医院,二甲,综合医院,
定南县妇幼保健院,江西省,私立医院,二甲,专科医院,
奉新第二中医院,江西省,私立医院,二甲,专科医院,
会昌县中医院,江西省,私立医院,二甲,专科医院,
龙南县妇幼保健院,江西省,私立医院,二甲,专科医院,
玉山博爱医院,江西省,私立医院,二乙,综合医院,
崇仁同造血液透析中心,江西省,私立医院,二乙,专科医院,
东乡骨伤科医院,江西省,私立医院,二乙,专科医院,
乐平精神病医院,江西省,私立医院,二乙,专科医院,
萍乡赣西肿瘤医院,江西省,私立医院,二丙,综合医院,
南昌城南医院,江西省,私立医院,一级,综合医院,
赤峰市宁城县中心医院,内蒙古自治区,公立医院,三甲,综合医院,
鄂尔多斯市中医医院,内蒙古自治区,公立医院,三甲,综合医院,
内蒙古包钢医院,内蒙古自治区,公立医院,三甲,综合医院,
乌兰察布市中心医院,内蒙古自治区,公立医院,三甲,综合医院,
包钢集团第三职工医院,内蒙古自治区,公立医院,三甲,综合医院,
包头市中心医院,内蒙古自治区,公立医院,三甲,综合医院,
巴彦淖尔市医院,内蒙古自治区,公立医院,三甲,综合医院,
赤峰市医院,内蒙古自治区,公立医院,三甲,综合医院,
赤峰学院附属医院,内蒙古自治区,公立医院,三甲,综合医院,
鄂尔多斯市中心医院,内蒙古自治区,公立医院,三甲,综合医院,
呼伦贝尔市第二人民医院,内蒙古自治区,公立医院,三甲,综合医院,
呼伦贝尔市人民医院,内蒙古自治区,公立医院,三甲,综合医院,
内蒙古北方医院,内蒙古自治区,公立医院,三甲,综合医院,https://www.gybfyy.cn
内蒙古第四医院,内蒙古自治区,公立医院,三甲,综合医院,
内蒙古科技大学第一附属医院,内蒙古自治区,公立医院,三甲,综合医院,https://www.nkdbyyfy.cn
内蒙古林业总医院,内蒙古自治区,公立医院,三甲,综合医院,http://www.nmglyzyy.cn
内蒙古民族大学附属医院,内蒙古自治区,公立医院,三甲,综合医院,https://www.nmgmzdxfsyy.com
内蒙古医科大学附属医院,内蒙古自治区,公立医院,三甲,综合医院,
内蒙古自治区人民医院,内蒙古自治区,公立医院,三甲,综合医院,
通辽市蒙医整骨医院,内蒙古自治区,公立医院,三甲,综合医院,https://myzgyy.cn
通辽市医院,内蒙古自治区,公立医院,三甲,综合医院,
乌海市人民医院,内蒙古自治区,公立医院,三甲,综合医院,
武警内蒙古总队医院,内蒙古自治区,公立医院,三甲,综合医院,
中国人民解放军联勤保障部队第九六九医院,内蒙古自治区,公立医院,三甲,综合医院,
包头市肿瘤医院,内蒙古自治区,公立医院,三甲,专科医院,
内蒙古自治区中医医院,内蒙古自治区,公立医院,三甲,专科医院,
包头市第七医院,内蒙古自治区,公立医院,三甲,专科医院,
包头市蒙医中医院,内蒙古自治区,公立医院,三甲,专科医院,
巴彦淖尔市中医院,内蒙古自治区,公立医院,三甲,专科医院,
呼和浩特市第二医院,内蒙古自治区,公立医院,三甲,专科医院,
内蒙古妇幼保健院,内蒙古自治区,公立医院,三甲,专科医院,
内蒙古医科大学第二附属医院,内蒙古自治区,公立医院,三甲,专科医院,
内蒙古医科大学附属人民医院,内蒙古自治区,公立医院,三甲,专科医院,
内蒙古自治区精神卫生中心,内蒙古自治区,公立医院,三甲,专科医院,
通辽市传染病医院,内蒙古自治区,公立医院,三甲,专科医院,
锡林郭勒盟蒙医医院,内蒙古自治区,公立医院,三甲,专科医院,
包头医学院第二附属医院,内蒙古自治区,公立医院,三乙,综合医院,
锡林郭勒盟中心医院,内蒙古自治区,公立医院,三乙,综合医院,
巴林左旗蒙医中医医院,内蒙古自治区,公立医院,三乙,综合医院,
赤峰市第二医院,内蒙古自治区,公立医院,三乙,综合医院,
呼和浩特市第一医院,内蒙古自治区,公立医院,三乙,综合医院,
呼和浩特市中蒙医院,内蒙古自治区,公立医院,三乙,综合医院,
锡林郭勒盟医院,内蒙古自治区,公立医院,三乙,综合医院,
兴安盟人民医院,内蒙古自治区,公立医院,三乙,综合医院,
扎兰屯市中蒙医院,内蒙古自治区,公立医院,三乙,综合医院,
准格尔旗中蒙医院,内蒙古自治区,公立医院,三乙,综合医院,
阿鲁科尔沁旗中医医院,内蒙古自治区,公立医院,三乙,专科医院,
呼伦贝尔市中蒙医院,内蒙古自治区,公立医院,三乙,专科医院,
四子王旗中西医结合医院,内蒙古自治区,公立医院,三乙,专科医院,
乌海市蒙中医院,内蒙古自治区,公立医院,三乙,专科医院,
阿鲁科尔沁旗医院,内蒙古自治区,公立医院,二甲,综合医院,
敖汉旗蒙医中医医院,内蒙古自治区,公立医院,二甲,综合医院,
敖汉旗医院,内蒙古自治区,公立医院,二甲,综合医院,
阿荣旗人民医院,内蒙古自治区,公立医院,二甲,综合医院,
阿荣旗中蒙医院,内蒙古自治区,公立医院,二甲,综合医院,
巴林右旗人民医院,内蒙古自治区,公立医院,二甲,综合医院,
巴林右旗医院,内蒙古自治区,公立医院,二甲,综合医院,
巴林左旗医院,内蒙古自治区,公立医院,二甲,综合医院,
包头矿务局医院,内蒙古自治区,公立医院,二甲,综合医院,
包头市九原区蒙医中医医院,内蒙古自治区,公立医院,二甲,综合医院,
包头市土默特右旗医院,内蒙古自治区,公立医院,二甲,综合医院,
包头市中心医院固阳分院,内蒙古自治区,公立医院,二甲,综合医院,
巴彦淖尔市临河人民医院,内蒙古自治区,公立医院,二甲,综合医院,
赤峰市第二蒙医中医医院,内蒙古自治区,公立医院,二甲,综合医院,
赤峰市平庄矿区总医院,内蒙古自治区,公立医院,二甲,综合医院,
赤峰市中蒙医院,内蒙古自治区,公立医院,二甲,综合医院,
达茂联合旗人民医院,内蒙古自治区,公立医院,二甲,综合医院,
磴口县人民医院,内蒙古自治区,公立医院,二甲,综合医院,
多伦县人民医院,内蒙古自治区,公立医院,二甲,综合医院,
鄂尔多斯市东胜区人民医院,内蒙古自治区,公立医院,二甲,综合医院,
鄂温克族自治旗蒙医医院,内蒙古自治区,公立医院,二甲,综合医院,
根河市人民医院,内蒙古自治区,公立医院,二甲,综合医院,
国营202厂职工医院,内蒙古自治区,公立医院,二甲,综合医院,
固阳县医院,内蒙古自治区,公立医院,二甲,综合医院,
海拉尔农垦总医院,内蒙古自治区,公立医院,二甲,综合医院,https://www.meipian.cn
杭锦后旗人民医院,内蒙古自治区,公立医院,二甲,综合医院,
杭锦后旗医院,内蒙古自治区,公立医院,二甲,综合医院,
呼和浩特市新城区医院,内蒙古自治区,公立医院,二甲,综合医院,
呼伦贝尔市海拉尔区人民医院,内蒙古自治区,公立医院,二甲,综合医院,
呼伦贝尔市蒙医医院,内蒙古自治区,公立医院,二甲,综合医院,
霍林郭勒市人民医院,内蒙古自治区,公立医院,二甲,综合医院,
集宁市人民医院,内蒙古自治区,公立医院,二甲,综合医院,
开鲁县县医院,内蒙古自治区,公立医院,二甲,综合医院,
科尔沁左翼后旗人民医院,内蒙古自治区,公立医院,二甲,综合医院,
克什克腾旗医院,内蒙古自治区,公立医院,二甲,综合医院,
科右前旗人民医院,内蒙古自治区,公立医院,二甲,综合医院,
科左后旗第二人民医院,内蒙古自治区,公立医院,二甲,综合医院,
库伦旗蒙医医院,内蒙古自治区,公立医院,二甲,综合医院,
库伦旗医院,内蒙古自治区,公立医院,二甲,综合医院,
林西县中蒙医院,内蒙古自治区,公立医院,二甲,综合医院,
满洲里市人民医院,内蒙古自治区,公立医院,二甲,综合医院,
莫力达瓦达斡尔族自治旗人民医院,内蒙古自治区,公立医院,二甲,综合医院,
内蒙赤峰宝山医院,内蒙古自治区,公立医院,二甲,综合医院,
内蒙古科技大学第四附属医院,内蒙古自治区,公立医院,二甲,综合医院,
内蒙古准格尔煤炭工业公司职工总医院,内蒙古自治区,公立医院,二甲,综合医院,
内蒙古自治区通辽市科左中旗医院,内蒙古自治区,公立医院,二甲,综合医院,
通辽市第二人民医院,内蒙古自治区,公立医院,二甲,综合医院,
通辽市科尔沁左翼中旗中心医院,内蒙古自治区,公立医院,二甲,综合医院,
通辽市奈曼旗人民医院,内蒙古自治区,公立医院,二甲,综合医院,
翁牛特旗医院,内蒙古自治区,公立医院,二甲,综合医院,
乌达中心医院,内蒙古自治区,公立医院,二甲,综合医院,
乌兰察布医学高等专科学校附属医院,内蒙古自治区,公立医院,二甲,综合医院,
乌兰浩特市人民医院,内蒙古自治区,公立医院,二甲,综合医院,
乌兰浩特市中西医结合医院,内蒙古自治区,公立医院,二甲,综合医院,
乌拉特前旗蒙医中医医院,内蒙古自治区,公立医院,二甲,综合医院,http://www.wltqqmzyyy.com
乌拉特前旗人民医院,内蒙古自治区,公立医院,二甲,综合医院,
新巴尔虎左旗人民医院,内蒙古自治区,公立医院,二甲,综合医院,
牙克石市人民医院,内蒙古自治区,公立医院,二甲,综合医院,
牙克石市中蒙医院,内蒙古自治区,公立医院,二甲,综合医院,
扎鲁特旗人民医院,内蒙古自治区,公立医院,二甲,综合医院,
扎赉诺尔矿务局西山矿职工医院,内蒙古自治区,公立医院,二甲,综合医院,
扎赉特旗人民医院,内蒙古自治区,公立医院,二甲,综合医院,
扎兰屯市医院,内蒙古自治区,公立医院,二甲,综合医院,
扎煤公司总医院,内蒙古自治区,公立医院,二甲,综合医院,
中国人民解放军第二九一医院,内蒙古自治区,公立医院,二甲,综合医院,
准格尔旗人民医院,内蒙古自治区,公立医院,二甲,综合医院,
准格尔旗中心医院,内蒙古自治区,公立医院,二甲,综合医院,
包头市第六医院,内蒙古自治区,公立医院,二甲,专科医院,
包头市青山区中医院,内蒙古自治区,公立医院,二甲,专科医院,
巴彦淖尔市红十字临河张利民眼科医院,内蒙古自治区,公立医院,二甲,专科医院,
巴彦淖尔市口腔医院,内蒙古自治区,公立医院,二甲,专科医院,
赤峰宝山中医院,内蒙古自治区,公立医院,二甲,专科医院,
达拉特旗中蒙医院,内蒙古自治区,公立医院,二甲,专科医院,
磴口县蒙中医医院,内蒙古自治区,公立医院,二甲,专科医院,
鄂尔多斯市第二人民医院,内蒙古自治区,公立医院,二甲,专科医院,
杭锦后旗妇幼保健院,内蒙古自治区,公立医院,二甲,专科医院,
呼伦贝尔市海拉尔区传染病院,内蒙古自治区,公立医院,二甲,专科医院,
科尔沁左翼中旗中医医院,内蒙古自治区,公立医院,二甲,专科医院,
内蒙古通辽市科尔沁区妇幼保健院,内蒙古自治区,公立医院,二甲,专科医院,
内蒙古乌海市海渤湾区中医院,内蒙古自治区,公立医院,二甲,专科医院,
商都县中医院,内蒙古自治区,公立医院,二甲,专科医院,
通辽市妇幼保健所,内蒙古自治区,公立医院,二甲,专科医院,
通辽市妇幼保健院,内蒙古自治区,公立医院,二甲,专科医院,http://www.tlsfcyy.net
通辽市中医院,内蒙古自治区,公立医院,二甲,专科医院,
突泉县中医医院,内蒙古自治区,公立医院,二甲,专科医院,
翁牛特旗中蒙医院,内蒙古自治区,公立医院,二甲,专科医院,
乌海市海勃湾区中医院,内蒙古自治区,公立医院,二甲,专科医院,
五原县中蒙医院,内蒙古自治区,公立医院,二甲,专科医院,
扎赉特旗蒙医院,内蒙古自治区,公立医院,二甲,专科医院,
正蓝旗蒙医医院,内蒙古自治区,公立医院,二甲,专科医院,
阿尔山市医院,内蒙古自治区,公立医院,二乙,综合医院,
阿拉善右旗人民医院,内蒙古自治区,公立医院,二乙,综合医院,
阿拉善左旗人民医院,内蒙古自治区,公立医院,二乙,综合医院,
阿里河林业局职工医院,内蒙古自治区,公立医院,二乙,综合医院,
包铝集团医院,内蒙古自治区,公立医院,二乙,综合医院,
包头市白云矿区医院,内蒙古自治区,公立医院,二乙,综合医院,
包头市纺织总厂职工医院,内蒙古自治区,公立医院,二乙,综合医院,
察右后旗中心医院,内蒙古自治区,公立医院,二乙,综合医院,
察右中旗医院,内蒙古自治区,公立医院,二乙,综合医院,
陈巴尔虎旗宝日希勒煤矿职工医院,内蒙古自治区,公立医院,二乙,综合医院,
大兴安岭林管局根河林业局职工医院,内蒙古自治区,公立医院,二乙,综合医院,
东乌珠穆沁旗人民医院,内蒙古自治区,公立医院,二乙,综合医院,
额尔古纳市人民医院,内蒙古自治区,公立医院,二乙,综合医院,
额尔古纳市中蒙医院,内蒙古自治区,公立医院,二乙,综合医院,
额济纳旗人民医院,内蒙古自治区,公立医院,二乙,综合医院,
鄂伦春自治旗第二人民医院,内蒙古自治区,公立医院,二乙,综合医院,
鄂伦春自治旗第一人民医院,内蒙古自治区,公立医院,二乙,综合医院,
鄂托克前旗人民医院,内蒙古自治区,公立医院,二乙,综合医院,
鄂托克旗医院,内蒙古自治区,公立医院,二乙,综合医院,
鄂温克族自治旗人民医院,内蒙古自治区,公立医院,二乙,综合医院,
丰镇市人民医院,内蒙古自治区,公立医院,二乙,综合医院,
固阳县人民医院,内蒙古自治区,公立医院,二乙,综合医院,
海拉尔铁路医院,内蒙古自治区,公立医院,二乙,综合医院,
和林格尔县人民医院,内蒙古自治区,公立医院,二乙,综合医院,
华能伊敏煤电公司职工医院,内蒙古自治区,公立医院,二乙,综合医院,
呼和浩特市回民医院,内蒙古自治区,公立医院,二乙,综合医院,
呼和浩特市赛罕区二医院,内蒙古自治区,公立医院,二乙,综合医院,
呼和浩特市邮电医院,内蒙古自治区,公立医院,二乙,综合医院,
吉文林业局职工医院,内蒙古自治区,公立医院,二乙,综合医院,
喀喇沁旗医院,内蒙古自治区,公立医院,二乙,综合医院,
喀喇沁旗中蒙医院,内蒙古自治区,公立医院,二乙,综合医院,
科尔沁右翼中旗人民医院,内蒙古自治区,公立医院,二乙,综合医院,
凉城县医院,内蒙古自治区,公立医院,二乙,综合医院,
满洲里市第二医院,内蒙古自治区,公立医院,二乙,综合医院,
满洲里市中蒙医院,内蒙古自治区,公立医院,二乙,综合医院,
莫力达瓦达斡尔族自治旗中蒙医院,内蒙古自治区,公立医院,二乙,综合医院,
内蒙古呼伦贝尔市莫旗人民医院,内蒙古自治区,公立医院,二乙,综合医院,
内蒙古监狱管理局第二医院,内蒙古自治区,公立医院,二乙,综合医院,
内蒙古监狱管理局中心医院,内蒙古自治区,公立医院,二乙,综合医院,
内蒙古科尔沁右翼中旗济困医院,内蒙古自治区,公立医院,二乙,综合医院,
内蒙古自治区包头钢铁公司第三医院,内蒙古自治区,公立医院,二乙,综合医院,
内蒙古自治区锡林郭勒盟苏尼特左旗蒙医医院,内蒙古自治区,公立医院,二乙,综合医院,
商都县人民医院,内蒙古自治区,公立医院,二乙,综合医院,
四子王旗人民医院,内蒙古自治区,公立医院,二乙,综合医院,
苏尼特左旗医院,内蒙古自治区,公立医院,二乙,综合医院,
太仆寺旗医院,内蒙古自治区,公立医院,二乙,综合医院,
土默特左旗人民医院,内蒙古自治区,公立医院,二乙,综合医院,
托克托县医院,内蒙古自治区,公立医院,二乙,综合医院,
突泉县人民医院,内蒙古自治区,公立医院,二乙,综合医院,
武川县医院,内蒙古自治区,公立医院,二乙,综合医院,http://mgl.wuchuan.gov.cn
乌海市第三人民医院,内蒙古自治区,公立医院,二乙,综合医院,
乌兰察布市第三医院,内蒙古自治区,公立医院,二乙,综合医院,https://www.wlcbzxyy.com
乌拉盖管理区医院,内蒙古自治区,公立医院,二乙,综合医院,http://mgl.wlgglq.gov.cn
乌拉特中旗人民医院,内蒙古自治区,公立医院,二乙,综合医院,
乌审旗人民医院,内蒙古自治区,公立医院,二乙,综合医院,
镶黄旗蒙医院,内蒙古自治区,公立医院,二乙,综合医院,
镶黄旗人民医院,内蒙古自治区,公立医院,二乙,综合医院,
锡林浩特市人民医院,内蒙古自治区,公立医院,二乙,综合医院,
新巴尔虎右旗蒙医院,内蒙古自治区,公立医院,二乙,综合医院,
兴和县医院,内蒙古自治区,公立医院,二乙,综合医院,
新右旗人民医院,内蒙古自治区,公立医院,二乙,综合医院,
西乌珠穆沁旗人民医院,内蒙古自治区,公立医院,二乙,综合医院,
牙克石市伊图里河医院,内蒙古自治区,公立医院,二乙,综合医院,
伊金霍洛旗人民医院,内蒙古自治区,公立医院,二乙,综合医院,
伊金霍洛旗医院,内蒙古自治区,公立医院,二乙,综合医院,
正蓝旗医院,内蒙古自治区,公立医院,二乙,综合医院,
正镶白旗蒙医院,内蒙古自治区,公立医院,二乙,综合医院,
正镶白旗医院,内蒙古自治区,公立医院,二乙,综合医院,
准格尔旗大路医院,内蒙古自治区,公立医院,二乙,综合医院,
卓资县人民医院,内蒙古自治区,公立医院,二乙,综合医院,
阿鲁科尔沁旗同济医院,内蒙古自治区,公立医院,二乙,专科医院,
赤峰市精神病防治院,内蒙古自治区,公立医院,二乙,专科医院,
多伦县中医院,内蒙古自治区,公立医院,二乙,专科医院,
鄂托克旗蒙医院,内蒙古自治区,公立医院,二乙,专科医院,
杭锦旗蒙医医院,内蒙古自治区,公立医院,二乙,专科医院,
呼和浩特市妇幼保健院,内蒙古自治区,公立医院,二乙,专科医院,
开鲁县中医医院,内蒙古自治区,公立医院,二乙,专科医院,
内蒙古科尔沁右翼中旗中医院,内蒙古自治区,公立医院,二乙,专科医院,
通辽市口腔医院,内蒙古自治区,公立医院,二乙,专科医院,
乌审旗蒙医综合医院,内蒙古自治区,公立医院,二乙,专科医院,
兴和县中医院,内蒙古自治区,公立医院,二乙,专科医院,
西乌珠穆沁旗蒙医医院,内蒙古自治区,公立医院,二乙,专科医院,
伊金霍洛旗妇幼保健院,内蒙古自治区,公立医院,二乙,专科医院,
额济纳旗蒙医医院,内蒙古自治区,公立医院,二丙,综合医院,
鄂伦春旗甘河镇中心卫生院,内蒙古自治区,公立医院,一甲,综合医院,
阿拉善盟蒙医医院,内蒙古自治区,私立医院,三甲,专科医院,
呼伦贝尔大雁医院,内蒙古自治区,私立医院,二甲,综合医院,
克什克腾旗蒙医中医医院,内蒙古自治区,私立医院,二甲,综合医院,
包头云龙骨科医院,内蒙古自治区,私立医院,二甲,专科医院,
鄂尔多斯市广厦医院,内蒙古自治区,私立医院,二乙,综合医院,
鄂尔多斯同仁医院,内蒙古自治区,私立医院,二乙,综合医院,
华通公乌素医院,内蒙古自治区,私立医院,二乙,综合医院,
呼和浩特市玉泉区红十字医院,内蒙古自治区,私立医院,二乙,综合医院,
乌海樱花医院,内蒙古自治区,私立医院,二乙,综合医院,
包头九州泌尿专科医院,内蒙古自治区,私立医院,二乙,专科医院,
呼和浩特弘济中医风湿病医院,内蒙古自治区,私立医院,二乙,专科医院,
内蒙古中安类风湿骨关节专科医院,内蒙古自治区,私立医院,二乙,专科医院,
锡林郭勒欧亚泌尿专科医院,内蒙古自治区,私立医院,二乙,专科医院,
定西市人民医院,甘肃省,公立医院,三甲,综合医院,
兰州大学第一医院,甘肃省,公立医院,三甲,综合医院,
天水市中医医院,甘肃省,公立医院,三甲,综合医院,
甘肃省第二人民医院,甘肃省,公立医院,三甲,综合医院,
甘肃省人民医院,甘肃省,公立医院,三甲,综合医院,
甘肃医学院附属医院,甘肃省,公立医院,三甲,综合医院,
甘肃中医药大学附属医院,甘肃省,公立医院,三甲,综合医院,
河西学院附属张掖人民医院,甘肃省,公立医院,三甲,综合医院,
酒泉市人民医院,甘肃省,公立医院,三甲,综合医院,
兰州大学第二医院,甘肃省,公立医院,三甲,综合医院,
兰州军区总医院安宁分院,甘肃省,公立医院,三甲,综合医院,
兰州市第一人民医院,甘肃省,公立医院,三甲,综合医院,http://www.lzdyyy.com
庆阳市人民医院,甘肃省,公立医院,三甲,综合医院,
天水市第一人民医院,甘肃省,公立医院,三甲,综合医院,
中国人民解放军第七医院,甘肃省,公立医院,三甲,综合医院,
中国人民解放军第一医院,甘肃省,公立医院,三甲,综合医院,
中国人民解放军联勤保障部队第九四〇医院,甘肃省,公立医院,三甲,综合医院,
甘肃省武威肿瘤医院,甘肃省,公立医院,三甲,专科医院,
兰州大学口腔医院,甘肃省,公立医院,三甲,专科医院,
甘肃省康复中心医院,甘肃省,公立医院,三甲,专科医院,
甘肃省肿瘤医院,甘肃省,公立医院,三甲,专科医院,
甘肃省中医院,甘肃省,公立医院,三甲,专科医院,
庆阳市中医医院,甘肃省,公立医院,三甲,专科医院,
天水市中西医结合医院,甘肃省,公立医院,三甲,专科医院,
兰州石化总医院,甘肃省,公立医院,三乙,综合医院,
白银市第二人民医院,甘肃省,公立医院,三乙,综合医院,
白银市第一人民医院,甘肃省,公立医院,三乙,综合医院,
白银市中心医院,甘肃省,公立医院,三乙,综合医院,
嘉峪关市第一人民医院,甘肃省,公立医院,三乙,综合医院,
金川集团职工医院,甘肃省,公立医院,三乙,综合医院,
酒钢医院,甘肃省,公立医院,三乙,综合医院,
兰州市城关区第二人民医院,甘肃省,公立医院,三乙,综合医院,
临夏市人民医院,甘肃省,公立医院,三乙,综合医院,
临夏州人民医院,甘肃省,公立医院,三乙,综合医院,
陇南市第一人民医院,甘肃省,公立医院,三乙,综合医院,
平凉市第二人民医院,甘肃省,公立医院,三乙,综合医院,
庆阳长庆局职工医院,甘肃省,公立医院,三乙,综合医院,
武警甘肃省总队医院,甘肃省,公立医院,三乙,综合医院,
武威市凉州医院,甘肃省,公立医院,三乙,综合医院,
武威市人民医院,甘肃省,公立医院,三乙,综合医院,
西安宝石花长庆职工医院,甘肃省,公立医院,三乙,综合医院,
窑街煤电公司总医院,甘肃省,公立医院,三乙,综合医院,
中国人民解放军第513医院,甘肃省,公立医院,三乙,综合医院,
中国人民解放军联勤保障部队九四三医院,甘肃省,公立医院,三乙,综合医院,
甘肃省武威市中医医院,甘肃省,公立医院,三乙,专科医院,
武威市凉州区中医院,甘肃省,公立医院,三乙,专科医院,
安定区第二医院,甘肃省,公立医院,二甲,综合医院,
崇信县人民医院,甘肃省,公立医院,二甲,综合医院,
宕昌县人民医院,甘肃省,公立医院,二甲,综合医院,
迭部县人民医院,甘肃省,公立医院,二甲,综合医院,
敦煌市医院,甘肃省,公立医院,二甲,综合医院,
甘谷县人民医院,甘肃省,公立医院,二甲,综合医院,
甘肃成县人民医院,甘肃省,公立医院,二甲,综合医院,
甘肃圣德瑞康医院,甘肃省,公立医院,二甲,综合医院,
甘肃省酒泉农垦职工医院,甘肃省,公立医院,二甲,综合医院,
甘肃省人民医院红古分院,甘肃省,公立医院,二甲,综合医院,
甘肃省人民医院西院区,甘肃省,公立医院,二甲,综合医院,
甘州区人民医院,甘肃省,公立医院,二甲,综合医院,
皋兰县人民医院,甘肃省,公立医院,二甲,综合医院,
高台县人民医院,甘肃省,公立医院,二甲,综合医院,
瓜州县人民医院,甘肃省,公立医院,二甲,综合医院,
古浪县人民医院,甘肃省,公立医院,二甲,综合医院,
国营五Ｏ四厂职工医院,甘肃省,公立医院,二甲,综合医院,
和政县人民医院,甘肃省,公立医院,二甲,综合医院,
华池县第二人民医院,甘肃省,公立医院,二甲,综合医院,
华池县人民医院,甘肃省,公立医院,二甲,综合医院,
华亭煤业集团公司总医院,甘肃省,公立医院,二甲,综合医院,
华亭市人民医院,甘肃省,公立医院,二甲,综合医院,https://yyk.familydoctor.com.cn
华亭县第二人民医院,甘肃省,公立医院,二甲,综合医院,https://www.163.com
会宁县人民医院,甘肃省,公立医院,二甲,综合医院,
徽县人民医院,甘肃省,公立医院,二甲,综合医院,http://www.ahjzyy.cn
嘉峪关市第二人民医院,甘肃省,公立医院,二甲,综合医院,https://www.jyg.gov.cn
金昌市第一人民医院,甘肃省,公立医院,二甲,综合医院,
金昌市人民医院,甘肃省,公立医院,二甲,综合医院,
泾川县人民医院,甘肃省,公立医院,二甲,综合医院,http://www.ahjxyy.com
静宁县人民医院,甘肃省,公立医院,二甲,综合医院,
靖远县人民医院,甘肃省,公立医院,二甲,综合医院,
金塔县人民医院,甘肃省,公立医院,二甲,综合医院,
酒泉市第二人民医院,甘肃省,公立医院,二甲,综合医院,
酒泉市人民医院新城医院,甘肃省,公立医院,二甲,综合医院,
兰石医院,甘肃省,公立医院,二甲,综合医院,
兰州红十字康乐医院,甘肃省,公立医院,二甲,综合医院,
兰州炼油化工职工医院,甘肃省,公立医院,二甲,综合医院,
兰州市城关区人民医院,甘肃省,公立医院,二甲,综合医院,
兰州市西固区人民医院,甘肃省,公立医院,二甲,综合医院,
兰州市中医医院,甘肃省,公立医院,二甲,综合医院,http://www.lzszyyy.net
兰州新区中川人民医院,甘肃省,公立医院,二甲,综合医院,
灵台县人民医院,甘肃省,公立医院,二甲,综合医院,
临潭县第一人民医院,甘肃省,公立医院,二甲,综合医院,
临洮县人民医院,甘肃省,公立医院,二甲,综合医院,
临夏市民族医院,甘肃省,公立医院,二甲,综合医院,
临泽县人民医院,甘肃省,公立医院,二甲,综合医院,
陇南市康县第一人民医院,甘肃省,公立医院,二甲,综合医院,
陇南市武都区第一人民医院,甘肃省,公立医院,二甲,综合医院,
陇西县第二人民医院,甘肃省,公立医院,二甲,综合医院,
陇西县第一人民医院,甘肃省,公立医院,二甲,综合医院,
民勤县人民医院,甘肃省,公立医院,二甲,综合医院,
民乐县人民医院,甘肃省,公立医院,二甲,综合医院,
宁县第二人民医院,甘肃省,公立医院,二甲,综合医院,
平凉市第三人民医院,甘肃省,公立医院,二甲,综合医院,
秦安县人民医院,甘肃省,公立医院,二甲,综合医院,
青海石油管理局职工总医院,甘肃省,公立医院,二甲,综合医院,
清水县人民医院,甘肃省,公立医院,二甲,综合医院,
庆阳市环县人民医院,甘肃省,公立医院,二甲,综合医院,
庆阳市宁县人民医院,甘肃省,公立医院,二甲,综合医院,
庆阳市西峰区人民医院,甘肃省,公立医院,二甲,综合医院,
山丹县人民医院,甘肃省,公立医院,二甲,综合医院,
天水市第四人民医院,甘肃省,公立医院,二甲,综合医院,
天水市秦州区人民医院,甘肃省,公立医院,二甲,综合医院,
天祝县人民医院,甘肃省,公立医院,二甲,综合医院,
天祝藏族自治县藏医院,甘肃省,公立医院,二甲,综合医院,
通渭县人民医院,甘肃省,公立医院,二甲,综合医院,
渭源县人民医院,甘肃省,公立医院,二甲,综合医院,
武山县人民医院,甘肃省,公立医院,二甲,综合医院,
武威市第二人民医院,甘肃省,公立医院,二甲,综合医院,
武威市凉州区第三人民医院,甘肃省,公立医院,二甲,综合医院,
夏河县人民医院,甘肃省,公立医院,二甲,综合医院,
西和县人民医院,甘肃省,公立医院,二甲,综合医院,
永昌县人民医院,甘肃省,公立医院,二甲,综合医院,
永靖县人民医院,甘肃省,公立医院,二甲,综合医院,
玉门市第二人民医院,甘肃省,公立医院,二甲,综合医院,
玉门市第一人民医院,甘肃省,公立医院,二甲,综合医院,
玉门石油管理局职工医院,甘肃省,公立医院,二甲,综合医院,
榆中县第一人民医院,甘肃省,公立医院,二甲,综合医院,
张家川回族自治县第一人民医院,甘肃省,公立医院,二甲,综合医院,
正宁县第一人民医院,甘肃省,公立医院,二甲,综合医院,
镇原县第一人民医院,甘肃省,公立医院,二甲,综合医院,
中国八冶建设集团公司职工医院,甘肃省,公立医院,二甲,综合医院,http://www.8yjt.com
中核兰州铀浓缩有限公司职工医院,甘肃省,公立医院,二甲,综合医院,https://www.163.com
中核四〇四医院,甘肃省,公立医院,二甲,综合医院,http://www.zh404.cn
舟曲县人民医院,甘肃省,公立医院,二甲,综合医院,
庄浪县人民医院,甘肃省,公立医院,二甲,综合医院,
卓尼县人民医院,甘肃省,公立医院,二甲,综合医院,
敦煌市中医医院,甘肃省,公立医院,二甲,专科医院,
白银市中医院,甘肃省,公立医院,二甲,专科医院,
定西市中医院,甘肃省,公立医院,二甲,专科医院,
甘谷中医院,甘肃省,公立医院,二甲,专科医院,
甘肃省妇幼保健院,甘肃省,公立医院,二甲,专科医院,
甘肃省中医院榆中分院,甘肃省,公立医院,二甲,专科医院,
甘肃中医药大学附属医院西院,甘肃省,公立医院,二甲,专科医院,
古浪县中医院,甘肃省,公立医院,二甲,专科医院,
华亭县中医院,甘肃省,公立医院,二甲,专科医院,
会宁县中医院,甘肃省,公立医院,二甲,专科医院,
景泰县中医院,甘肃省,公立医院,二甲,专科医院,
靖远县中医院,甘肃省,公立医院,二甲,专科医院,
酒泉市中医院,甘肃省,公立医院,二甲,专科医院,
兰西铁路中医院,甘肃省,公立医院,二甲,专科医院,
兰州市第三人民医院,甘肃省,公立医院,二甲,专科医院,
兰州市肺科医院,甘肃省,公立医院,二甲,专科医院,
兰州市妇幼保健院,甘肃省,公立医院,二甲,专科医院,
兰州市社会福利精神病院,甘肃省,公立医院,二甲,专科医院,
兰州市西固区中医医院,甘肃省,公立医院,二甲,专科医院,
兰州市中医骨伤科医院,甘肃省,公立医院,二甲,专科医院,
灵台县皇甫谧中医院,甘肃省,公立医院,二甲,专科医院,
临洮县中医院,甘肃省,公立医院,二甲,专科医院,
临夏县中医院,甘肃省,公立医院,二甲,专科医院,
临夏州中医医院,甘肃省,公立医院,二甲,专科医院,
临泽县中医医院,甘肃省,公立医院,二甲,专科医院,
陇南市武都区中医院,甘肃省,公立医院,二甲,专科医院,
陇南市中医医院,甘肃省,公立医院,二甲,专科医院,
陇西县中医院,甘肃省,公立医院,二甲,专科医院,
民勤县中医院,甘肃省,公立医院,二甲,专科医院,
岷县中医院,甘肃省,公立医院,二甲,专科医院,
平凉市崆峒区妇幼保健院,甘肃省,公立医院,二甲,专科医院,
平凉市中医医院,甘肃省,公立医院,二甲,专科医院,
七里河区中医院,甘肃省,公立医院,二甲,专科医院,
庆城县岐伯中医医院,甘肃省,公立医院,二甲,专科医院,
庆城县岐伯中医院,甘肃省,公立医院,二甲,专科医院,
庆阳市妇幼保健院,甘肃省,公立医院,二甲,专科医院,
天水市麦积区中医院,甘肃省,公立医院,二甲,专科医院,
渭源县中西医结合医院,甘肃省,公立医院,二甲,专科医院,
榆中县中医院,甘肃省,公立医院,二甲,专科医院,
张家川县中医院,甘肃省,公立医院,二甲,专科医院,
张掖市中医医院,甘肃省,公立医院,二甲,专科医院,
庄浪县中医院,甘肃省,公立医院,二甲,专科医院,
阿克塞县人民医院,甘肃省,公立医院,二乙,综合医院,
长庆石油勘探局职工医院马岭分院,甘肃省,公立医院,二乙,综合医院,
定西市漳县人民医院,甘肃省,公立医院,二乙,综合医院,
兰州飞控仪器总厂职工医院,甘肃省,公立医院,二乙,综合医院,
兰州市安宁区万里医院,甘肃省,公立医院,二乙,综合医院,
两当县人民医院,甘肃省,公立医院,二乙,综合医院,
临潭县第二人民医院,甘肃省,公立医院,二乙,综合医院,
陇南市礼县第二人民医院,甘肃省,公立医院,二乙,综合医院,
陇南市文县第二人民医院,甘肃省,公立医院,二乙,综合医院,
玛曲县人民医院,甘肃省,公立医院,二乙,综合医院,
肃南县民族医院,甘肃省,公立医院,二乙,综合医院,http://www.gssn.gov.cn
肃南县人民医院,甘肃省,公立医院,二乙,综合医院,
西北有色冶金机械厂职工医院,甘肃省,公立医院,二乙,综合医院,http://www.xbysyy.cn
崇信县中医医院,甘肃省,公立医院,二乙,专科医院,
国营长风机器厂职工医院,甘肃省,公立医院,二乙,专科医院,https://gwmc.cn
徽县中医医院,甘肃省,公立医院,二乙,专科医院,
静宁县中医院,甘肃省,公立医院,二乙,专科医院,
清水县中医院,甘肃省,公立医院,二乙,专科医院,
甘南隆宝缘医院,甘肃省,私立医院,二甲,综合医院,
甘肃省酒钢集团兰泰医院,甘肃省,私立医院,二甲,综合医院,
天水广济医院,甘肃省,私立医院,二甲,综合医院,
天水四Ｏ七医院,甘肃省,私立医院,二甲,综合医院,
天水三阳医院,甘肃省,私立医院,二甲,专科医院,
天水华康中医康复医院,甘肃省,私立医院,二乙,专科医院,
兰州天伦不孕症医院,甘肃省,私立医院,未定级,专科医院,
喀什地区第一人民医院,新疆维吾尔自治区,公立医院,三甲,综合医院,
克拉玛依市中心医院,新疆维吾尔自治区,公立医院,三甲,综合医院,
石河子大学第一附属医院,新疆维吾尔自治区,公立医院,三甲,综合医院,
新疆生产建设兵团第七师医院,新疆维吾尔自治区,公立医院,三甲,综合医院,
新疆生产建设兵团第五师医院,新疆维吾尔自治区,公立医院,三甲,综合医院,
新疆生产建设兵团第一师医院,新疆维吾尔自治区,公立医院,三甲,综合医院,
新疆伊犁州奎屯医院,新疆维吾尔自治区,公立医院,三甲,综合医院,
浙大邵逸夫阿拉尔医院,新疆维吾尔自治区,公立医院,三甲,综合医院,
阿勒泰地区人民医院,新疆维吾尔自治区,公立医院,三甲,综合医院,
巴州人民医院,新疆维吾尔自治区,公立医院,三甲,综合医院,
昌吉州人民医院,新疆维吾尔自治区,公立医院,三甲,综合医院,
哈密市中心医院,新疆维吾尔自治区,公立医院,三甲,综合医院,
喀什地区第二人民医院,新疆维吾尔自治区,公立医院,三甲,综合医院,
武警新疆生产建设兵团指挥部医院,新疆维吾尔自治区,公立医院,三甲,综合医院,
乌鲁木齐市第一人民医院,新疆维吾尔自治区,公立医院,三甲,综合医院,
乌鲁木齐市友谊医院,新疆维吾尔自治区,公立医院,三甲,综合医院,
新疆兵团第十三师红星医院,新疆维吾尔自治区,公立医院,三甲,综合医院,
新疆和田地区人民医院,新疆维吾尔自治区,公立医院,三甲,综合医院,
新疆生产建设兵团总医院,新疆维吾尔自治区,公立医院,三甲,综合医院,
新疆石油管理局乌鲁木齐医院,新疆维吾尔自治区,公立医院,三甲,综合医院,https://m.120ask.com
新疆塔城地区人民医院,新疆维吾尔自治区,公立医院,三甲,综合医院,
新疆维吾尔自治区人民医院,新疆维吾尔自治区,公立医院,三甲,综合医院,
新疆维吾尔自治区维吾尔医医院,新疆维吾尔自治区,公立医院,三甲,综合医院,http://www.xjrmyy.com
新疆医科大学第二附属医院,新疆维吾尔自治区,公立医院,三甲,综合医院,
新疆医科大学第五附属医院,新疆维吾尔自治区,公立医院,三甲,综合医院,http://www.xydwfy.cn
新疆医科大学第一附属医院,新疆维吾尔自治区,公立医院,三甲,综合医院,
新疆伊犁哈萨克自治州友谊医院,新疆维吾尔自治区,公立医院,三甲,综合医院,
伊犁哈萨克自治州新华医院,新疆维吾尔自治区,公立医院,三甲,综合医院,
中国人民解放军第四七四医院,新疆维吾尔自治区,公立医院,三甲,综合医院,
中国人民解放军兰州军区乌鲁木齐总医院,新疆维吾尔自治区,公立医院,三甲,综合医院,
中国人民武装警察部队新疆总队医院,新疆维吾尔自治区,公立医院,三甲,综合医院,
新疆维吾尔自治区儿童医院,新疆维吾尔自治区,公立医院,三甲,专科医院,
昌吉州中医医院,新疆维吾尔自治区,公立医院,三甲,专科医院,
乌鲁木齐市第四人民医院,新疆维吾尔自治区,公立医院,三甲,专科医院,
乌鲁木齐市妇幼保健院,新疆维吾尔自治区,公立医院,三甲,专科医院,
乌鲁木齐市中医医院,新疆维吾尔自治区,公立医院,三甲,专科医院,
新疆维吾尔自治区胸科医院,新疆维吾尔自治区,公立医院,三甲,专科医院,
新疆维吾尔自治区中医医院,新疆维吾尔自治区,公立医院,三甲,专科医院,
新疆医科大学附属肿瘤医院,新疆维吾尔自治区,公立医院,三甲,专科医院,
伊犁州中医院,新疆维吾尔自治区,公立医院,三甲,专科医院,
新疆维吾尔自治区新疆伊犁地区人民医院,新疆维吾尔自治区,公立医院,三乙,综合医院,
新疆自治区人民医院第一附属医院,新疆维吾尔自治区,公立医院,三乙,综合医院,
中国人民解放军第十五医院,新疆维吾尔自治区,公立医院,三乙,综合医院,
昌吉市第二人民医院,新疆维吾尔自治区,公立医院,二甲,综合医院,
昌吉市人民医院,新疆维吾尔自治区,公立医院,二甲,综合医院,
新疆生产建设兵团第一师十二团医院,新疆维吾尔自治区,公立医院,二甲,综合医院,https://www.myzx.cn
新疆医科大学第一附属医院昌吉分院,新疆维吾尔自治区,公立医院,二甲,综合医院,https://m.youlai.cn
阿克苏拜城县人民医院,新疆维吾尔自治区,公立医院,二甲,综合医院,
阿克苏地区第二人民医院,新疆维吾尔自治区,公立医院,二甲,综合医院,
阿克苏地区第一人民医院,新疆维吾尔自治区,公立医院,二甲,综合医院,
阿克苏沙雅县人民医院,新疆维吾尔自治区,公立医院,二甲,综合医院,
阿克苏市兵团农一师一团职工医院,新疆维吾尔自治区,公立医院,二甲,综合医院,
阿克苏新和县人民医院,新疆维吾尔自治区,公立医院,二甲,综合医院,
阿克陶县人民医院,新疆维吾尔自治区,公立医院,二甲,综合医院,
阿勒泰市人民医院,新疆维吾尔自治区,公立医院,二甲,综合医院,
阿图什市人民医院,新疆维吾尔自治区,公立医院,二甲,综合医院,
巴楚县农三师五十三团医院,新疆维吾尔自治区,公立医院,二甲,综合医院,http://xjbtdysyy.com
巴州哈力馨蒙西医医院,新疆维吾尔自治区,公立医院,二甲,综合医院,
博尔塔拉州人民医院,新疆维吾尔自治区,公立医院,二甲,综合医院,
独山子人民医院,新疆维吾尔自治区,公立医院,二甲,综合医院,
福海县人民医院,新疆维吾尔自治区,公立医院,二甲,综合医院,
阜康市人民医院,新疆维吾尔自治区,公立医院,二甲,综合医院,http://www.fk.gov.cn
富蕴县人民医院,新疆维吾尔自治区,公立医院,二甲,综合医院,
哈密三道岭矿务局医院,新疆维吾尔自治区,公立医院,二甲,综合医院,
哈密市第二人民医院,新疆维吾尔自治区,公立医院,二甲,综合医院,
哈密市人民医院,新疆维吾尔自治区,公立医院,二甲,综合医院,
和静县人民医院,新疆维吾尔自治区,公立医院,二甲,综合医院,https://www.xjhj.gov.cn
霍城县第二人民医院,新疆维吾尔自治区,公立医院,二甲,综合医院,
霍城县第一人民医院,新疆维吾尔自治区,公立医院,二甲,综合医院,
呼图壁县人民医院,新疆维吾尔自治区,公立医院,二甲,综合医院,http://www.htb.gov.cn
吉木萨尔县人民医院,新疆维吾尔自治区,公立医院,二甲,综合医院,
精河县人民医院,新疆维吾尔自治区,公立医院,二甲,综合医院,
喀什地区维吾尔医医院,新疆维吾尔自治区,公立医院,二甲,综合医院,http://www.ksdqwweyyy.com
喀什市人民医院,新疆维吾尔自治区,公立医院,二甲,综合医院,
克拉玛依市第二人民医院,新疆维吾尔自治区,公立医院,二甲,综合医院,https://www.klmy.gov.cn
克拉玛依市人民医院,新疆维吾尔自治区,公立医院,二甲,综合医院,
克孜州人民医院,新疆维吾尔自治区,公立医院,二甲,综合医院,
库尔勒市第一人民医院,新疆维吾尔自治区,公立医院,二甲,综合医院,
洛浦县人民医院,新疆维吾尔自治区,公立医院,二甲,综合医院,
米东区人民医院,新疆维吾尔自治区,公立医院,二甲,综合医院,
尼勒克县人民医院,新疆维吾尔自治区,公立医院,二甲,综合医院,
农三师45团医院,新疆维吾尔自治区,公立医院,二甲,综合医院,http://xjbtdysyy.com
农十师北屯医院,新疆维吾尔自治区,公立医院,二甲,综合医院,
奇台县人民医院,新疆维吾尔自治区,公立医院,二甲,综合医院,
沙湾县人民医院,新疆维吾尔自治区,公立医院,二甲,综合医院,
沙湾县温泉医院,新疆维吾尔自治区,公立医院,二甲,综合医院,
石河子兵团农八师一四二团职工医院,新疆维吾尔自治区,公立医院,二甲,综合医院,
石河子兵团农八师一四三团职工医院,新疆维吾尔自治区,公立医院,二甲,综合医院,
石河子人民医院,新疆维吾尔自治区,公立医院,二甲,综合医院,
塔城市人民医院,新疆维吾尔自治区,公立医院,二甲,综合医院,
吐哈石油医院,新疆维吾尔自治区,公立医院,二甲,综合医院,
吐鲁番市高昌区人民医院,新疆维吾尔自治区,公立医院,二甲,综合医院,
吐鲁番市人民医院,新疆维吾尔自治区,公立医院,二甲,综合医院,
托克逊县人民医院,新疆维吾尔自治区,公立医院,二甲,综合医院,
托克逊县维吾尔医医院,新疆维吾尔自治区,公立医院,二甲,综合医院,
托里县人民医院,新疆维吾尔自治区,公立医院,二甲,综合医院,
温宿县人民医院,新疆维吾尔自治区,公立医院,二甲,综合医院,
武警8660部队医院,新疆维吾尔自治区,公立医院,二甲,综合医院,
乌鲁木齐市第一人民医院北院,新疆维吾尔自治区,公立医院,二甲,综合医院,
乌鲁木齐市头屯河区中心医院,新疆维吾尔自治区,公立医院,二甲,综合医院,
乌苏市人民医院,新疆维吾尔自治区,公立医院,二甲,综合医院,
新疆阿克苏乌什县人民医院,新疆维吾尔自治区,公立医院,二甲,综合医院,
新疆阿拉尔市人民医院,新疆维吾尔自治区,公立医院,二甲,综合医院,
新疆八一钢铁公司医院,新疆维吾尔自治区,公立医院,二甲,综合医院,
新疆兵团第三师医院,新疆维吾尔自治区,公立医院,二甲,综合医院,
新疆兵团哈管局红星医院,新疆维吾尔自治区,公立医院,二甲,综合医院,
新疆兵团六师呼图壁县芳草湖农场医院,新疆维吾尔自治区,公立医院,二甲,综合医院,
新疆兵团农二师库尔勒医院,新疆维吾尔自治区,公立医院,二甲,综合医院,
新疆兵团农六师奇台医院,新疆维吾尔自治区,公立医院,二甲,综合医院,
新疆兵团农六师医院,新疆维吾尔自治区,公立医院,二甲,综合医院,
新疆兵团农七师124团医院,新疆维吾尔自治区,公立医院,二甲,综合医院,
新疆兵团农七师125团医院,新疆维吾尔自治区,公立医院,二甲,综合医院,
新疆兵团农七师127团医院,新疆维吾尔自治区,公立医院,二甲,综合医院,
新疆兵团农四师医院,新疆维吾尔自治区,公立医院,二甲,综合医院,
新疆兵团农五师驻精河医院,新疆维吾尔自治区,公立医院,二甲,综合医院,
新疆博州人民医院,新疆维吾尔自治区,公立医院,二甲,综合医院,
新疆察布查尔锡伯自治县人民医院,新疆维吾尔自治区,公立医院,二甲,综合医院,
新疆阜康准东石油医院,新疆维吾尔自治区,公立医院,二甲,综合医院,
新疆和硕县人民医院,新疆维吾尔自治区,公立医院,二甲,综合医院,
新疆吉木萨尔县人民医院,新疆维吾尔自治区,公立医院,二甲,综合医院,
新疆喀什巴楚县人民医院,新疆维吾尔自治区,公立医院,二甲,综合医院,
新疆喀什伽师县人民医院,新疆维吾尔自治区,公立医院,二甲,综合医院,
新疆喀什岳普湖县人民医院,新疆维吾尔自治区,公立医院,二甲,综合医院,
新疆喀什泽普县人民医院,新疆维吾尔自治区,公立医院,二甲,综合医院,
新疆鄯善县人民医院,新疆维吾尔自治区,公立医院,二甲,综合医院,
新疆生产建设兵团第二师焉耆医院,新疆维吾尔自治区,公立医院,二甲,综合医院,
新疆生产建设兵团第六师医院,新疆维吾尔自治区,公立医院,二甲,综合医院,
新疆生产建设兵团农一师二团医院,新疆维吾尔自治区,公立医院,二甲,综合医院,
新疆生产建设兵团农一师林园医院,新疆维吾尔自治区,公立医院,二甲,综合医院,
新疆生产建设兵团农一师三团医院,新疆维吾尔自治区,公立医院,二甲,综合医院,
新疆生产建设兵团农一师十六团医院,新疆维吾尔自治区,公立医院,二甲,综合医院,
新疆生产建设兵团农一师五团医院,新疆维吾尔自治区,公立医院,二甲,综合医院,
新疆塔城额敏县人民医院,新疆维吾尔自治区,公立医院,二甲,综合医院,
新疆维吾尔自治区第二济困医院,新疆维吾尔自治区,公立医院,二甲,综合医院,
新疆维吾尔自治区第一济困医院,新疆维吾尔自治区,公立医院,二甲,综合医院,
新疆叶城县人民医院,新疆维吾尔自治区,公立医院,二甲,综合医院,
新疆医科大学第六附属医院,新疆维吾尔自治区,公立医院,二甲,综合医院,
新疆伊犁巩留县人民医院,新疆维吾尔自治区,公立医院,二甲,综合医院,
新疆伊犁州奎屯市兵团农七师车排子医院,新疆维吾尔自治区,公立医院,二甲,综合医院,
新疆尉犁县人民医院,新疆维吾尔自治区,公立医院,二甲,综合医院,
新源县人民医院,新疆维吾尔自治区,公立医院,二甲,综合医院,
西山铁路医院,新疆维吾尔自治区,公立医院,二甲,综合医院,
焉耆回族自治县人民医院,新疆维吾尔自治区,公立医院,二甲,综合医院,
英吉沙县人民医院,新疆维吾尔自治区,公立医院,二甲,综合医院,
伊宁市第十一医院,新疆维吾尔自治区,公立医院,二甲,综合医院,
伊宁市人民医院,新疆维吾尔自治区,公立医院,二甲,综合医院,
伊宁县人民医院,新疆维吾尔自治区,公立医院,二甲,综合医院,
于田县人民医院,新疆维吾尔自治区,公立医院,二甲,综合医院,
中国人民解放军第二七三医院,新疆维吾尔自治区,公立医院,二甲,综合医院,
中国人民解放军第十八医院,新疆维吾尔自治区,公立医院,二甲,综合医院,
阿克苏市中医院,新疆维吾尔自治区,公立医院,二甲,专科医院,
阜康市中医院,新疆维吾尔自治区,公立医院,二甲,专科医院,
巩留县中医医院,新疆维吾尔自治区,公立医院,二甲,专科医院,
霍城县中医院,新疆维吾尔自治区,公立医院,二甲,专科医院,
沙湾县中医院,新疆维吾尔自治区,公立医院,二甲,专科医院,
乌鲁木齐市米东区中医医院,新疆维吾尔自治区,公立医院,二甲,专科医院,
新疆兵团奎屯中医院,新疆维吾尔自治区,公立医院,二甲,专科医院,
新疆喀什莎车县精神病院,新疆维吾尔自治区,公立医院,二甲,专科医院,
伊宁县妇幼保健院,新疆维吾尔自治区,公立医院,二甲,专科医院,
伊宁县中医院,新疆维吾尔自治区,公立医院,二甲,专科医院,
和田县人民医院,新疆维吾尔自治区,公立医院,二乙,综合医院,
吉木乃县人民医院,新疆维吾尔自治区,公立医院,二乙,综合医院,
墨玉县人民医院,新疆维吾尔自治区,公立医院,二乙,综合医院,
农八师一三四团医院,新疆维吾尔自治区,公立医院,二乙,综合医院,
农三师图木舒克市人民医院,新疆维吾尔自治区,公立医院,二乙,综合医院,
武警新疆边防总队医院,新疆维吾尔自治区,公立医院,二乙,综合医院,
新疆阿克苏兵团农一师三团职工医院,新疆维吾尔自治区,公立医院,二乙,综合医院,
新疆阿克苏兵团农一师四团职工医院,新疆维吾尔自治区,公立医院,二乙,综合医院,
新疆兵团农二师二十九团医院,新疆维吾尔自治区,公立医院,二乙,综合医院,
新疆兵团农七师137团医院,新疆维吾尔自治区,公立医院,二乙,综合医院,
墨玉县妇幼保健院,新疆维吾尔自治区,公立医院,二乙,专科医院,
新疆佳音医院,新疆维吾尔自治区,私立医院,三甲,专科医院,http://www.jiayinyy.com
新疆心脑血管病医院,新疆维吾尔自治区,私立医院,三甲,专科医院,
新疆伊犁州奎屯市兵团农七师一三一团医院,新疆维吾尔自治区,私立医院,二甲,综合医院,https://wy.guahao.com
尼勒克县中医医院,新疆维吾尔自治区,私立医院,二甲,专科医院,
神农中医院,新疆维吾尔自治区,私立医院,二乙,专科医院,http://www.hfsnzyg.com
美奥创新口腔门诊部,新疆维吾尔自治区,私立医院,未定级,专科医院,http://pc.wuximyour.com
乌鲁木齐美奥口腔门诊,新疆维吾尔自治区,私立医院,未定级,专科医院,http://yd.wsmyour.com
拉萨市中心医院,西藏自治区,公立医院,三甲,综合医院,
西藏自治区人民医院,西藏自治区,公立医院,三甲,综合医院,
西藏自治区藏医院,西藏自治区,公立医院,三甲,综合医院,
中国人民解放军西藏军区总医院,西藏自治区,公立医院,三甲,综合医院,
昌都市人民医院,西藏自治区,公立医院,三乙,综合医院,https://k.sina.cn
措美县人民医院,西藏自治区,公立医院,二甲,综合医院,
定日县人民医院,西藏自治区,公立医院,二甲,综合医院,
拉萨市人民医院,西藏自治区,公立医院,二甲,综合医院,https://moa.tarph.com
申扎县人民医院,西藏自治区,公立医院,二甲,综合医院,
西藏林芝解放军第一一五医院,西藏自治区,公立医院,二甲,综合医院,
中国人民解放军第八医院,西藏自治区,公立医院,二甲,综合医院,https://www.qdby.com
中国人民武装警察部队西藏总队医院,西藏自治区,公立医院,二甲,综合医院,
日喀则地区藏医院,西藏自治区,公立医院,二甲,专科医院,https://www.xzzzqzyy.com
昂仁县人民医院,西藏自治区,公立医院,二乙,综合医院,http://www.arrmyy.cn
洛隆县人民医院,西藏自治区,公立医院,二乙,综合医院,http://www.bsllxyy.com
西藏自治区康马县人民医院,西藏自治区,公立医院,二乙,综合医院,https://herp.tarph.com
西藏林芝地区妇幼保健院,西藏自治区,公立医院,二乙,专科医院,http://xzfcetyy.cn
银川市第一人民医院,宁夏回族自治区,公立医院,三甲,综合医院,
宁夏回族自治区人民医院宁南医院,宁夏回族自治区,公立医院,三甲,综合医院,http://www.nnxrmyy.com
宁夏人民医院,宁夏回族自治区,公立医院,三甲,综合医院,http://www.nxrmyy.com
宁夏人民医院西夏医院,宁夏回族自治区,公立医院,三甲,综合医院,http://www.nxrmyy.com
宁夏医科大学总医院,宁夏回族自治区,公立医院,三甲,综合医院,https://www.nyfy.com.cn
中国人民解放军联勤保障部队第九四二医院,宁夏回族自治区,公立医院,三甲,综合医院,http://www.924yy.mil.cn
银川市妇幼保健院,宁夏回族自治区,公立医院,三甲,专科医院,https://m.youlai.cn
宁夏眼科医院,宁夏回族自治区,公立医院,三甲,专科医院,http://www.aier0951.com
宁夏中医医院,宁夏回族自治区,公立医院,三甲,专科医院,https://www.nxtcm.com
银川市中医医院,宁夏回族自治区,公立医院,三甲,专科医院,http://www.ycszyyy.com
固原市人民医院,宁夏回族自治区,公立医院,三乙,综合医院,https://www.gysrmyy.cn
宁夏第五人民医院,宁夏回族自治区,公立医院,三乙,综合医院,https://www.nxdwyy.cn
石嘴山市第二人民医院,宁夏回族自治区,公立医院,三乙,综合医院,
石嘴山市第一人民医院,宁夏回族自治区,公立医院,三乙,综合医院,https://www.dayi.org.cn
武警宁夏总队医院,宁夏回族自治区,公立医院,三乙,综合医院,https://m.jianke.com
吴忠市人民医院,宁夏回族自治区,公立医院,三乙,综合医院,https://www.nxwzrmyy.com
中卫市中医医院,宁夏回族自治区,公立医院,三乙,专科医院,
长庆油田钻井三公司职工医院,宁夏回族自治区,公立医院,二甲,综合医院,https://www.cnpc.com.cn
海原县人民医院,宁夏回族自治区,公立医院,二甲,综合医院,https://www.meipian.cn
贺兰县人民医院,宁夏回族自治区,公立医院,二甲,综合医院,
泾源县医院,宁夏回族自治区,公立医院,二甲,综合医院,https://www.nxjy.gov.cn
灵武市人民医院,宁夏回族自治区,公立医院,二甲,综合医院,
灵武中心医院,宁夏回族自治区,公立医院,二甲,综合医院,
隆德县人民医院,宁夏回族自治区,公立医院,二甲,综合医院,http://www.bsllxyy.com
宁夏第三人民医院,宁夏回族自治区,公立医院,二甲,综合医院,http://www.nxdsrmyy.com
宁夏亘元集团职工医院,宁夏回族自治区,公立医院,二甲,综合医院,
彭阳县人民医院,宁夏回族自治区,公立医院,二甲,综合医院,
平罗县人民医院,宁夏回族自治区,公立医院,二甲,综合医院,https://m.jianke.com
青铜峡铝厂职工医院,宁夏回族自治区,公立医院,二甲,综合医院,
石嘴山中心医院,宁夏回族自治区,公立医院,二甲,综合医院,
同心县人民医院,宁夏回族自治区,公立医院,二甲,综合医院,http://cms.womei.org
西吉县人民医院,宁夏回族自治区,公立医院,二甲,综合医院,
盐池县人民医院,宁夏回族自治区,公立医院,二甲,综合医院,https://www.whrmyy.com
银川市第二人民医院,宁夏回族自治区,公立医院,二甲,综合医院,
银川市第三人民医院,宁夏回族自治区,公立医院,二甲,综合医院,
银川铁路职工医院,宁夏回族自治区,公立医院,二甲,综合医院,
永宁县人民医院,宁夏回族自治区,公立医院,二甲,综合医院,
中宁县人民医院,宁夏回族自治区,公立医院,二甲,综合医院,
中卫市人民医院,宁夏回族自治区,公立医院,二甲,综合医院,
灵武市中医院,宁夏回族自治区,公立医院,二甲,专科医院,
宁夏医科大学附属回医中医院,宁夏回族自治区,公立医院,二甲,专科医院,
平罗县中医院,宁夏回族自治区,公立医院,二甲,专科医院,
石嘴山市中医院,宁夏回族自治区,公立医院,二甲,专科医院,
贺兰县中医院,宁夏回族自治区,公立医院,二乙,专科医院,
隆德县中医院,宁夏回族自治区,公立医院,二乙,专科医院,
同心县中医医院,宁夏回族自治区,公立医院,二乙,专科医院,
宁夏宝石花医院,宁夏回族自治区,私立医院,二甲,综合医院,
宁夏海基雅医院,宁夏回族自治区,私立医院,二甲,综合医院,
宁夏华夏医院,宁夏回族自治区,私立医院,二甲,综合医院,
宁夏吴忠市新区医院,宁夏回族自治区,私立医院,二甲,综合医院,https://www.nyfy.com.cn
宁夏康源肛肠医院,宁夏回族自治区,私立医院,二甲,专科医院,https://www.163.com
宁夏泌尿专科医院,宁夏回族自治区,私立医院,二甲,专科医院,
固原康泰医院,宁夏回族自治区,私立医院,二乙,综合医院,https://www.gysrmyy.cn
海南省人民医院,海南省,公立医院,三甲,综合医院,https://www.phhp.com.cn
海南医科大学第一附属医院,海南省,公立医院,三甲,综合医院,
三亚市人民医院,海南省,公立医院,三甲,综合医院,http://www.syhospital.com
三亚中心医院（海南省第三人民医院）,海南省,公立医院,三甲,综合医院,
儋州市人民医院,海南省,公立医院,三甲,综合医院,https://www.hnsdzsrmyy.com
海口市人民医院,海南省,公立医院,三甲,综合医院,
海南省第三人民医院,海南省,公立医院,三甲,综合医院,
海南医学院第二附属医院,海南省,公立医院,三甲,综合医院,
解放军总医院海南分院,海南省,公立医院,三甲,综合医院,http://www.301hn.cn
琼海市人民医院,海南省,公立医院,三甲,综合医院,https://www.dayi.org.cn
中国人民解放军联勤保障部队第九二八医院,海南省,公立医院,三甲,综合医院,
海南省第五人民医院,海南省,公立医院,三甲,专科医院,
海南省妇女儿童医学中心,海南省,公立医院,三甲,专科医院,
海口市中医医院,海南省,公立医院,三甲,专科医院,
海南省中医院,海南省,公立医院,三甲,专科医院,
琼海市中医院,海南省,公立医院,三甲,专科医院,http://www.qhszyy.cn
三亚市中医院,海南省,公立医院,三甲,专科医院,https://www.syzhy.com
定安县人民医院,海南省,公立医院,二甲,综合医院,
东方市人民医院,海南省,公立医院,二甲,综合医院,
海南省第二人民医院,海南省,公立医院,二甲,综合医院,
保亭县人民医院,海南省,公立医院,二甲,综合医院,
昌江县人民医院,海南省,公立医院,二甲,综合医院,
澄迈县人民医院,海南省,公立医院,二甲,综合医院,
海口市第三人民医院,海南省,公立医院,二甲,综合医院,https://www.hkdsyy.net
海南省地质医院,海南省,公立医院,二甲,综合医院,https://geo.hainan.gov.cn
海南省阳江农场医院,海南省,公立医院,二甲,综合医院,
解放军四二四医院,海南省,公立医院,二甲,综合医院,
乐东县第二人民医院,海南省,公立医院,二甲,综合医院,https://www.sphld.cn
乐东县人民医院,海南省,公立医院,二甲,综合医院,
临高县人民医院,海南省,公立医院,二甲,综合医院,
陵水黎族自治县人民医院,海南省,公立医院,二甲,综合医院,https://www.lingshuihp.com.cn
三亚市解放军四二五医院,海南省,公立医院,二甲,综合医院,
三亚榆林海军医院,海南省,公立医院,二甲,综合医院,
永暑礁医院,海南省,公立医院,二甲,综合医院,https://zs-hospital.com
中国人民解放军海军南航医院,海南省,公立医院,二甲,综合医院,
中国人民武装警察部队海南省总队医院,海南省,公立医院,二甲,综合医院,
昌江黎族自治县中西医结合医院,海南省,公立医院,二甲,专科医院,
昌江县中医院,海南省,公立医院,二甲,专科医院,https://www.clzxyy.com
儋州市中医院,海南省,公立医院,二甲,专科医院,
海南省安宁医院,海南省,公立医院,二甲,专科医院,https://www.hnsanyy.com
琼海市妇幼保健院,海南省,公立医院,二甲,专科医院,
琼山区妇幼保健院,海南省,公立医院,二甲,专科医院,
文昌市中医院,海南省,公立医院,二甲,专科医院,https://www.wenchangyiyuan.cn
白沙县人民医院,海南省,公立医院,二乙,综合医院,
国营东兴农场医院,海南省,公立医院,二乙,综合医院,http://www.dxzf.gov.cn
海南铁矿职工医院,海南省,公立医院,二乙,综合医院,http://www.qhytyy.com
琼中县人民医院,海南省,公立医院,二乙,综合医院,https://www.qzrmyy.cn
屯昌县人民医院,海南省,公立医院,二乙,综合医院,
海南医学院第三附属医院,海南省,私立医院,三甲,综合医院,https://hyfyuan.com
海南现代妇女儿童医院,海南省,私立医院,三甲,专科医院,
东方市中医院,海南省,私立医院,二甲,专科医院,https://www.dongfangyy.com.cn
海南港岛联合中医肿瘤医院,海南省,私立医院,二甲,专科医院,
海南现代泌尿专科医院,海南省,私立医院,二甲,专科医院,https://www.hnxd.org
三亚华侨医院,海南省,私立医院,二乙,综合医院,http://www.pnhqyy.com
海南省工人疗养院,海南省,私立医院,二乙,专科医院,http://www.hnlyy.com
海南省骨科医院,海南省,私立医院,二乙,专科医院,http://www.hnzdgkyy.com
北海市人民医院,广西壮族自治区,公立医院,三甲,综合医院,https://www.bhhospital.com
百色市人民医院,广西壮族自治区,公立医院,三甲,综合医院,http://www.gxbssyy.com
广西医科大学第一附属医院,广西壮族自治区,公立医院,三甲,综合医院,https://www.gxmuyfy.cn
广西中医药大学第一附属医院,广西壮族自治区,公立医院,三甲,综合医院,https://www.gxzyy.com.cn
广西中医药大学附属瑞康医院,广西壮族自治区,公立医院,三甲,综合医院,https://www.gxrkyy.com
广西壮族自治区桂东人民医院,广西壮族自治区,公立医院,三甲,综合医院,https://www.gxgdyy.com
广西壮族自治区江滨医院,广西壮族自治区,公立医院,三甲,综合医院,
广西壮族自治区民族医院,广西壮族自治区,公立医院,三甲,综合医院,https://www.gxmzyy.cn
广西壮族自治区南溪山医院,广西壮族自治区,公立医院,三甲,综合医院,http://www.nxsyy.com
广西壮族自治区人民医院,广西壮族自治区,公立医院,三甲,综合医院,http://www.gxhospital.com
桂林医学院第二附属医院,广西壮族自治区,公立医院,三甲,综合医院,https://hospital2.glmc.edu.cn
桂林医学院附属医院,广西壮族自治区,公立医院,三甲,综合医院,https://www.gxgyfy.com
河池市中医院,广西壮族自治区,公立医院,三甲,综合医院,http://www.gxhcszyyy.cn
柳州市人民医院,广西壮族自治区,公立医院,三甲,综合医院,https://www.lzry.com.cn
南宁市第一人民医院,广西壮族自治区,公立医院,三甲,综合医院,http://www.nn1yy.com
南宁市中医医院,广西壮族自治区,公立医院,三甲,综合医院,http://www.nnszyy.cn
广西科技大学第一附属医院,广西壮族自治区,公立医院,三甲,综合医院,https://www.gxmuyfy.cn
广西医科大学第二附属医院,广西壮族自治区,公立医院,三甲,综合医院,http://www.gxmush.com
贵港市人民医院,广西壮族自治区,公立医院,三甲,综合医院,http://gghosp.net
桂林市第二人民医院,广西壮族自治区,公立医院,三甲,综合医院,https://hospital2.glmc.edu.cn
桂林市人民医院,广西壮族自治区,公立医院,三甲,综合医院,http://www.glrmyy.com
河池市人民医院,广西壮族自治区,公立医院,三甲,综合医院,https://www.hchos.cn
柳州市第三人民医院,广西壮族自治区,公立医院,三甲,综合医院,
柳州市工人医院,广西壮族自治区,公立医院,三甲,综合医院,http://www.lzgryy.com
南宁市第二人民医院,广西壮族自治区,公立医院,三甲,综合医院,https://www.nn2yy.com
钦州市第二人民医院,广西壮族自治区,公立医院,三甲,综合医院,http://www.qzeyy.com
钦州市第一人民医院,广西壮族自治区,公立医院,三甲,综合医院,https://www.qzsyy.com
梧州市工人医院,广西壮族自治区,公立医院,三甲,综合医院,http://www.gr-hospital.com
梧州市红十字会医院,广西壮族自治区,公立医院,三甲,综合医院,https://www.wzhh120.com
右江民族医学院附属医院,广西壮族自治区,公立医院,三甲,综合医院,https://www.gxyyfy.cn
玉林市第一人民医院,广西壮族自治区,公立医院,三甲,综合医院,https://www.ylsdyrmyy.cn
中国人民解放军联勤保障部队第九二三医院,广西壮族自治区,公立医院,三甲,综合医院,
中国人民解放军联勤保障部队第九二四医院,广西壮族自治区,公立医院,三甲,综合医院,
中国人民解放军一九一医院,广西壮族自治区,公立医院,三甲,综合医院,
广西科技大学第二附属医院,广西壮族自治区,公立医院,三甲,专科医院,http://www.gxmush.com
广西医科大学附属口腔医院,广西壮族自治区,公立医院,三甲,专科医院,http://kq.gxmu.edu.cn
广西壮族自治区妇幼保健院,广西壮族自治区,公立医院,三甲,专科医院,http://www.gxfybj.com
桂林市妇女儿童医院,广西壮族自治区,公立医院,三甲,专科医院,https://www.glfybj.org.cn
南宁市儿童医院,广西壮族自治区,公立医院,三甲,专科医院,
钦州市妇幼保健院,广西壮族自治区,公立医院,三甲,专科医院,http://www.qzsfy.com
北海市中医院,广西壮族自治区,公立医院,三甲,专科医院,https://www.bhszyyy.com
防城港市中医医院,广西壮族自治区,公立医院,三甲,专科医院,http://fcgszyyy.com
广西骨伤医院,广西壮族自治区,公立医院,三甲,专科医院,https://www.gxgsyy.com
广西医科大学附属肿瘤医院,广西壮族自治区,公立医院,三甲,专科医院,http://www.gxmuch.com
广西壮族自治区龙潭医院,广西壮族自治区,公立医院,三甲,专科医院,https://www.chesthospitalgx.com
广西壮族自治区脑科医院,广西壮族自治区,公立医院,三甲,专科医院,https://www.gxnkyy.com
广西壮族自治区职业病防治研究院,广西壮族自治区,公立医院,三甲,专科医院,http://www.gxzfy.cn
贵港市中西医结合骨科医院,广西壮族自治区,公立医院,三甲,专科医院,https://m.youlai.cn
贺州市中医医院,广西壮族自治区,公立医院,三甲,专科医院,http://www.gxhzzyyy.com
柳州市妇幼保健院,广西壮族自治区,公立医院,三甲,专科医院,http://www.lzsfy.com
柳州市中医医院,广西壮族自治区,公立医院,三甲,专科医院,https://www.lzzyy.com
柳州市中医院分部,广西壮族自治区,公立医院,三甲,专科医院,
南宁市妇幼保健院,广西壮族自治区,公立医院,三甲,专科医院,http://www.nnfy.com.cn
钦州市中医医院,广西壮族自治区,公立医院,三甲,专科医院,http://www.qzzyyy.com
梧州市妇幼保健院,广西壮族自治区,公立医院,三甲,专科医院,https://www.163.com
梧州市中医医院,广西壮族自治区,公立医院,三甲,专科医院,http://www.gxwzszyyy.com
玉林市妇幼保健院,广西壮族自治区,公立医院,三甲,专科医院,https://www.ylsfy.com
玉林市中西结合骨科医院,广西壮族自治区,公立医院,三甲,专科医院,
玉林市中医医院,广西壮族自治区,公立医院,三甲,专科医院,
桂林市中西医结合医院,广西壮族自治区,公立医院,三乙,综合医院,http://www.glwyy.org.cn
南宁市第五人民医院,广西壮族自治区,公立医院,三乙,专科医院,https://www.nn5yy.com
百色市中医医院（百色市民族医医院）,广西壮族自治区,公立医院,二甲,综合医院,https://www.bsszyyy.cn
河池市宜州区人民医院,广西壮族自治区,公立医院,二甲,综合医院,http://gxyzrmyy.com
来宾市兴宾区人民医院,广西壮族自治区,公立医院,二甲,综合医院,http://www.xbqrmyy.cn
灵川县中医院,广西壮族自治区,公立医院,二甲,综合医院,
巴马瑶族自治县人民医院,广西壮族自治区,公立医院,二甲,综合医院,http://www.bmrmyy.com
北海港口医院,广西壮族自治区,公立医院,二甲,综合医院,
北海市第二人民医院,广西壮族自治区,公立医院,二甲,综合医院,http://bheyy.com
北海市合浦卫校附属医院,广西壮族自治区,公立医院,二甲,综合医院,
北流市人民医院,广西壮族自治区,公立医院,二甲,综合医院,http://www.gxblyy.com
宾阳县人民医院,广西壮族自治区,公立医院,二甲,综合医院,http://www.byxrmyy.com.cn
博白县人民医院,广西壮族自治区,公立医院,二甲,综合医院,
百色市人民医院城东分院,广西壮族自治区,公立医院,二甲,综合医院,http://m.gxbssyy.com
苍梧县人民医院,广西壮族自治区,公立医院,二甲,综合医院,
岑溪市人民医院,广西壮族自治区,公立医院,二甲,综合医院,https://www.cxsrmyy.com
大新县人民医院,广西壮族自治区,公立医院,二甲,综合医院,
德保县人民医院,广西壮族自治区,公立医院,二甲,综合医院,https://www.gxdbxrmyy.com
东兰县人民医院,广西壮族自治区,公立医院,二甲,综合医院,
东兴市人民医院,广西壮族自治区,公立医院,二甲,综合医院,http://www.dx120.org
都安县人民医院,广西壮族自治区,公立医院,二甲,综合医院,https://daxrmyy.com
防城港市防城港区人民医院,广西壮族自治区,公立医院,二甲,综合医院,http://www.fcqrmyy.com
防城区人民医院,广西壮族自治区,公立医院,二甲,综合医院,
凤山县人民医院,广西壮族自治区,公立医院,二甲,综合医院,
富川县人民医院,广西壮族自治区,公立医院,二甲,综合医院,http://www.fcrmyy.cn
富川瑶族自治县民族医医院,广西壮族自治区,公立医院,二甲,综合医院,https://yyk.familydoctor.com.cn
扶绥县人民医院,广西壮族自治区,公立医院,二甲,综合医院,
恭城县人民医院,广西壮族自治区,公立医院,二甲,综合医院,http://www.gcrmyy.org.cn
广西田阳县人民医院,广西壮族自治区,公立医院,二甲,综合医院,
灌阳县人民医院,广西壮族自治区,公立医院,二甲,综合医院,http://www.gyxrmyy.com.cn
桂东卫生学校附属医院,广西壮族自治区,公立医院,二甲,综合医院,
贵港市第二人民医院,广西壮族自治区,公立医院,二甲,综合医院,http://www.ggeyy.com
贵港市港北区医院,广西壮族自治区,公立医院,二甲,综合医院,
贵港市覃塘区人民医院,广西壮族自治区,公立医院,二甲,综合医院,
桂林市第九人民医院,广西壮族自治区,公立医院,二甲,综合医院,http://www.glrmyy.com
桂林市第六人民医院,广西壮族自治区,公立医院,二甲,综合医院,http://www.glrmyy.com
河池市第三人民医院,广西壮族自治区,公立医院,二甲,综合医院,
河池市第五人民医院,广西壮族自治区,公立医院,二甲,综合医院,http://gxhc120.com
河池市金城江区人民医院,广西壮族自治区,公立医院,二甲,综合医院,https://www.hchos.cn
合浦县人民医院,广西壮族自治区,公立医院,二甲,综合医院,https://www.gxhpxrmyy.com
合山市人民医院,广西壮族自治区,公立医院,二甲,综合医院,http://www.heshanshi.gov.cn
环江毛南族自治县人民医院,广西壮族自治区,公立医院,二甲,综合医院,https://www.hjxrmyy.cn
靖西市人民医院,广西壮族自治区,公立医院,二甲,综合医院,https://www.jxxrmyy.cn
金秀县人民医院,广西壮族自治区,公立医院,二甲,综合医院,http://www.jxxrmyy120.com
灵川县人民医院,广西壮族自治区,公立医院,二甲,综合医院,https://www.lcxrmyy.org.cn
灵山县人民医院,广西壮族自治区,公立医院,二甲,综合医院,
荔浦县人民医院,广西壮族自治区,公立医院,二甲,综合医院,
柳城县人民医院,广西壮族自治区,公立医院,二甲,综合医院,https://www.lzry.com.cn
柳江县人民医院,广西壮族自治区,公立医院,二甲,综合医院,http://ljxrmyy.net
柳州市箭盘山医院,广西壮族自治区,公立医院,二甲,综合医院,
隆安县人民医院,广西壮族自治区,公立医院,二甲,综合医院,
龙胜县人民医院,广西壮族自治区,公立医院,二甲,综合医院,
龙州县人民医院,广西壮族自治区,公立医院,二甲,综合医院,
陆川县人民医院,广西壮族自治区,公立医院,二甲,综合医院,
罗城县人民医院,广西壮族自治区,公立医院,二甲,综合医院,
鹿寨县人民医院,广西壮族自治区,公立医院,二甲,综合医院,
马山县人民医院,广西壮族自治区,公立医院,二甲,综合医院,http://www.bmrmyy.com
蒙山县人民医院,广西壮族自治区,公立医院,二甲,综合医院,
南丹县大厂医院,广西壮族自治区,公立医院,二甲,综合医院,
南丹县人民医院,广西壮族自治区,公立医院,二甲,综合医院,http://www.gxndxrmyy.com
南宁市第八人民医院,广西壮族自治区,公立医院,二甲,综合医院,http://www.nn8yy.com
南宁市第九人民医院,广西壮族自治区,公立医院,二甲,综合医院,http://www.nn9yy.com
南宁市第六人民医院,广西壮族自治区,公立医院,二甲,综合医院,http://www.nn6yy.com
南宁市第七人民医院,广西壮族自治区,公立医院,二甲,综合医院,http://www.nn7yy.com
南宁市横县人民医院,广西壮族自治区,公立医院,二甲,综合医院,
南宁市红十字会医院,广西壮族自治区,公立医院,二甲,综合医院,http://nnhhyy.cn
南宁市邕宁区人民医院,广西壮族自治区,公立医院,二甲,综合医院,http://www.ynqrmyy.com
那坡县人民医院,广西壮族自治区,公立医院,二甲,综合医院,
宁明县人民医院,广西壮族自治区,公立医院,二甲,综合医院,
平果铝医院,广西壮族自治区,公立医院,二甲,综合医院,
平果县人民医院,广西壮族自治区,公立医院,二甲,综合医院,
平乐县人民医院,广西壮族自治区,公立医院,二甲,综合医院,https://www.plxrmyy.com
平南县第二人民医院,广西壮族自治区,公立医院,二甲,综合医院,http://www.pn2yy.com
平南县人民医院,广西壮族自治区,公立医院,二甲,综合医院,http://www.pn2yy.com
凭祥市人民医院,广西壮族自治区,公立医院,二甲,综合医院,https://pxsrmyy.com
浦北县人民医院,广西壮族自治区,公立医院,二甲,综合医院,http://www.pbrmyy.com
全州县人民医院,广西壮族自治区,公立医院,二甲,综合医院,https://www.qzhph.com
融安县人民医院,广西壮族自治区,公立医院,二甲,综合医院,
融水县人民医院,广西壮族自治区,公立医院,二甲,综合医院,http://www.rsrmyy.com
三江侗族自治县人民医院,广西壮族自治区,公立医院,二甲,综合医院,https://sjxry.cn
上林县人民医院,广西壮族自治区,公立医院,二甲,综合医院,
上思县人民医院,广西壮族自治区,公立医院,二甲,综合医院,
天等县人民医院,广西壮族自治区,公立医院,二甲,综合医院,
田东县人民医院,广西壮族自治区,公立医院,二甲,综合医院,
武警广西总队医院,广西壮族自治区,公立医院,二甲,综合医院,https://m.jianke.com
武鸣县人民医院,广西壮族自治区,公立医院,二甲,综合医院,http://www.gxmuwmfy.com
武宣县人民医院,广西壮族自治区,公立医院,二甲,综合医院,http://www.wuxuan.gov.cn
梧州市藤县人民医院,广西壮族自治区,公立医院,二甲,综合医院,https://www.meipian.cn
象州县人民医院,广西壮族自治区,公立医院,二甲,综合医院,
忻城县人民医院,广西壮族自治区,公立医院,二甲,综合医院,
兴安县人民医院,广西壮族自治区,公立医院,二甲,综合医院,https://www.xarmyy.com
兴业县人民医院,广西壮族自治区,公立医院,二甲,综合医院,https://www.xarmyy.com
阳朔县人民医院,广西壮族自治区,公立医院,二甲,综合医院,
玉林市第二人民医院,广西壮族自治区,公立医院,二甲,综合医院,https://www.ylsdermyy.cn
玉林市第三人民医院,广西壮族自治区,公立医院,二甲,综合医院,http://www.ylsdsrmyy.com
玉林市桂南医院,广西壮族自治区,公立医院,二甲,综合医院,https://www.ylgnyy.com
玉林市容县人民医院,广西壮族自治区,公立医院,二甲,综合医院,
玉林卫生学校附属医院,广西壮族自治区,公立医院,二甲,综合医院,
昭平县人民医院,广西壮族自治区,公立医院,二甲,综合医院,
中国人民解放军第一五八医院,广西壮族自治区,公立医院,二甲,综合医院,
钟山县人民医院,广西壮族自治区,公立医院,二甲,综合医院,http://zsxrmyy.mooc.dayi100.com
资源县人民医院,广西壮族自治区,公立医院,二甲,综合医院,
宾阳县妇幼保健院,广西壮族自治区,公立医院,二甲,专科医院,
巴马瑶族自治县妇幼保健院,广西壮族自治区,公立医院,二甲,专科医院,
北海市妇幼保健院,广西壮族自治区,公立医院,二甲,专科医院,
北海市结核病防治院,广西壮族自治区,公立医院,二甲,专科医院,http://www.beihai.gov.cn
北流市妇幼保健院,广西壮族自治区,公立医院,二甲,专科医院,
北流市中医院,广西壮族自治区,公立医院,二甲,专科医院,http://www.gxblyy.com
宾阳县中医院,广西壮族自治区,公立医院,二甲,专科医院,
博白县中医医院,广西壮族自治区,公立医院,二甲,专科医院,http://www.bobai.gov.cn
苍梧县中医院,广西壮族自治区,公立医院,二甲,专科医院,http://www.gxwzszyyy.com
岑溪市妇幼保健院,广西壮族自治区,公立医院,二甲,专科医院,
防城港市妇幼保健院,广西壮族自治区,公立医院,二甲,专科医院,
富川瑶族自治县妇幼保健院,广西壮族自治区,公立医院,二甲,专科医院,https://www.fuchuanfy.com
扶绥县中医院,广西壮族自治区,公立医院,二甲,专科医院,
恭城县中医院,广西壮族自治区,公立医院,二甲,专科医院,http://www.gczyyy.com.cn
广西罗城中医医院,广西壮族自治区,公立医院,二甲,专科医院,http://www.lcxzyy.com
桂林市第三人民医院,广西壮族自治区,公立医院,二甲,专科医院,http://www.glssyy.org.cn
桂平市妇幼保健院,广西壮族自治区,公立医院,二甲,专科医院,http://www.gxgpfy.com
桂平市中医院,广西壮族自治区,公立医院,二甲,专科医院,http://www.gpszyyy.com
河池市第二人民医院,广西壮族自治区,公立医院,二甲,专科医院,https://www.hchos.cn
河池市妇幼保健院,广西壮族自治区,公立医院,二甲,专科医院,https://www.hcsfybjy.com
合浦县中医医院,广西壮族自治区,公立医院,二甲,专科医院,https://data.120ask.com
来宾市中医医院,广西壮族自治区,公立医院,二甲,专科医院,https://www.lbsrmyy.com
荔浦市中医医院,广西壮族自治区,公立医院,二甲,专科医院,http://www.lipu.gov.cn
柳州市柳江区中医医院,广西壮族自治区,公立医院,二甲,专科医院,http://www.liujiang.gov.cn
柳州市中西医结合医院,广西壮族自治区,公立医院,二甲,专科医院,
隆安县妇幼保健院,广西壮族自治区,公立医院,二甲,专科医院,
隆林各族自治县中医医院,广西壮族自治区,公立医院,二甲,专科医院,http://www.bsllxyy.com
龙州县中医医院,广西壮族自治区,公立医院,二甲,专科医院,http://www.gxlzxrmyy.com
陆川县中西医结合骨科医院,广西壮族自治区,公立医院,二甲,专科医院,https://www.163.com
陆川县中医院,广西壮族自治区,公立医院,二甲,专科医院,
罗城仫佬族自治县妇幼保健院,广西壮族自治区,公立医院,二甲,专科医院,https://www.lcfby.com.cn
鹿寨县妇幼保健院,广西壮族自治区,公立医院,二甲,专科医院,
鹿寨县中医院,广西壮族自治区,公立医院,二甲,专科医院,https://news.sina.com.cn
马山县中医医院,广西壮族自治区,公立医院,二甲,专科医院,https://www.zmdszyy.com
蒙山县中医医院,广西壮族自治区,公立医院,二甲,专科医院,
南丹县中医院,广西壮族自治区,公立医院,二甲,专科医院,
南宁市横县中医医院,广西壮族自治区,公立医院,二甲,专科医院,https://www.nnjj120.com
南宁市武鸣区中医医院,广西壮族自治区,公立医院,二甲,专科医院,https://www.wmqzyyy.com
南宁市邕宁区中医院,广西壮族自治区,公立医院,二甲,专科医院,https://www.nnsynqzyyy.com
宁明县中医院,广西壮族自治区,公立医院,二甲,专科医院,
平果县妇幼保健院,广西壮族自治区,公立医院,二甲,专科医院,
平南县中医院,广西壮族自治区,公立医院,二甲,专科医院,https://www.pnxzyyy.com
浦北县中医医院,广西壮族自治区,公立医院,二甲,专科医院,http://www.pbrmyy.com
全州县中医医院,广西壮族自治区,公立医院,二甲,专科医院,
融安县中医院,广西壮族自治区,公立医院,二甲,专科医院,
容县中西医结合骨科医院,广西壮族自治区,公立医院,二甲,专科医院,https://www.ylgk.cn
三江侗族自治县中医医院,广西壮族自治区,公立医院,二甲,专科医院,
田东县中医院,广西壮族自治区,公立医院,二甲,专科医院,
武宣县中医院,广西壮族自治区,公立医院,二甲,专科医院,http://www.wxxzyy.cn
梧州市第二人民医院,广西壮族自治区,公立医院,二甲,专科医院,http://www.gxwzszyyy.com
梧州市藤县妇幼保健院,广西壮族自治区,公立医院,二甲,专科医院,https://www.163.com
梧州市中西医结合医院,广西壮族自治区,公立医院,二甲,专科医院,https://www.douyin.com
象州县妇幼保健院,广西壮族自治区,公立医院,二甲,专科医院,
忻城县妇幼保健院,广西壮族自治区,公立医院,二甲,专科医院,
忻城县中医院,广西壮族自治区,公立医院,二甲,专科医院,http://www.gxxc.gov.cn
阳朔县妇幼保健院,广西壮族自治区,公立医院,二甲,专科医院,
永福县中医院,广西壮族自治区,公立医院,二甲,专科医院,http://www.yfxzyyy.com
玉林市容县中医院,广西壮族自治区,公立医院,二甲,专科医院,https://www.163.com
北海市铁山港区人民医院,广西壮族自治区,公立医院,二乙,综合医院,
崇左市复退军人医院,广西壮族自治区,公立医院,二乙,综合医院,http://www.mzyyh.com
大化县人民医院,广西壮族自治区,公立医院,二乙,综合医院,http://www.dhmsnyy.com
鹅山博爱医院,广西壮族自治区,公立医院,二乙,综合医院,http://www.boaihospital.com
合浦县红十字会医院,广西壮族自治区,公立医院,二乙,综合医院,http://www.hepu.gov.cn
来宾市兴宾区八一医院,广西壮族自治区,公立医院,二乙,综合医院,
南宁市社会福利医院,广西壮族自治区,公立医院,二乙,综合医院,
三江县人民医院,广西壮族自治区,公立医院,二乙,综合医院,https://www.sjxzyy.cn
田林县人民医院,广西壮族自治区,公立医院,二乙,综合医院,
梧州市第三人民医院,广西壮族自治区,公立医院,二乙,综合医院,
玉林市复退军人医院,广西壮族自治区,公立医院,二乙,综合医院,https://yyk.familydoctor.com.cn
北海市皮肤病防治院,广西壮族自治区,公立医院,二乙,专科医院,http://www.beihai.gov.cn
东兰县民族中医院,广西壮族自治区,公立医院,二乙,专科医院,https://www.scuec.edu.cn
桂林市口腔医院,广西壮族自治区,公立医院,二乙,专科医院,https://m.haodf.com
桂林市中西医结合肛肠医院,广西壮族自治区,公立医院,二乙,专科医院,
平乐县中医院,广西壮族自治区,公立医院,二乙,专科医院,https://www.plxrmyy.com
广西壮族自治区生殖医院,广西壮族自治区,公立医院,未定级,专科医院,http://www.gxszjk.com
广西医大开元埌东医院,广西壮族自治区,私立医院,三丙,综合医院,http://www.gxldyy.cn
贺州市广济医院,广西壮族自治区,私立医院,三丙,综合医院,https://m.jianke.com
兴安界首中西医结合医院,广西壮族自治区,私立医院,三丙,专科医院,http://www.jsgsyy.com
北海市博铧医院,广西壮族自治区,私立医院,二甲,综合医院,
南宁市邕宁区那马精神病医院,广西壮族自治区,私立医院,二乙,专科医院,
贵航贵阳医院,贵州省,公立医院,三甲,综合医院,
贵州省人民医院,贵州省,公立医院,三甲,综合医院,https://www.gz5055.com
贵州医科大学第二附属医院,贵州省,公立医院,三甲,综合医院,http://www.gydey.cn
贵州医科大学第三附属医院,贵州省,公立医院,三甲,综合医院,https://www.sfy-gmc.com
贵州医科大学附属医院,贵州省,公立医院,三甲,综合医院,https://www.gmcah.cn
贵州中医药大学第二附属医院,贵州省,公立医院,三甲,综合医院,http://www.gzydefy.com
首钢水钢医院,贵州省,公立医院,三甲,综合医院,
同济贵安医院,贵州省,公立医院,三甲,综合医院,
中国贵航集团三0二医院,贵州省,公立医院,三甲,综合医院,
遵义市中医院,贵州省,公立医院,三甲,综合医院,https://www.zyszyy.com.cn
遵义医科大学第二附属医院,贵州省,公立医院,三甲,综合医院,
遵义医科大学附属医院,贵州省,公立医院,三甲,综合医院,https://www.zmuhospital.com
安顺市人民医院,贵州省,公立医院,三甲,综合医院,https://www.assrmyy.cn
毕节市第一人民医院,贵州省,公立医院,三甲,综合医院,http://www.bjhospital.net
贵航集团三Ｏ二医院,贵州省,公立医院,三甲,综合医院,https://www.youlai.cn
贵阳市第四人民医院,贵州省,公立医院,三甲,综合医院,
贵阳市第一人民医院,贵州省,公立医院,三甲,综合医院,https://www.gy1y.cn
贵阳中医学院第二附属医院,贵州省,公立医院,三甲,综合医院,http://www.gzydefy.com
六盘水市人民医院,贵州省,公立医院,三甲,综合医院,http://www.lpssrmyy.cn
黔东南州人民医院,贵州省,公立医院,三甲,综合医院,https://www.qdnzrmyy.com
黔南州人民医院,贵州省,公立医院,三甲,综合医院,https://www.qnzrmyy.com
黔西南州人民医院,贵州省,公立医院,三甲,综合医院,https://www.qxnzrmyy.com
水城矿业集团总医院,贵州省,公立医院,三甲,综合医院,
铜仁地区人民医院,贵州省,公立医院,三甲,综合医院,https://www.trsrmyy.cn
兴义市人民医院,贵州省,公立医院,三甲,综合医院,https://www.xysyy.cn
中国人民解放军联勤保障部队九二五医院,贵州省,公立医院,三甲,综合医院,
遵义市第一人民医院,贵州省,公立医院,三甲,综合医院,http://www.zunyihospital.com
贵州省骨科医院,贵州省,公立医院,三甲,专科医院,https://www.gzsgkyy.cn
毕节地区中医院,贵州省,公立医院,三甲,专科医院,http://www.bjszyy.com.cn
毕节市中医院,贵州省,公立医院,三甲,专科医院,http://www.bjszyy.com.cn
贵阳市第二人民医院,贵州省,公立医院,三甲,专科医院,https://www.jyhosp.cn
贵阳市妇幼保健院,贵州省,公立医院,三甲,专科医院,http://www.fy1938.com
贵阳市口腔医院,贵州省,公立医院,三甲,专科医院,https://www.gyskqyy.cn
贵州省肿瘤医院,贵州省,公立医院,三甲,专科医院,
贵州中医药大学第一附属医院,贵州省,公立医院,三甲,专科医院,https://www.zydyfy.cn
六盘水市妇幼保健院,贵州省,公立医院,三甲,专科医院,
黔南州中医院,贵州省,公立医院,三甲,专科医院,https://www.qnzyy.com
黔西南州中医院,贵州省,公立医院,三甲,专科医院,https://www.qxnzzyy.com
遵义医科大学附属口腔医院,贵州省,公立医院,三甲,专科医院,https://zykq.org
思南县人民医院,贵州省,公立医院,三乙,综合医院,https://www.snxdyrmyy.com
贵州航天医院,贵州省,公立医院,三乙,综合医院,https://www.gzhtyy.org.cn
普定县人民医院,贵州省,公立医院,二甲,综合医院,https://www.pdxrmyy.cn
普定县中医医院,贵州省,公立医院,二甲,综合医院,
桐梓县人民医院,贵州省,公立医院,二甲,综合医院,https://www.tzxrmyy.cn
安龙县人民医院,贵州省,公立医院,二甲,综合医院,
安顺市西秀区人民医院,贵州省,公立医院,二甲,综合医院,http://www.asxxyy.cn
岑巩县人民医院,贵州省,公立医院,二甲,综合医院,https://www.cgxyy.com
从江县人民医院,贵州省,公立医院,二甲,综合医院,
大方县人民医院,贵州省,公立医院,二甲,综合医院,http://www.gzdfxyy.com
丹寨县人民医院,贵州省,公立医院,二甲,综合医院,
道真自治县人民医院,贵州省,公立医院,二甲,综合医院,https://www.zydzyy.org.cn
独山县人民医院,贵州省,公立医院,二甲,综合医院,http://www.dsxrmyy.com
都匀市人民医院,贵州省,公立医院,二甲,综合医院,
凤冈县人民医院,贵州省,公立医院,二甲,综合医院,
福泉市第一人民医院,贵州省,公立医院,二甲,综合医院,https://m.haodf.com
贵阳市白云区人民医院,贵州省,公立医院,二甲,综合医院,https://www.miaoshou.net
贵阳市花溪区人民医院,贵州省,公立医院,二甲,综合医院,http://www.hxqrmyy.cn
贵阳市南明区人民医院,贵州省,公立医院,二甲,综合医院,
贵阳市乌当区人民医院,贵州省,公立医院,二甲,综合医院,
贵州电力职工医院,贵州省,公立医院,二甲,综合医院,
黄平县人民医院,贵州省,公立医院,二甲,综合医院,
江口县人民医院,贵州省,公立医院,二甲,综合医院,
锦屏县人民医院,贵州省,公立医院,二甲,综合医院,http://www.jpxrm.cn
金沙县人民医院,贵州省,公立医院,二甲,综合医院,https://www.gzsjsxrmyy.cn
凯里市第一人民医院,贵州省,公立医院,二甲,综合医院,https://www.kl1y.cn
开阳县人民医院,贵州省,公立医院,二甲,综合医院,https://www.kaiyang.gov.cn
黎平县人民医院,贵州省,公立医院,二甲,综合医院,https://www.gzlpxrmyy.cn
六盘水市第二人民医院,贵州省,公立医院,二甲,综合医院,
六盘水市盘县人民医院,贵州省,公立医院,二甲,综合医院,
六盘水市钟山区人民医院,贵州省,公立医院,二甲,综合医院,
六盘水市钟山人民医院,贵州省,公立医院,二甲,综合医院,
湄潭县人民医院,贵州省,公立医院,二甲,综合医院,https://www.mtxrmyy.cn
纳雍县人民医院,贵州省,公立医院,二甲,综合医院,
盘州市安宁医院,贵州省,公立医院,二甲,综合医院,
平坝县人民医院,贵州省,公立医院,二甲,综合医院,https://ggzy.anshun.gov.cn
平塘县人民医院,贵州省,公立医院,二甲,综合医院,https://www.gzpt.gov.cn
普安县人民医院,贵州省,公立医院,二甲,综合医院,http://www.paxrmyy.com
黔西县人民医院,贵州省,公立医院,二甲,综合医院,
黔西县中心医院,贵州省,公立医院,二甲,综合医院,
榕江县人民医院,贵州省,公立医院,二甲,综合医院,
三都县人民医院,贵州省,公立医院,二甲,综合医院,
三穗县人民医院,贵州省,公立医院,二甲,综合医院,
石阡县人民医院,贵州省,公立医院,二甲,综合医院,https://m.haodf.com
水城县人民医院,贵州省,公立医院,二甲,综合医院,
绥阳县人民医院,贵州省,公立医院,二甲,综合医院,
台江县人民医院,贵州省,公立医院,二甲,综合医院,http://www.gztjxyy.com
天柱县人民医院,贵州省,公立医院,二甲,综合医院,http://www.tzxph.cn
瓮安县人民医院,贵州省,公立医院,二甲,综合医院,
务川仡佬族苗族自治县人民医院,贵州省,公立医院,二甲,综合医院,
武警贵州省总队医院,贵州省,公立医院,二甲,综合医院,https://www.meipian.cn
息烽县人民医院,贵州省,公立医院,二甲,综合医院,https://www.xifeng.gov.cn
兴仁市医院,贵州省,公立医院,二甲,综合医院,http://www.xrsrmyy.com
习水县人民医院,贵州省,公立医院,二甲,综合医院,
修文县人民医院,贵州省,公立医院,二甲,综合医院,https://www.xwbxyy.cn
沿河土家族自治县人民医院,贵州省,公立医院,二甲,综合医院,https://www.gzyhxyy.cn
余庆县人民医院,贵州省,公立医院,二甲,综合医院,
贞丰县人民医院,贵州省,公立医院,二甲,综合医院,
镇远县人民医院,贵州省,公立医院,二甲,综合医院,https://www.zygov.gov.cn
织金县人民医院,贵州省,公立医院,二甲,综合医院,https://www.gzzjrmyy.com
紫云苗族布依族自治县人民医院,贵州省,公立医院,二甲,综合医院,
遵义市第五人民医院,贵州省,公立医院,二甲,综合医院,https://www.zyswy.cn
遵义市红花岗区人民医院,贵州省,公立医院,二甲,综合医院,https://www.zyshhgqrmyy.cn
安顺市西秀区妇幼保健院,贵州省,公立医院,二甲,专科医院,
大方县妇幼保健院,贵州省,公立医院,二甲,专科医院,
大方县中医院,贵州省,公立医院,二甲,专科医院,https://www.163.com
德江县民族中医院,贵州省,公立医院,二甲,专科医院,https://www.djxzyy.com
独山县中医院,贵州省,公立医院,二甲,专科医院,http://www.gzdszyy.cn
贵航集团三Ｏ三医院,贵州省,公立医院,二甲,专科医院,https://www.gh300.cn
贵阳颈腰痛专科医院,贵州省,公立医院,二甲,专科医院,http://4g.gylfs120.com
贵阳市白云区中医医院,贵州省,公立医院,二甲,专科医院,https://www.gzbaiyun.gov.cn
江华瑶族自治县民族中医院,贵州省,公立医院,二甲,专科医院,
江口县妇幼保健院,贵州省,公立医院,二甲,专科医院,
金沙县中医院,贵州省,公立医院,二甲,专科医院,
开阳县妇幼保健院,贵州省,公立医院,二甲,专科医院,
开阳县中西医结合医院,贵州省,公立医院,二甲,专科医院,
罗甸县中医院,贵州省,公立医院,二甲,专科医院,
湄潭县中西医结合医院,贵州省,公立医院,二甲,专科医院,
平坝区中医院,贵州省,公立医院,二甲,专科医院,
仁怀市中医院,贵州省,公立医院,二甲,专科医院,https://www.rhszyy.cn
三穗县中医院,贵州省,公立医院,二甲,专科医院,
石阡县中医院,贵州省,公立医院,二甲,专科医院,https://www.shiqian.gov.cn
水城县中医院,贵州省,公立医院,二甲,专科医院,
思南县民族中医院,贵州省,公立医院,二甲,专科医院,
绥阳县中医院,贵州省,公立医院,二甲,专科医院,
铜仁市碧江区中医院,贵州省,公立医院,二甲,专科医院,
习水县中医院,贵州省,公立医院,二甲,专科医院,
印江土家族苗族自治县中医院,贵州省,公立医院,二甲,专科医院,
余庆县中医医院,贵州省,公立医院,二甲,专科医院,
正安县中医院,贵州省,公立医院,二甲,专科医院,
遵义市播州区妇幼保健院,贵州省,公立医院,二甲,专科医院,
遵义市播州区中医院,贵州省,公立医院,二甲,专科医院,
安顺市第二人民医院,贵州省,公立医院,二乙,综合医院,
贵阳钢厂职工医院,贵州省,公立医院,二乙,综合医院,
贵阳铁路分局六盘水铁路医院,贵州省,公立医院,二乙,综合医院,
贵州省交通医院,贵州省,公立医院,二乙,综合医院,
赫章县人民医院,贵州省,公立医院,二乙,综合医院,https://www.gzhzxyy.cn
罗甸县第二人民医院,贵州省,公立医院,二乙,综合医院,
沿河第三医院,贵州省,公立医院,二乙,综合医院,https://www.ecaihr.com
印江县人民医院,贵州省,公立医院,二乙,综合医院,http://yjzzxrmyy.com
中国水利水电第九工程局中心医院,贵州省,公立医院,二乙,综合医院,
紫云县人民医院,贵州省,公立医院,二乙,综合医院,http://www.gzzy.gov.cn
安顺市第二中医院,贵州省,公立医院,二乙,专科医院,
毕节地区精神病康复医院,贵州省,公立医院,二乙,专科医院,http://www.bjszyy.com.cn
福泉市第二人民医院,贵州省,公立医院,二乙,专科医院,http://www.fqzyy.cn
清镇市中医院,贵州省,公立医院,二乙,专科医院,
镇宁县中医院,贵州省,公立医院,二乙,专科医院,
铜仁市第二人民医院,贵州省,公立医院,未定级,综合医院,
六盘水红桥医院,贵州省,私立医院,三甲,综合医院,
贵阳爱尔眼科医院,贵州省,私立医院,三丙,专科医院,
贵州省七十三医院,贵州省,私立医院,二甲,综合医院,
六盘水安居医院,贵州省,私立医院,二甲,综合医院,
宝泉岭医疗集团中心医院,黑龙江省,公立医院,三甲,综合医院,
大庆龙南医院,黑龙江省,公立医院,三甲,综合医院,
大庆市人民医院,黑龙江省,公立医院,三甲,综合医院,
大庆油田总医院,黑龙江省,公立医院,三甲,综合医院,
哈尔滨市第四医院,黑龙江省,公立医院,三甲,综合医院,
哈尔滨市第一医院,黑龙江省,公立医院,三甲,综合医院,
哈尔滨医科大学附属第四医院,黑龙江省,公立医院,三甲,综合医院,
哈尔滨医科大学附属第一医院,黑龙江省,公立医院,三甲,综合医院,
牡丹江医学院附属红旗医院,黑龙江省,公立医院,三甲,综合医院,http://mdjyxyfshqyy.org.cn
大兴安岭林业集团总医院,黑龙江省,公立医院,三甲,综合医院,http://www.dxaldqrmyy.org.cn
哈尔滨市第三医院,黑龙江省,公立医院,三甲,综合医院,https://www.zydsy.org.cn
哈尔滨市第五医院,黑龙江省,公立医院,三甲,综合医院,http://www.hrbdwyy.org.cn
哈尔滨市红十字中心医院,黑龙江省,公立医院,三甲,综合医院,https://www.hrbszxyy.com
哈尔滨医科大学附属第二医院,黑龙江省,公立医院,三甲,综合医院,https://www.hrbmush.edu.cn
鹤岗鹤矿医院,黑龙江省,公立医院,三甲,综合医院,https://www.hghkyy.com.cn
鹤岗市人民医院,黑龙江省,公立医院,三甲,综合医院,https://www.myzx.cn
黑龙江省第二医院,黑龙江省,公立医院,三甲,综合医院,http://www.hlj2h.org.cn
黑龙江省康复医院,黑龙江省,公立医院,三甲,综合医院,http://zyd4y.org.cn
黑龙江省农垦总医院,黑龙江省,公立医院,三甲,综合医院,http://www.hljnkzyy.org.cn
黑龙江省森工总医院,黑龙江省,公立医院,三甲,综合医院,http://www.sgzyy.org.cn
黑龙江省医院,黑龙江省,公立医院,三甲,综合医院,http://www.hljhospital.org.cn
黑龙江中医药大学附属第一医院,黑龙江省,公立医院,三甲,综合医院,http://www.hljzy.org.cn
红兴隆中心医院,黑龙江省,公立医院,三甲,综合医院,
佳木斯大学第一附属医院,黑龙江省,公立医院,三甲,综合医院,https://jmsuf.jmsu.edu.cn
佳木斯市中心医院,黑龙江省,公立医院,三甲,综合医院,
佳木斯中心医院二部,黑龙江省,公立医院,三甲,综合医院,
建三江人民医院,黑龙江省,公立医院,三甲,综合医院,https://news.qq.com
鸡西市医疗集团鸡西市人民医院,黑龙江省,公立医院,三甲,综合医院,
牡丹江林业中心医院,黑龙江省,公立医院,三甲,综合医院,https://www.mdjlyzxyy.cn
牡丹江市第二人民医院,黑龙江省,公立医院,三甲,综合医院,https://www.mdj2y.org.cn
牡丹江市第一人民医院,黑龙江省,公立医院,三甲,综合医院,
牡丹江医学院第二附属医院,黑龙江省,公立医院,三甲,综合医院,https://www.mdjyxydefsyy.org.cn
齐齐哈尔市第一医院,黑龙江省,公立医院,三甲,综合医院,https://www.qqhrdyyy.com.cn
齐齐哈尔医学院第一附属医院,黑龙江省,公立医院,三甲,综合医院,https://www.qqhryxyfsdyyy.org.cn
齐齐哈尔医学院附属第二医院,黑龙江省,公立医院,三甲,综合医院,https://www.qqhryxyfsdryy.org.cn
齐齐哈尔医学院附属第三医院,黑龙江省,公立医院,三甲,综合医院,https://www.qqhryxyfsdsyy.org.cn
七台河七煤医院,黑龙江省,公立医院,三甲,综合医院,https://www.myzx.cn
七台河市人民医院,黑龙江省,公立医院,三甲,综合医院,https://www.qthyy.org.cn
双鸭山矿业集团总医院,黑龙江省,公立医院,三甲,综合医院,
双鸭山市人民医院,黑龙江省,公立医院,三甲,综合医院,https://m.youlai.cn
绥化市第一医院,黑龙江省,公立医院,三甲,综合医院,https://www.shsdyyy.org.cn
中国人民解放军第二0三医院,黑龙江省,公立医院,三甲,综合医院,
中国人民解放军联勤保障部队第九六二医院,黑龙江省,公立医院,三甲,综合医院,
中国人民解放军联勤保障部队第九六一医院,黑龙江省,公立医院,三甲,综合医院,
大庆市第三医院,黑龙江省,公立医院,三甲,专科医院,http://www.dqsdsyy.com
大庆市中医院,黑龙江省,公立医院,三甲,专科医院,http://www.dqszyyy.com
哈尔滨市传染病医院,黑龙江省,公立医院,三甲,专科医院,http://www.hljjh.cn
哈尔滨市第一专科医院,黑龙江省,公立医院,三甲,专科医院,https://www.myzx.cn
哈尔滨市儿童医院,黑龙江省,公立医院,三甲,专科医院,
哈尔滨市妇幼保健院,黑龙江省,公立医院,三甲,专科医院,http://www.hljsfybjy.org.cn
哈尔滨市骨伤科医院,黑龙江省,公立医院,三甲,专科医院,https://www.youlai.cn
哈尔滨市胸科医院,黑龙江省,公立医院,三甲,专科医院,https://m.jianke.com
哈尔滨市中医医院,黑龙江省,公立医院,三甲,专科医院,https://www.hrbzyy.org.cn
鹤岗市中医院,黑龙江省,公立医院,三甲,专科医院,
黑龙江省传染病防治院,黑龙江省,公立医院,三甲,专科医院,http://www.hljjh.cn
黑龙江省第三医院,黑龙江省,公立医院,三甲,专科医院,
黑龙江省林业第二医院,黑龙江省,公立医院,三甲,专科医院,http://www.haf.com.cn
黑龙江省中医院,黑龙江省,公立医院,三甲,专科医院,http://www.hljstcm.org.cn
黑龙江神志医院,黑龙江省,公立医院,三甲,专科医院,http://www.shenzhiyiyuan.com
黑龙江中医药大学附属第二医院,黑龙江省,公立医院,三甲,专科医院,https://www.hljtcm.com
佳木斯大学附属康复医院,黑龙江省,公立医院,三甲,专科医院,https://www.jmsu.edu.cn
佳木斯大学附属口腔医院,黑龙江省,公立医院,三甲,专科医院,https://kqyxy.jmsu.edu.cn
佳木斯市传染病院,黑龙江省,公立医院,三甲,专科医院,https://www.jmsscrby.org.cn
佳木斯市妇幼保健院,黑龙江省,公立医院,三甲,专科医院,
佳木斯市骨科医院,黑龙江省,公立医院,三甲,专科医院,http://www.jmsgkyy.com.cn
佳木斯市肿瘤结核医院,黑龙江省,公立医院,三甲,专科医院,http://www.jmszljhyy.org.cn
佳木斯市中医院,黑龙江省,公立医院,三甲,专科医院,https://mip.mfk.com
鸡西市妇幼保健院,黑龙江省,公立医院,三甲,专科医院,
鸡西市中医医院,黑龙江省,公立医院,三甲,专科医院,
牡丹江市康安医院,黑龙江省,公立医院,三甲,专科医院,https://www.mdjkayy.org.cn
牡丹江市心血管病医院,黑龙江省,公立医院,三甲,专科医院,
牡丹江市肿瘤医院,黑龙江省,公立医院,三甲,专科医院,http://www.mdjszlyy.org.cn
牡丹江市中医院,黑龙江省,公立医院,三甲,专科医院,https://www.mfk.com
齐齐哈尔市中医院,黑龙江省,公立医院,三甲,专科医院,http://www.qqhrzyyy.org.cn
齐齐哈尔医学院附属第三医院东区,黑龙江省,公立医院,三甲,专科医院,
绥化市妇幼保健院,黑龙江省,公立医院,三甲,专科医院,http://www.shsfybjy.org.cn
黑龙江省农垦北安管理局中心医院,黑龙江省,公立医院,三乙,综合医院,
阿城市人民医院分院,黑龙江省,公立医院,三乙,综合医院,
大庆市第四医院,黑龙江省,公立医院,三乙,综合医院,
大庆市第五医院,黑龙江省,公立医院,三乙,综合医院,
哈尔滨市阿城区人民医院,黑龙江省,公立医院,三乙,综合医院,
哈尔滨市双城区人民医院,黑龙江省,公立医院,三乙,综合医院,
黑河市第一人民医院,黑龙江省,公立医院,三乙,综合医院,
黑龙江省农垦九三管理局中心医院,黑龙江省,公立医院,三乙,综合医院,
密山市裴德医院,黑龙江省,公立医院,三乙,综合医院,
密山市人民医院,黑龙江省,公立医院,三乙,综合医院,
武警黑龙江总队医院,黑龙江省,公立医院,三乙,综合医院,
伊春市中心医院,黑龙江省,公立医院,三乙,综合医院,
佳木斯市精神疾病防治院,黑龙江省,公立医院,三乙,专科医院,https://ncmhc.org.cn
伊春市妇幼保健院,黑龙江省,公立医院,三乙,专科医院,
牡丹江北方医院,黑龙江省,公立医院,二甲,综合医院,
安达市人民医院,黑龙江省,公立医院,二甲,综合医院,
安达市商业职工医院,黑龙江省,公立医院,二甲,综合医院,
拜泉县人民医院,黑龙江省,公立医院,二甲,综合医院,
宝清县人民医院,黑龙江省,公立医院,二甲,综合医院,
北安市第一人民医院,黑龙江省,公立医院,二甲,综合医院,https://m.youlai.cn
勃利县人民医院,黑龙江省,公立医院,二甲,综合医院,
大庆市第七医院,黑龙江省,公立医院,二甲,综合医院,http://www.dqszyyy.com
大庆石油管理局采油七厂职工医院,黑龙江省,公立医院,二甲,综合医院,http://www.first-hospital.com
大庆石油管理局采油五厂医院,黑龙江省,公立医院,二甲,综合医院,http://www.first-hospital.com
大庆油田总医院集团南区医院,黑龙江省,公立医院,二甲,综合医院,http://www.first-hospital.com
第一重型机器制造厂职工医院,黑龙江省,公立医院,二甲,综合医院,
东北轻合金加工厂职工医院,黑龙江省,公立医院,二甲,综合医院,http://zyneih.cn
杜尔伯特县人民医院,黑龙江省,公立医院,二甲,综合医院,https://yyk.familydoctor.com.cn
方正县人民医院,黑龙江省,公立医院,二甲,综合医院,
富锦市中心医院,黑龙江省,公立医院,二甲,综合医院,
甘南县人民医院,黑龙江省,公立医院,二甲,综合医院,
哈尔滨电机厂医院,黑龙江省,公立医院,二甲,综合医院,
哈尔滨第六医院,黑龙江省,公立医院,二甲,综合医院,
哈尔滨工业大学医院,黑龙江省,公立医院,二甲,综合医院,
哈尔滨锅炉厂医院,黑龙江省,公立医院,二甲,综合医院,
哈尔滨市宾县人民医院,黑龙江省,公立医院,二甲,综合医院,
哈尔滨市朝鲜民族医院,黑龙江省,公立医院,二甲,综合医院,
哈尔滨市道里区人民医院,黑龙江省,公立医院,二甲,综合医院,
哈尔滨市道外区太平人民医院,黑龙江省,公立医院,二甲,综合医院,
哈尔滨市第八医院,黑龙江省,公立医院,二甲,综合医院,
哈尔滨市第九医院,黑龙江省,公立医院,二甲,综合医院,
哈尔滨市公安医院,黑龙江省,公立医院,二甲,综合医院,
哈尔滨市香坊区人民医院,黑龙江省,公立医院,二甲,综合医院,
哈尔滨铁路分局医院,黑龙江省,公立医院,二甲,综合医院,
海伦市第一医院,黑龙江省,公立医院,二甲,综合医院,
黑龙江东宁县人民医院,黑龙江省,公立医院,二甲,综合医院,
黑龙江哈尔滨空军医院,黑龙江省,公立医院,二甲,综合医院,
黑龙江海员总医院,黑龙江省,公立医院,二甲,综合医院,https://www.hyzyy.org.cn
黑龙江朗乡林业局职工医院,黑龙江省,公立医院,二甲,综合医院,http://sgzyy.org.cn
黑龙江省电力医院,黑龙江省,公立医院,二甲,综合医院,
黑龙江省农垦齐齐哈尔管理局中心医院,黑龙江省,公立医院,二甲,综合医院,
红星区林业职工医院,黑龙江省,公立医院,二甲,综合医院,
桦川县人民医院,黑龙江省,公立医院,二甲,综合医院,
虎林市东方红林业局职工医院,黑龙江省,公立医院,二甲,综合医院,
虎林市人民医院,黑龙江省,公立医院,二甲,综合医院,
集贤县第一人民医院,黑龙江省,公立医院,二甲,综合医院,http://www.jixyy.com
鸡西煤炭医学高等专科学校附属医院,黑龙江省,公立医院,二甲,综合医院,https://www.qqhryxyfsdsyy.org.cn
鸡西市医集团鸡东县人民医院,黑龙江省,公立医院,二甲,综合医院,http://www.jidong.gov.cn
克东县人民医院,黑龙江省,公立医院,二甲,综合医院,
克山县人民医院,黑龙江省,公立医院,二甲,综合医院,
空军八六00一部队医院,黑龙江省,公立医院,二甲,综合医院,
兰西县人民医院,黑龙江省,公立医院,二甲,综合医院,https://www.youlai.cn
林口县人民医院,黑龙江省,公立医院,二甲,综合医院,https://www.lkxrmyy.org.cn
龙江县第二人民医院,黑龙江省,公立医院,二甲,综合医院,http://www.ljxrmzfw.gov.cn
龙江县第一人民医院,黑龙江省,公立医院,二甲,综合医院,
萝北县人民医院,黑龙江省,公立医院,二甲,综合医院,https://www.meipian.cn
明水县人民医院,黑龙江省,公立医院,二甲,综合医院,https://www.msxrmyy.cn
漠河市人民医院,黑龙江省,公立医院,二甲,综合医院,https://www.dhzyy.com
牡丹江农管局8511农场医院,黑龙江省,公立医院,二甲,综合医院,https://www.cndzys.com
牡丹江农管局职工医院,黑龙江省,公立医院,二甲,综合医院,https://mdjlyzxyy.cn
穆棱市第一人民医院,黑龙江省,公立医院,二甲,综合医院,https://ahmc1y.com
讷河市人民医院,黑龙江省,公立医院,二甲,综合医院,
嫩江县人民医院,黑龙江省,公立医院,二甲,综合医院,
庆安县人民医院,黑龙江省,公立医院,二甲,综合医院,https://www.qaxrmyy.cn
齐齐哈尔北满特钢集团职工医院,黑龙江省,公立医院,二甲,综合医院,https://www.zgylbx.com
齐齐哈尔和平医院,黑龙江省,公立医院,二甲,综合医院,https://www.qqhryxyfsdsyy.org.cn
齐齐哈尔华安医院,黑龙江省,公立医院,二甲,综合医院,https://www.qqhryxyfsdsyy.org.cn
齐齐哈尔碾子山区人民医院,黑龙江省,公立医院,二甲,综合医院,https://www.qmu.edu.cn
齐齐哈尔市第二机床厂职工医院,黑龙江省,公立医院,二甲,综合医院,
齐齐哈尔市第一机床厂职工医院,黑龙江省,公立医院,二甲,综合医院,https://www.youlai.cn
饶河县人民医院,黑龙江省,公立医院,二甲,综合医院,https://www.rhxrmyy.org.cn
山河屯林业局职工医院,黑龙江省,公立医院,二甲,综合医院,
双城市同仁医院,黑龙江省,公立医院,二甲,综合医院,
绥芬河市人民医院,黑龙江省,公立医院,二甲,综合医院,
绥化市人民医院,黑龙江省,公立医院,二甲,综合医院,
绥棱县医院,黑龙江省,公立医院,二甲,综合医院,https://www.zgylbx.com
孙吴县人民医院,黑龙江省,公立医院,二甲,综合医院,https://www.ssxyy.com
塔河县医院,黑龙江省,公立医院,二甲,综合医院,
泰来县人民医院,黑龙江省,公立医院,二甲,综合医院,
汤原县中心医院,黑龙江省,公立医院,二甲,综合医院,
铁力市人民医院,黑龙江省,公立医院,二甲,综合医院,https://www.qthyy.org.cn
通河县人民医院,黑龙江省,公立医院,二甲,综合医院,https://www.thxyy.cn
同江市人民医院,黑龙江省,公立医院,二甲,综合医院,
望奎县人民医院,黑龙江省,公立医院,二甲,综合医院,https://www.wkxrmyy.org.cn
苇河林业地区医院,黑龙江省,公立医院,二甲,综合医院,
五常市人民医院,黑龙江省,公立医院,二甲,综合医院,http://hljwch.gov.cn
武警黄金第一总队医院,黑龙江省,公立医院,二甲,综合医院,https://www.chunyuyisheng.com
五营林业局职工医院,黑龙江省,公立医院,二甲,综合医院,
延寿县人民医院,黑龙江省,公立医院,二甲,综合医院,
依安县人民医院,黑龙江省,公立医院,二甲,综合医院,http://www.yaxrmyy.org.cn
伊春市第一人民医院,黑龙江省,公立医院,二甲,综合医院,
依兰县人民医院,黑龙江省,公立医院,二甲,综合医院,https://www.ylxrmyy.org.cn
肇东市工人医院,黑龙江省,公立医院,二甲,综合医院,
肇东市人民医院,黑龙江省,公立医院,二甲,综合医院,https://www.zdsrmyy.org.cn
中国人民解放军哈尔滨宏征医院,黑龙江省,公立医院,二甲,综合医院,
中国人民解放军联勤保障部队第九六三医院,黑龙江省,公立医院,二甲,综合医院,
阿城市中医院,黑龙江省,公立医院,二甲,专科医院,http://www.jyszyy.net
安达市中医院,黑龙江省,公立医院,二甲,专科医院,https://adszyyy.org.cn
宝清县妇幼保健院,黑龙江省,公立医院,二甲,专科医院,
宝清县中医院,黑龙江省,公立医院,二甲,专科医院,https://www.jianshu.com
巴彦县中医院,黑龙江省,公立医院,二甲,专科医院,http://www.byxzyy.org.cn
北安市中医医院,黑龙江省,公立医院,二甲,专科医院,https://www.youlai.cn
勃利县中医医院,黑龙江省,公立医院,二甲,专科医院,https://m.haodf.com
甘南县中医院,黑龙江省,公立医院,二甲,专科医院,https://www.gannan.gov.cn
哈尔滨市道外区牙病防治院,黑龙江省,公立医院,二甲,专科医院,http://www.hljskqyy.com
哈尔滨市呼兰区中医医院,黑龙江省,公立医院,二甲,专科医院,https://www.hrbzyy.org.cn
哈尔滨铁路局结核病医院,黑龙江省,公立医院,二甲,专科医院,http://www.hljjh.cn
海林市中医院,黑龙江省,公立医院,二甲,专科医院,
海伦市中医院,黑龙江省,公立医院,二甲,专科医院,
鹤岗矿业集团妇婴医院,黑龙江省,公立医院,二甲,专科医院,
鹤岗矿业集团有限责任公司妇婴医院,黑龙江省,公立医院,二甲,专科医院,
鹤岗市传染病院,黑龙江省,公立医院,二甲,专科医院,
黑龙江省农垦局精神病院防治院,黑龙江省,公立医院,二甲,专科医院,http://www.hljjh.cn
黑龙江省中西医结合医院,黑龙江省,公立医院,二甲,专科医院,
黑龙江泰来县中医院,黑龙江省,公立医院,二甲,专科医院,
桦南县中医院,黑龙江省,公立医院,二甲,专科医院,
虎林市妇幼保健院,黑龙江省,公立医院,二甲,专科医院,
虎林市中医院,黑龙江省,公立医院,二甲,专科医院,https://new.qq.com
佳木斯市肛肠医院,黑龙江省,公立医院,二甲,专科医院,https://m.haodf.com
鸡东县中医院,黑龙江省,公立医院,二甲,专科医院,
集贤县中医医院,黑龙江省,公立医院,二甲,专科医院,http://jixyy.org.cn
集贤县中医院,黑龙江省,公立医院,二甲,专科医院,https://www.jianshu.com
鸡西市传染病医院,黑龙江省,公立医院,二甲,专科医院,
克东县中医院,黑龙江省,公立医院,二甲,专科医院,
克山县中医院,黑龙江省,公立医院,二甲,专科医院,https://www.zsszyy.com
龙江县中医医院,黑龙江省,公立医院,二甲,专科医院,
密山市中医医院,黑龙江省,公立医院,二甲,专科医院,https://www.jianshu.com
牡丹江市口腔医院,黑龙江省,公立医院,二甲,专科医院,http://www.mdj.gov.cn
讷河市妇幼保健院,黑龙江省,公立医院,二甲,专科医院,
讷河市中医院,黑龙江省,公立医院,二甲,专科医院,
宁安市中医院,黑龙江省,公立医院,二甲,专科医院,https://www.naszyy.cn
齐齐哈尔市第七医院,黑龙江省,公立医院,二甲,专科医院,
齐齐哈尔市结核病防治院,黑龙江省,公立医院,二甲,专科医院,http://www.jhbfzy.org.cn
七台河市新兴区妇幼保健院,黑龙江省,公立医院,二甲,专科医院,
七台河市中医院,黑龙江省,公立医院,二甲,专科医院,https://www.meipian.cn
饶河县中医医院,黑龙江省,公立医院,二甲,专科医院,https://www.rhxrmyy.org.cn
尚志市中医院,黑龙江省,公立医院,二甲,专科医院,
双鸭山市口腔医院,黑龙江省,公立医院,二甲,专科医院,http://www.sysfybjy.org.cn
双鸭山市中医院,黑龙江省,公立医院,二甲,专科医院,
绥滨县中医院,黑龙江省,公立医院,二甲,专科医院,https://www.suibin.gov.cn
绥化市中医院,黑龙江省,公立医院,二甲,专科医院,
绥棱县妇幼保健院,黑龙江省,公立医院,二甲,专科医院,
塔河县中医院,黑龙江省,公立医院,二甲,专科医院,
汤原县中医院,黑龙江省,公立医院,二甲,专科医院,
通河县中医院,黑龙江省,公立医院,二甲,专科医院,
同江市中医院,黑龙江省,公立医院,二甲,专科医院,
望奎县中医院,黑龙江省,公立医院,二甲,专科医院,http://www.wkzyy.com
五常市妇幼保健院,黑龙江省,公立医院,二甲,专科医院,
伊春市中医院,黑龙江省,公立医院,二甲,专科医院,http://www.ycszxyy.org.cn
肇东市中医医院,黑龙江省,公立医院,二甲,专科医院,
宝清县八五三农场医院,黑龙江省,公立医院,二乙,综合医院,
哈尔滨市平房区人民医院,黑龙江省,公立医院,二乙,综合医院,
阿木尔林业局职工医院,黑龙江省,公立医院,二乙,综合医院,http://sgzyy.org.cn
昂昂溪区第二人民医院,黑龙江省,公立医院,二乙,综合医院,
昂昂溪铁路医院,黑龙江省,公立医院,二乙,综合医院,https://www.aax.gov.cn
八面通林业局医院,黑龙江省,公立医院,二乙,综合医院,https://news.qq.com
巴彦县第二人民医院,黑龙江省,公立医院,二乙,综合医院,http://www.bydermyy.org.cn
北安市第二人民医院,黑龙江省,公立医院,二乙,综合医院,https://www.nkbazxyy.org.cn
北安市第三人民医院,黑龙江省,公立医院,二乙,综合医院,https://www.miaoshou.net
北安市第四人民医院,黑龙江省,公立医院,二乙,综合医院,https://www.hljba.gov.cn
北京市双河医院,黑龙江省,公立医院,二乙,综合医院,
翠峦林业局职工医院,黑龙江省,公立医院,二乙,综合医院,
大庆市红岗区人民医院,黑龙江省,公立医院,二乙,综合医院,https://www.dqsrmyy.com
大庆市龙凤区人民医院,黑龙江省,公立医院,二乙,综合医院,
大庆市让胡路区医院,黑龙江省,公立医院,二乙,综合医院,https://www.rhlrmyy.cn
大庆石油管理局八百垧第一职工医院,黑龙江省,公立医院,二乙,综合医院,https://www.myzx.cn
大庆石油管理局萨中第一职工医院,黑龙江省,公立医院,二乙,综合医院,http://www.first-hospital.com
大庆油田总医院集团乘风医院,黑龙江省,公立医院,二乙,综合医院,http://www.first-hospital.com
杜蒙自治县中蒙医院,黑龙江省,公立医院,二乙,综合医院,
抚远县人民医院,黑龙江省,公立医院,二乙,综合医院,
富裕县人民医院,黑龙江省,公立医院,二乙,综合医院,https://www.fuyu.gov.cn
富裕县中医院,黑龙江省,公立医院,二乙,综合医院,https://www.163.com
哈尔滨市动力区护理医院,黑龙江省,公立医院,二乙,综合医院,http://www.ydsy.cn
哈尔滨市呼兰区第一人民医院,黑龙江省,公立医院,二乙,综合医院,
哈尔滨市穆斯林医院,黑龙江省,公立医院,二乙,综合医院,https://www.hrbzyy.org.cn
哈尔滨星光医院,黑龙江省,公立医院,二乙,综合医院,http://www.xinggunagyiyuan.com
海林林业局医院,黑龙江省,公立医院,二乙,综合医院,https://www.haodf.com
鹤北林业局职工医院,黑龙江省,公立医院,二乙,综合医院,https://www.hghkyy.com.cn
鹤岗市红十字医院,黑龙江省,公立医院,二乙,综合医院,http://www.hljredcross.org.cn
鹤岗市兴山人民医院,黑龙江省,公立医院,二乙,综合医院,https://www.myzx.cn
鹤岗市新一人民医院,黑龙江省,公立医院,二乙,综合医院,https://www.hegang.gov.cn
黑龙江呼中林业局职工医院,黑龙江省,公立医院,二乙,综合医院,https://www.zgylbx.com
黑龙江省八五二农场医院,黑龙江省,公立医院,二乙,综合医院,https://www.hrb242.org.cn
黑龙江省监狱管理局中心医院,黑龙江省,公立医院,二乙,综合医院,
黑龙江省克山农场医院,黑龙江省,公立医院,二乙,综合医院,https://www.keshan.gov.cn
黑龙江省商业职工医院,黑龙江省,公立医院,二乙,综合医院,http://www.hljsfybjy.org.cn
黑龙江省泰来监狱医院,黑龙江省,公立医院,二乙,综合医院,https://jyglj.hlj.gov.cn
黑龙江中医药大学佳木斯学院附属医院,黑龙江省,公立医院,二乙,综合医院,http://hljzy.org.cn
鹤立林业局医院,黑龙江省,公立医院,二乙,综合医院,https://www.hghkyy.com.cn
桦南县人民医院,黑龙江省,公立医院,二乙,综合医院,https://www.hcshospital.com
虎林市红十字医院,黑龙江省,公立医院,二乙,综合医院,
呼玛县人民医院,黑龙江省,公立医院,二乙,综合医院,
加格达奇区人民医院,黑龙江省,公立医院,二乙,综合医院,
建三江农场管理局五九七农场职工医院,黑龙江省,公立医院,二乙,综合医院,https://www.china-jsj.com
嘉荫县人民医院,黑龙江省,公立医院,二乙,综合医院,
鸡西矿务局二道河子矿职工医院,黑龙江省,公立医院,二乙,综合医院,
鸡西市滴道区人民医院,黑龙江省,公立医院,二乙,综合医院,https://www.zgylbx.com
鸡西市梨树区医院,黑龙江省,公立医院,二乙,综合医院,
鸡西市人民医院医疗集团恒山中心医院,黑龙江省,公立医院,二乙,综合医院,https://www.zgylbx.com
鸡西市医集团恒山区医院,黑龙江省,公立医院,二乙,综合医院,
鸡西市医集团梨树中心医院分院,黑龙江省,公立医院,二乙,综合医院,
林甸县人民医院,黑龙江省,公立医院,二乙,综合医院,
林口林业局医院,黑龙江省,公立医院,二乙,综合医院,
美溪林业局职工医院,黑龙江省,公立医院,二乙,综合医院,https://www.zgylbx.com
明水县第二医院,黑龙江省,公立医院,二乙,综合医院,https://www.msxrmyy.cn
牡丹江市第二人民医院第一分院,黑龙江省,公立医院,二乙,综合医院,
牡丹江市第五人民医院,黑龙江省,公立医院,二乙,综合医院,http://www.dqsdwyy.org.cn
木兰县人民医院,黑龙江省,公立医院,二乙,综合医院,
青冈县红十字会医院,黑龙江省,公立医院,二乙,综合医院,http://www.hgredcross.org
清河林区人民医院,黑龙江省,公立医院,二乙,综合医院,
齐齐哈尔市昂溪区人民医院,黑龙江省,公立医院,二乙,综合医院,https://www.aax.gov.cn
齐齐哈尔市财贸职工医院,黑龙江省,公立医院,二乙,综合医院,
七台河警官医院,黑龙江省,公立医院,二乙,综合医院,https://www.chunyuyisheng.com
萨尔图区人民医院,黑龙江省,公立医院,二乙,综合医院,https://www.saertu.gov.cn
十八站林业局职工医院,黑龙江省,公立医院,二乙,综合医院,
双丰林业局职工医院,黑龙江省,公立医院,二乙,综合医院,http://k.sina.com.cn
双河农场医院,黑龙江省,公立医院,二乙,综合医院,
双鸭山市煤炭总医院岭东分院,黑龙江省,公立医院,二乙,综合医院,
绥化市第四医院,黑龙江省,公立医院,二乙,综合医院,https://www.suihua.gov.cn
汤旺河林业局职工医院,黑龙江省,公立医院,二乙,综合医院,https://yyk.fh21.com.cn
汤原县第二人民医院,黑龙江省,公立医院,二乙,综合医院,https://www.tangyuan.gov.cn
铁力林业局职工医院,黑龙江省,公立医院,二乙,综合医院,https://www.zgylbx.com
通北林业局医院,黑龙江省,公立医院,二乙,综合医院,http://www.ycszxyy.org.cn
苇河林业局医院,黑龙江省,公立医院,二乙,综合医院,
五大连池市第一人民医院,黑龙江省,公立医院,二乙,综合医院,
西安区先锋医院江滨社区卫生服务站心,黑龙江省,公立医院,二乙,综合医院,
新林区人民医院,黑龙江省,公立医院,二乙,综合医院,https://www.xlqrmyy.org.cn
逊克县人民医院,黑龙江省,公立医院,二乙,综合医院,http://www.hljhospital.org.cn
伊春市第二人民医院,黑龙江省,公立医院,二乙,综合医院,http://www.ycszxyy.org.cn
伊春市第三人民医院,黑龙江省,公立医院,二乙,综合医院,http://www.ycszxyy.org.cn
伊春市上甘岭林业局职工医院,黑龙江省,公立医院,二乙,综合医院,http://www.ycszxyy.org.cn
伊春市乌伊岭区职工医院,黑龙江省,公立医院,二乙,综合医院,http://www.ycszxyy.org.cn
伊春市西林区人民医院,黑龙江省,公立医院,二乙,综合医院,
依兰县第二人民医院,黑龙江省,公立医院,二乙,综合医院,
迎春林业地区人民医院,黑龙江省,公立医院,二乙,综合医院,https://www.guahao.com
友好区林业职工医院,黑龙江省,公立医院,二乙,综合医院,http://www.enyang120.com
拜泉县中医院,黑龙江省,公立医院,二乙,专科医院,
大庆油田总医院集团脑血管医院,黑龙江省,公立医院,二乙,专科医院,http://www.first-hospital.com
东宁县中医院,黑龙江省,公立医院,二乙,专科医院,https://www.ndzyy.com
杜尔伯特蒙古族自治县中医院,黑龙江省,公立医院,二乙,专科医院,https://yyk.familydoctor.com.cn
富裕县中医医院,黑龙江省,公立医院,二乙,专科医院,
哈尔滨市道外区太平中西医结合医院,黑龙江省,公立医院,二乙,专科医院,http://www.hrbdw.gov.cn
哈尔滨市老年医院,黑龙江省,公立医院,二乙,专科医院,https://www.hlj5h.org.cn
哈尔滨市双城区中医院,黑龙江省,公立医院,二乙,专科医院,
海林市妇幼保健院,黑龙江省,公立医院,二乙,专科医院,
克山县中西医结合医院,黑龙江省,公立医院,二乙,专科医院,http://www.hbsczzxy.com
兰西县中医院,黑龙江省,公立医院,二乙,专科医院,http://www.lxxzyyy.com
林甸县中医院,黑龙江省,公立医院,二乙,专科医院,
林口县中医院,黑龙江省,公立医院,二乙,专科医院,
萝北县中医院,黑龙江省,公立医院,二乙,专科医院,https://www.163.com
明水县中医院,黑龙江省,公立医院,二乙,专科医院,https://msxzyy.org.cn
穆棱市中医院,黑龙江省,公立医院,二乙,专科医院,https://www.mlszyy.org.cn
青冈县中医院,黑龙江省,公立医院,二乙,专科医院,https://www.qgnet.gov.cn
七台河市妇幼保健院,黑龙江省,公立医院,二乙,专科医院,
双城市骨伤科医院,黑龙江省,公立医院,二乙,专科医院,http://m.jlgkyy.cn
绥芬河市中医院,黑龙江省,公立医院,二乙,专科医院,http://www.fszyy.net
延寿县中医院,黑龙江省,公立医院,二乙,专科医院,
依安县中医院,黑龙江省,公立医院,二乙,专科医院,https://www.yaxzyyy.org.cn
肇源县中医院,黑龙江省,公立医院,二乙,专科医院,https://www.163.com
肇州县中医院,黑龙江省,公立医院,二乙,专科医院,
昂昂溪区人民医院,黑龙江省,公立医院,二丙,综合医院,
中都医院,黑龙江省,公立医院,未定级,综合医院,
牡丹江爱心女子医院,黑龙江省,公立医院,未定级,专科医院,http://tag.120ask.com
鸡西矿业集团总医院,黑龙江省,私立医院,三甲,综合医院,
齐齐哈尔建华医院,黑龙江省,私立医院,三甲,综合医院,
齐齐哈尔协育友好医院,黑龙江省,私立医院,三甲,综合医院,https://www.qqhryxyfsdsyy.org.cn
黑龙江华澳医院,黑龙江省,私立医院,三丙,综合医院,
牡丹江现代泌尿医院,黑龙江省,私立医院,二甲,专科医院,
黑河市中医医院,黑龙江省,私立医院,二甲,专科医院,
黑龙江东大肛肠医院,黑龙江省,私立医院,二甲,专科医院,
黑龙江九州妇产医院,黑龙江省,私立医院,二甲,专科医院,http://m.9zfk.com
五常市中医院,黑龙江省,私立医院,二甲,专科医院,https://www.czzyy.com
北方民族医院,黑龙江省,私立医院,二乙,综合医院,
勃利圣仁医院,黑龙江省,私立医院,二乙,综合医院,
大海林林业局医院,黑龙江省,私立医院,二乙,综合医院,
黑龙江省八五四农场医院,黑龙江省,私立医院,二乙,综合医院,https://health.china.com
佳纸公司职工医院,黑龙江省,私立医院,二乙,综合医院,http://www.gdecg.com
宁安市镜泊湖医院,黑龙江省,私立医院,二乙,综合医院,
中煤龙化哈尔滨实业有限公司职工医院,黑龙江省,私立医院,二乙,综合医院,https://www.zgylbx.com
大兴安岭红十字会骨伤医院,黑龙江省,私立医院,二乙,专科医院,
海林市肛肠医院,黑龙江省,私立医院,二乙,专科医院,https://www.hailin.gov.cn
牡丹江市桦林中医整骨医院,黑龙江省,私立医院,二乙,专科医院,
绥化市惠民医院,黑龙江省,私立医院,一级,综合医院,https://huiminyy.cn
复旦大学附属中山医院厦门医院,福建省,公立医院,三甲,综合医院,https://www.zsxmhospital.com
福建省龙岩市第一医院,福建省,公立医院,三甲,综合医院,
福建省人民医院,福建省,公立医院,三甲,综合医院,https://www.srmyy.com
福建医科大学附属第一医院,福建省,公立医院,三甲,综合医院,https://www.fyyy.com
福建医科大学附属协和医院,福建省,公立医院,三甲,综合医院,http://www.fjxiehe.com
南平市第一医院,福建省,公立医院,三甲,综合医院,https://www.npsdyyy.com
宁德市闽东医院,福建省,公立医院,三甲,综合医院,https://www.fjmdyy.com
泉州市中医院,福建省,公立医院,三甲,综合医院,https://www.qzzyy.org.cn
厦门大学附属第一医院,福建省,公立医院,三甲,综合医院,https://www.xmfh.com.cn
厦门大学附属翔安医院,福建省,公立医院,三甲,综合医院,https://xah.xmu.edu.cn
厦门医学院附属第二医院,福建省,公立医院,三甲,综合医院,https://www.xmdeyy.com
福建省第二人民医院,福建省,公立医院,三甲,综合医院,https://www.fjhospital.com
福建省立医院,福建省,公立医院,三甲,综合医院,https://www.fjsl.com.cn
福建省立医院南院,福建省,公立医院,三甲,综合医院,http://www.fjslny.com.cn
福建医科大学附属第二医院,福建省,公立医院,三甲,综合医院,https://www.fyey.cn
福建医科大学附属泉州第一医院,福建省,公立医院,三甲,综合医院,https://www.qzdyyy.com
福州市长乐区空港医院,福建省,公立医院,三甲,综合医院,http://www.fzcl.gov.cn
福州市第二医院,福建省,公立医院,三甲,综合医院,https://www.fzsdeyy.com
福州市第一医院,福建省,公立医院,三甲,综合医院,https://www.fzsdyyy.com
宁德市医院,福建省,公立医院,三甲,综合医院,https://www.ndsyy.com
莆田市第一医院,福建省,公立医院,三甲,综合医院,https://www.ptsyy.com
莆田学院附属医院,福建省,公立医院,三甲,综合医院,http://www.ptxyfsyy.com.cn
三明市第一医院,福建省,公立医院,三甲,综合医院,https://www.smdyyy.cn
武警福建总队医院,福建省,公立医院,三甲,综合医院,https://m.jianke.com
厦门大学附属成功医院,福建省,公立医院,三甲,综合医院,
厦门大学附属中山医院,福建省,公立医院,三甲,综合医院,https://www.163.com
漳州市医院,福建省,公立医院,三甲,综合医院,https://www.zzfh.com
中国人民解放军第四七六医院,福建省,公立医院,三甲,综合医院,https://m.jianke.com
中国人民解放军联勤保障部队第九〇九医院,福建省,公立医院,三甲,综合医院,https://www.163.com
中国人民解放军联勤保障部队第九一〇医院,福建省,公立医院,三甲,综合医院,http://www.910yy.mil.cn
中国人民解放军联勤保障部队第九〇〇医院,福建省,公立医院,三甲,综合医院,https://www.haohuanjiao.com
福建医科大学孟超肝胆医院,福建省,公立医院,三甲,专科医院,https://www.fzcrb.com
福州市中医院,福建省,公立医院,三甲,专科医院,https://www.fzszyy.cn
泉州市正骨医院,福建省,公立医院,三甲,专科医院,https://www.qzzg.cn
厦门大学附属心血管病医院,福建省,公立医院,三甲,专科医院,https://www.xmheart.com
厦门市儿童医院,福建省,公立医院,三甲,专科医院,https://www.xmsetyy.com
厦门市妇幼保健院,福建省,公立医院,三甲,专科医院,https://www.xmfybj.cn
福建省妇幼保健院,福建省,公立医院,三甲,专科医院,https://www.fjsfy.com
福建省福州神经精神病防治院,福建省,公立医院,三甲,专科医院,http://www.fzsdsyy.com
福建省肿瘤医院,福建省,公立医院,三甲,专科医院,https://www.fjzl.com.cn
福建中医药大学附属康复医院,福建省,公立医院,三甲,专科医院,https://www.fjkf.net
福州肺科医院,福建省,公立医院,三甲,专科医院,https://www.fjfk.com
福州市妇幼保健院,福建省,公立医院,三甲,专科医院,http://www.fzfybj.com
晋江市中医院,福建省,公立医院,三甲,专科医院,https://www.jinjiang.gov.cn
南平市人民医院,福建省,公立医院,三甲,专科医院,
宁德市中医院,福建省,公立医院,三甲,专科医院,https://www.ndzyy.com
三明市中西医结合医院,福建省,公立医院,三甲,专科医院,http://www.smzxy.com
厦门市仙岳医院,福建省,公立医院,三甲,专科医院,https://www.xmxy.net
厦门市中医院,福建省,公立医院,三甲,专科医院,https://www.xmtcm.com
漳州市中医院,福建省,公立医院,三甲,专科医院,https://www.zzzyy.com
中国人民解放军联勤保障部队第九〇七医院,福建省,公立医院,三甲,专科医院,http://www.81.cn
福鼎市医院,福建省,公立医院,三乙,综合医院,https://www.fdsyy.com
三明市永安总医院,福建省,公立医院,三乙,综合医院,http://www.sm2y.cn
龙岩市第二医院,福建省,公立医院,三乙,综合医院,https://www.lydeyy.com
龙岩市人民医院,福建省,公立医院,三乙,综合医院,https://www.fjlyrmyy.com
南安市医院,福建省,公立医院,三乙,综合医院,http://www.nasyy.com
南京军区福州总医院第九五分院,福建省,公立医院,三乙,综合医院,https://jbk.iask.sina.com.cn
三明市第二医院东院,福建省,公立医院,三乙,综合医院,https://yyk.familydoctor.com.cn
邵武市立医院,福建省,公立医院,三乙,综合医院,
厦门市第三医院,福建省,公立医院,三乙,综合医院,https://www.xmdsyy.com
厦门市第五医院,福建省,公立医院,三乙,综合医院,https://www.xmsdwyy.cn
福建省皮肤病性病防治院,福建省,公立医院,三乙,专科医院,http://www.fzpfy.com
福州市皮肤病防治院,福建省,公立医院,三乙,专科医院,http://www.fzpfy.com
龙岩市第三医院,福建省,公立医院,三乙,专科医院,https://www.lydsyy.com
龙岩市中医院,福建省,公立医院,三乙,专科医院,https://www.lyszyy.com
泉州市第三医院,福建省,公立医院,三乙,专科医院,https://www.qzsdsyy.cn
泉州市儿童医院,福建省,公立医院,三乙,专科医院,https://www.qzfeyy.com
厦门医学高等专科学校附属口腔医院,福建省,公立医院,三乙,专科医院,
长泰县医院,福建省,公立医院,二甲,综合医院,
大田县医院,福建省,公立医院,二甲,综合医院,https://www.dtxzyy.com.cn
德化县医院,福建省,公立医院,二甲,综合医院,http://www.dehua.gov.cn
东山县医院,福建省,公立医院,二甲,综合医院,
福建省将乐总县医院,福建省,公立医院,二甲,综合医院,https://www.smjlxzyy.com
福建省级机关医院,福建省,公立医院,二甲,综合医院,https://www.fjsj.com
福建省南平市第二医院,福建省,公立医院,二甲,综合医院,
福建省武警边防总队医院,福建省,公立医院,二甲,综合医院,https://www.fjmu.edu.cn
福州市长乐区医院,福建省,公立医院,二甲,综合医院,
福州市第八医院,福建省,公立医院,二甲,综合医院,
福州市第六医院,福建省,公立医院,二甲,综合医院,https://www.fzsdyyy.com
福州市马尾区医院,福建省,公立医院,二甲,综合医院,https://www.mwqyy.com
福州总医院第二附属医院,福建省,公立医院,二甲,综合医院,https://www.163.com
古田县医院,福建省,公立医院,二甲,综合医院,http://www.gutian.gov.cn
华侨大学医院,福建省,公立医院,二甲,综合医院,https://sbm.hqu.edu.cn
惠安县医院,福建省,公立医院,二甲,综合医院,http://www.haxyy.cn
建瓯市立医院,福建省,公立医院,二甲,综合医院,https://www.joslyy.com
晋江市安海医院,福建省,公立医院,二甲,综合医院,
晋江市医院晋南分院,福建省,公立医院,二甲,综合医院,
连城县医院,福建省,公立医院,二甲,综合医院,
连江县医院,福建省,公立医院,二甲,综合医院,
罗源县医院,福建省,公立医院,二甲,综合医院,http://www.luoyuan.gov.cn
明溪县医院,福建省,公立医院,二甲,综合医院,https://www.mxxzyy.com
闽清县总医院,福建省,公立医院,二甲,综合医院,http://www.fzmq.gov.cn
南安市国专医院,福建省,公立医院,二甲,综合医院,https://www.dayi.org.cn
南靖县人民医院,福建省,公立医院,二甲,综合医院,http://www.fjnj.gov.cn
南平市第二医院,福建省,公立医院,二甲,综合医院,http://www.np2y.net
南平市建阳第一医院,福建省,公立医院,二甲,综合医院,https://www.npsdyyy.com
宁德人民医院,福建省,公立医院,二甲,综合医院,http://www.fjsndrmyy.com
宁化县总医院,福建省,公立医院,二甲,综合医院,https://www.nhzyy.cn
平和县医院,福建省,公立医院,二甲,综合医院,
平潭综合实验区医院,福建省,公立医院,二甲,综合医院,https://m.jianke.com
浦城县医院,福建省,公立医院,二甲,综合医院,https://www.meipian.cn
莆田东方医院,福建省,公立医院,二甲,综合医院,http://ptpfyy.com
莆田东方医院妇科中心,福建省,公立医院,二甲,综合医院,http://ptpfyy.com
莆田市荔城区平民医院,福建省,公立医院,二甲,综合医院,http://www.ptxyfsyy.com.cn
莆田市荔城区医院,福建省,公立医院,二甲,综合医院,
莆田市秀屿区医院,福建省,公立医院,二甲,综合医院,http://www.ptxy.gov.cn
清流县总医院,福建省,公立医院,二甲,综合医院,http://www.qlxzyy.cn
泉州市光前医院,福建省,公立医院,二甲,综合医院,http://www.qzsgqyy.cn
泉州医学高等专科学校附属人民医院,福建省,公立医院,二甲,综合医院,http://www.qzsrmyy.com
三明市沙县医院,福建省,公立医院,二甲,综合医院,https://zyy.fjsxhospital.com
三明市永安总医院南院区,福建省,公立医院,二甲,综合医院,https://www.dayi.org.cn
上杭县医院,福建省,公立医院,二甲,综合医院,https://www.fjshxyy.cn
武警八七一Ｏ部队医院,福建省,公立医院,二甲,综合医院,
武平县医院,福建省,公立医院,二甲,综合医院,https://wpxyy.com
武夷山市立医院,福建省,公立医院,二甲,综合医院,https://www.wys.gov.cn
厦门大学附属第一医院杏林分院,福建省,公立医院,二甲,综合医院,
仙游县医院,福建省,公立医院,二甲,综合医院,https://www.fjsxyxzyy.com
霞浦县医院,福建省,公立医院,二甲,综合医院,
永春县医院,福建省,公立医院,二甲,综合医院,https://news.qq.com
永定县医院,福建省,公立医院,二甲,综合医院,
永泰县医院,福建省,公立医院,二甲,综合医院,http://www.yongtai.gov.cn
云霄县医院,福建省,公立医院,二甲,综合医院,
漳平市医院,福建省,公立医院,二甲,综合医院,
漳州人民医院,福建省,公立医院,二甲,综合医院,
漳州市云宵县医院,福建省,公立医院,二甲,综合医院,
诏安县医院,福建省,公立医院,二甲,综合医院,
长乐市中医院,福建省,公立医院,二甲,专科医院,
长汀县妇幼保健院,福建省,公立医院,二甲,专科医院,
长汀县中医院,福建省,公立医院,二甲,专科医院,
大田县中医院,福建省,公立医院,二甲,专科医院,
德化县中医院,福建省,公立医院,二甲,专科医院,
东山县中医院,福建省,公立医院,二甲,专科医院,
福鼎市中医院,福建省,公立医院,二甲,专科医院,
福清市中医院,福建省,公立医院,二甲,专科医院,
惠安县中医院,福建省,公立医院,二甲,专科医院,
建瓯市中西医结合医院,福建省,公立医院,二甲,专科医院,
连江县中医院,福建省,公立医院,二甲,专科医院,
龙海市中医院,福建省,公立医院,二甲,专科医院,
罗源县中医院,福建省,公立医院,二甲,专科医院,
南安市中医院,福建省,公立医院,二甲,专科医院,
南靖县中医院,福建省,公立医院,二甲,专科医院,
南平市妇幼保健院,福建省,公立医院,二甲,专科医院,
宁化县中医院,福建省,公立医院,二甲,专科医院,
浦城县中医院,福建省,公立医院,二甲,专科医院,
莆田妇产专科医院,福建省,公立医院,二甲,专科医院,
三明市沙县中医院,福建省,公立医院,二甲,专科医院,
上杭县中医院,福建省,公立医院,二甲,专科医院,
邵武市人民医院,福建省,公立医院,二甲,专科医院,
松溪县中医院,福建省,公立医院,二甲,专科医院,
泰宁县中医院,福建省,公立医院,二甲,专科医院,
武平县中医院,福建省,公立医院,二甲,专科医院,
厦门市同安区中医医院,福建省,公立医院,二甲,专科医院,
仙游县第二医院,福建省,公立医院,二甲,专科医院,
霞浦县中医院,福建省,公立医院,二甲,专科医院,
永定县中医院,福建省,公立医院,二甲,专科医院,https://www.lyszyy.com
尤溪县总医院,福建省,公立医院,二甲,专科医院,
云霄县中医院,福建省,公立医院,二甲,专科医院,
漳浦县中医院,福建省,公立医院,二甲,专科医院,
漳州丹霞医院,福建省,公立医院,二甲,专科医院,http://zzxy.zhangzhou.gov.cn
漳州市芗城区中医院,福建省,公立医院,二甲,专科医院,https://www.zzzyy.com
诏安县中医院,福建省,公立医院,二甲,专科医院,https://www.qzzyy.org.cn
安溪县官桥医院,福建省,公立医院,二乙,综合医院,
福安市医院,福建省,公立医院,二乙,综合医院,
福鼎市第二医院,福建省,公立医院,二乙,综合医院,https://www.fdsyy.com
福鼎市海军医院,福建省,公立医院,二乙,综合医院,
福建省南平市第一医院顺昌分院,福建省,公立医院,二乙,综合医院,
福建省天湖山能源实业有限公司医院,福建省,公立医院,二乙,综合医院,http://www.fnhealth.com
福清市第二医院,福建省,公立医院,二乙,综合医院,https://www.fzsdeyy.com
福清市红十字医院,福建省,公立医院,二乙,综合医院,https://www.fjredcross.org.cn
福州市第七医院,福建省,公立医院,二乙,综合医院,https://www.miaoshou.net
福州市二化集团有限公司职工医院,福建省,公立医院,二乙,综合医院,https://www.fzsdeyy.com
光泽县医院,福建省,公立医院,二乙,综合医院,https://m.jianke.com
华安县医院,福建省,公立医院,二乙,综合医院,https://www.ahuaan.com
建宁县医院,福建省,公立医院,二乙,综合医院,http://www.jnxyy.com.cn
龙海市第二医院,福建省,公立医院,二乙,综合医院,
龙岩市永定区坎市医院,福建省,公立医院,二乙,综合医院,
闽清县六都医院,福建省,公立医院,二乙,综合医院,
南安市海都医院,福建省,公立医院,二乙,综合医院,
南安市南侨医院,福建省,公立医院,二乙,综合医院,
南平森工医院,福建省,公立医院,二乙,综合医院,http://www.np.gov.cn
南平市第一医院松溪分院,福建省,公立医院,二乙,综合医院,https://www.songxi.gov.cn
南平市第一医院延平分院,福建省,公立医院,二乙,综合医院,https://www.npsdyyy.com
南平市第一医院政和分院,福建省,公立医院,二乙,综合医院,https://www.npsdyyy.com
三明市第五医院,福建省,公立医院,二乙,综合医院,http://tag.120ask.com
邵武市第二医院,福建省,公立医院,二乙,综合医院,https://fjswslyy.shaowu.gov.cn
石狮市子英医院,福建省,公立医院,二乙,综合医院,
寿宁县医院,福建省,公立医院,二乙,综合医院,http://www.sxxyy.com.cn
厦门大学附属第一医院思明分院,福建省,公立医院,二乙,综合医院,
厦门大学医院,福建省,公立医院,二乙,综合医院,https://hospital.xmu.edu.cn
漳浦县第二医院,福建省,公立医院,二乙,综合医院,
柘荣县医院,福建省,公立医院,二乙,综合医院,
中国水利水电第十六工程局有限公司职工医院,福建省,公立医院,二乙,综合医院,
周宁县医院,福建省,公立医院,二乙,综合医院,
长乐市精神病医院,福建省,公立医院,二乙,专科医院,http://www.fzcljsbyy.com
福安市中医院,福建省,公立医院,二乙,专科医院,https://www.ndzyy.com
光泽县中医院,福建省,公立医院,二乙,专科医院,
华安县中医院,福建省,公立医院,二乙,专科医院,
将乐县中医院,福建省,公立医院,二乙,专科医院,https://www.smjlxzyy.com
龙岩市新罗区妇幼保健院,福建省,公立医院,二乙,专科医院,http://www.xlfybjy.com
明溪县中医院,福建省,公立医院,二乙,专科医院,
闽清县中医院,福建省,公立医院,二乙,专科医院,https://www.fzszyy.cn
南平市建阳中医院,福建省,公立医院,二乙,专科医院,https://m.163.com
宁德市妇幼保健院,福建省,公立医院,二乙,专科医院,
平和县精神病防治医院,福建省,公立医院,二乙,专科医院,http://www.phxlyy.com
平潭县中医院,福建省,公立医院,二乙,专科医院,https://m.jianke.com
莆田市康复医院,福建省,公立医院,二乙,专科医院,https://www.youlai.cn
清流县中医院,福建省,公立医院,二乙,专科医院,http://myyk.jianke.com
顺昌县中医院,福建省,公立医院,二乙,专科医院,
武夷山市中医院,福建省,公立医院,二乙,专科医院,
永春县中医院,福建省,公立医院,二乙,专科医院,
永泰县中医院,福建省,公立医院,二乙,专科医院,
漳平市中医院,福建省,公立医院,二乙,专科医院,
漳州市精神病收容所,福建省,公立医院,二乙,专科医院,
政和县中医院,福建省,公立医院,二乙,专科医院,https://m.jianke.com
周宁县中医院,福建省,公立医院,二乙,专科医院,https://www.ndzyy.com
厦门长庚医院,福建省,私立医院,三甲,综合医院,https://www.cgmh.com.cn
厦门眼科中心,福建省,私立医院,三甲,专科医院,https://www.xiameneye.org.cn
泉州德诚医院,福建省,私立医院,三乙,综合医院,https://www.qzrencai.com
厦门莲花医院金尚分院,福建省,私立医院,三乙,综合医院,
厦门国贸泰和康复医院,福建省,私立医院,三乙,专科医院,
泉州滨海医院,福建省,私立医院,二甲,综合医院,https://www.qzbhyy.com.cn
莆田人民医院,福建省,私立医院,二甲,综合医院,https://www.ptsyy.com
莆田盛兴医院,福建省,私立医院,二甲,综合医院,http://www.ptsxyy.com.cn
泉州市东南医院,福建省,私立医院,二甲,综合医院,
泉州市泉港医院,福建省,私立医院,二甲,综合医院,https://mnyy.fyyy.com
中国人民解放军73311部队科盾医院,福建省,私立医院,二甲,综合医院,https://www.gtbjah.cn
福州东南妇幼医院,福建省,私立医院,二甲,专科医院,
福清融强医院,福建省,私立医院,二乙,综合医院,https://fqsdsyy.cn
福州台江医院,福建省,私立医院,二乙,综合医院,http://www.fztjyy.com
泉州洛江万鸿医院,福建省,私立医院,二乙,综合医院,
龙海友好妇产医院,福建省,私立医院,二乙,专科医院,http://zzxy.zhangzhou.gov.cn
泉州万祥微创医院,福建省,私立医院,二乙,专科医院,
厦门仁安医院,福建省,私立医院,二丙,综合医院,https://www.union.org
泉州颐和医院,福建省,私立医院,未定级,综合医院,https://www.yihe-hospital.com
长治市中医医院,山西省,公立医院,三甲,综合医院,http://www.czszyy.com
长治医学院附属和平医院,山西省,公立医院,三甲,综合医院,https://www.hp1946.cn
大同市第三人民医院,山西省,公立医院,三甲,综合医院,https://dtssyy.com
国药同煤总医院,山西省,公立医院,三甲,综合医院,http://www.dttmzy.com
晋城大医院,山西省,公立医院,三甲,综合医院,
晋中市第一人民医院,山西省,公立医院,三甲,综合医院,http://www.jzdyrmyy.com
吕梁市人民医院,山西省,公立医院,三甲,综合医院,
山西省人民医院,山西省,公立医院,三甲,综合医院,https://www.sxsrmyy.com
山西中医药大学附属医院,山西省,公立医院,三甲,综合医院,http://www.sxzyfy.com
太原市中心医院,山西省,公立医院,三甲,综合医院,https://www.tyszxyy.com
阳泉煤业（集团）有限责任公司总医院,山西省,公立医院,三甲,综合医院,http://www.ymzyy.cn
运城市第一医院,山西省,公立医院,三甲,综合医院,https://www.ycsdyyy.com
运城市中心医院,山西省,公立医院,三甲,综合医院,https://www.ycch.cn
长治市第二人民医院,山西省,公立医院,三甲,综合医院,http://www.czsey.cn
长治市人民医院,山西省,公立医院,三甲,综合医院,http://www.czhosp.cn
长治医学院附属和济医院,山西省,公立医院,三甲,综合医院,http://www.hjyy.com.cn
大同煤矿集团公司总医院,山西省,公立医院,三甲,综合医院,http://www.sxtmzy.com
大同市第五人民医院,山西省,公立医院,三甲,综合医院,https://www.dtwyy.cn
大同市第一人民医院,山西省,公立医院,三甲,综合医院,
晋城市人民医院,山西省,公立医院,三甲,综合医院,http://www.jcsrmyy.com
临汾市第四人民医院,山西省,公立医院,三甲,综合医院,
临汾市人民医院,山西省,公立医院,三甲,综合医院,https://www.lfsrmyy.cn
潞安集团总医院,山西省,公立医院,三甲,综合医院,https://www.lahospital.top
山西白求恩医院,山西省,公立医院,三甲,综合医院,https://www.sxbqeh.com.cn
山西晋城煤业集团总医院,山西省,公立医院,三甲,综合医院,http://sxjcdyy.com
山西煤炭中心医院,山西省,公立医院,三甲,综合医院,http://www.sxmy.org
山西省汾阳医院,山西省,公立医院,三甲,综合医院,http://www.sxsfyyy.com
山西医科大学第二医院,山西省,公立医院,三甲,综合医院,https://www.sydey.com
山西医科大学第一医院,山西省,公立医院,三甲,综合医院,https://www.sydyy.com
山西中医学院附属医院,山西省,公立医院,三甲,综合医院,http://www.sxzyfy.com
太钢总医院,山西省,公立医院,三甲,综合医院,
忻州市人民医院,山西省,公立医院,三甲,综合医院,https://www.sxxzsrmyy.cn
阳泉市第一人民医院,山西省,公立医院,三甲,综合医院,https://www.yqsdyrmyy.com
运城市妇幼保健医院,山西省,公立医院,三甲,综合医院,https://www.ycfybjy.com
中国人民解放军第三二二医院,山西省,公立医院,三甲,综合医院,https://www.myzx.cn
中国人民解放军联勤保障部队第九八五医院,山西省,公立医院,三甲,综合医院,
中国人民武装警察部队山西省总队医院,山西省,公立医院,三甲,综合医院,http://www.e-medicine.cn
山西省第二人民医院,山西省,公立医院,三甲,专科医院,http://www.sxsey.cn
山西省中医院,山西省,公立医院,三甲,专科医院,https://www.sxzyy.com
长治市妇幼保健院,山西省,公立医院,三甲,专科医院,
临汾市妇幼保健院,山西省,公立医院,三甲,专科医院,http://www.lfsfy.com
山西省儿童医院,山西省,公立医院,三甲,专科医院,https://www.shanxiwch.com
山西省精神卫生中心,山西省,公立医院,三甲,专科医院,http://www.sxsjswszx.com
山西省心血管疾病医院,山西省,公立医院,三甲,专科医院,https://www.sxxxgyy.com
山西省眼科医院,山西省,公立医院,三甲,专科医院,https://www.sxsyk.com
山西省肿瘤医院,山西省,公立医院,三甲,专科医院,https://www.sxzlyy.com
山西省中西医结合医院,山西省,公立医院,三甲,专科医院,https://www.sxszxyy.com
山西中医学院第三中医院,山西省,公立医院,三甲,专科医院,https://www.qm120.com
太原市第三人民医院,山西省,公立医院,三甲,专科医院,https://www.tyshospital.com
太原市第四人民医院,山西省,公立医院,三甲,专科医院,
太原市妇幼保健院,山西省,公立医院,三甲,专科医院,https://www.tysfybjy.com
忻州市中医医院,山西省,公立医院,三甲,专科医院,
侯马市医疗集团,山西省,公立医院,三乙,综合医院,http://www.houma.gov.cn
侯马市人民医院,山西省,公立医院,三乙,综合医院,
晋中市第二人民医院,山西省,公立医院,三乙,综合医院,http://www.jzey.com.cn
五四一总医院,山西省,公立医院,三乙,综合医院,http://www.541zyy.com
西山煤电集团公司职工总医院,山西省,公立医院,三乙,综合医院,https://xishanzongyuan.xsmd.com.cn
阳泉市第三人民医院,山西省,公立医院,三乙,综合医院,
晋中市妇幼保健院,山西省,公立医院,三乙,专科医院,
山西中医学院晋中中医院,山西省,公立医院,三乙,专科医院,http://old.jzxy.edu.cn
太原市中医医院,山西省,公立医院,三乙,专科医院,
忻州市妇幼保健院,山西省,公立医院,三乙,专科医院,
运城市中医院,山西省,公立医院,三乙,专科医院,https://www.ycch.cn
长治市第三人民医院,山西省,公立医院,二甲,综合医院,
平遥县中医院,山西省,公立医院,二甲,综合医院,
太原市第二人民医院,山西省,公立医院,二甲,综合医院,http://www.sxsey.cn
安泽县人民医院,山西省,公立医院,二甲,综合医院,
长治钢铁公司总医院,山西省,公立医院,二甲,综合医院,
长治惠丰医院,山西省,公立医院,二甲,综合医院,
长治市长治县人民医院,山西省,公立医院,二甲,综合医院,http://www.czhosp.cn
长子县人民医院,山西省,公立医院,二甲,综合医院,
大同煤矿集团公司二医院,山西省,公立医院,二甲,综合医院,
大同煤矿集团公司三医院,山西省,公立医院,二甲,综合医院,https://www.youlai.cn
大同煤矿集团轩岗煤电有限责任公司医院,山西省,公立医院,二甲,综合医院,
大同煤矿集团有限责任公司白洞医院,山西省,公立医院,二甲,综合医院,https://www.163.com
大同市交通医院,山西省,公立医院,二甲,综合医院,https://www.dt.gov.cn
定襄县人民医院,山西省,公立医院,二甲,综合医院,
汾西矿业集团总医院,山西省,公立医院,二甲,综合医院,
高平市人民医院,山西省,公立医院,二甲,综合医院,
广灵县人民医院,山西省,公立医院,二甲,综合医院,
古交矿区总医院,山西省,公立医院,二甲,综合医院,http://gujiaozongyuan.xsmd.com.cn
古交市中心医院,山西省,公立医院,二甲,综合医院,
河曲县人民医院,山西省,公立医院,二甲,综合医院,
和顺县人民医院,山西省,公立医院,二甲,综合医院,
洪洞县人民医院,山西省,公立医院,二甲,综合医院,
壶关县人民医院,山西省,公立医院,二甲,综合医院,
霍州市人民医院,山西省,公立医院,二甲,综合医院,
交城县人民医院,山西省,公立医院,二甲,综合医院,http://www.sx-jc.gov.cn
介休市人民医院,山西省,公立医院,二甲,综合医院,https://www.jxsrmyy.com.cn
晋城煤业集团古书院医院,山西省,公立医院,二甲,综合医院,https://www.dayi.org.cn
晋城市第二人民医院,山西省,公立医院,二甲,综合医院,
静乐县人民医院,山西省,公立医院,二甲,综合医院,
晋中晋华医院,山西省,公立医院,二甲,综合医院,http://www.jzdyrmyy.com
晋中市第三人民医院,山西省,公立医院,二甲,综合医院,https://yyk.familydoctor.com.cn
晋中市祁县人民医院,山西省,公立医院,二甲,综合医院,
晋中市榆次区人民医院,山西省,公立医院,二甲,综合医院,
稷山县人民医院,山西省,公立医院,二甲,综合医院,
岢岚县人民医院,山西省,公立医院,二甲,综合医院,
黎城县人民医院,山西省,公立医院,二甲,综合医院,
临汾市第二人民医院,山西省,公立医院,二甲,综合医院,
临汾市古县人民医院,山西省,公立医院,二甲,综合医院,
临汾市蒲县人民医院,山西省,公立医院,二甲,综合医院,
临汾市尧都区第一人民医院,山西省,公立医院,二甲,综合医院,https://www.lfsrmyy.cn
灵石县人民医院,山西省,公立医院,二甲,综合医院,
临猗县第二人民医院,山西省,公立医院,二甲,综合医院,
柳林县人民医院,山西省,公立医院,二甲,综合医院,
潞城市人民医院,山西省,公立医院,二甲,综合医院,
吕梁市临县人民医院,山西省,公立医院,二甲,综合医院,
吕梁市兴县人民医院,山西省,公立医院,二甲,综合医院,
宁武县人民医院,山西省,公立医院,二甲,综合医院,
平定县人民医院,山西省,公立医院,二甲,综合医院,
平陆县人民医院,山西省,公立医院,二甲,综合医院,
平遥县人民医院,山西省,公立医院,二甲,综合医院,
清徐县人民医院,山西省,公立医院,二甲,综合医院,
沁水县人民医院,山西省,公立医院,二甲,综合医院,
沁源县第二人民医院,山西省,公立医院,二甲,综合医院,
沁源县人民医院,山西省,公立医院,二甲,综合医院,
曲沃县人民医院,山西省,公立医院,二甲,综合医院,
芮城县人民医院,山西省,公立医院,二甲,综合医院,
山西长平煤业有限责任公司王台矿医院,山西省,公立医院,二甲,综合医院,
山西大同大学附属医院,山西省,公立医院,二甲,综合医院,http://fsyy.sxdtdx.edu.cn
山西汾西矿业有限责任公司职工总医院,山西省,公立医院,二甲,综合医院,
山西铝厂职工医院,山西省,公立医院,二甲,综合医院,
山西省荣军医院,山西省,公立医院,二甲,综合医院,
山西省一Ｏ九医院,山西省,公立医院,二甲,综合医院,
山西省运城市第二医院,山西省,公立医院,二甲,综合医院,
山西省中国人民解放军总后第五职工医院,山西省,公立医院,二甲,综合医院,
山西医科大学第三医院,山西省,公立医院,二甲,综合医院,
山西中条山集团总医院,山西省,公立医院,二甲,综合医院,
山阴县人民医院,山西省,公立医院,二甲,综合医院,
石楼县人民医院,山西省,公立医院,二甲,综合医院,
寿阳县人民医院,山西省,公立医院,二甲,综合医院,
朔州市第一人民医院,山西省,公立医院,二甲,综合医院,
朔州市人民医院,山西省,公立医院,二甲,综合医院,
太谷县人民医院,山西省,公立医院,二甲,综合医院,
太原市第七人民医院,山西省,公立医院,二甲,综合医院,
太原市和平医院,山西省,公立医院,二甲,综合医院,
太原市尖草坪区中心医院,山西省,公立医院,二甲,综合医院,https://www.tyjcp.gov.cn
太原市人民医院,山西省,公立医院,二甲,综合医院,
太原市商业职工医院,山西省,公立医院,二甲,综合医院,http://www.sxssygxyy.com
太原市杏花岭区中心医院,山西省,公立医院,二甲,综合医院,https://www.tyszxyy.com
天镇县人民医院,山西省,公立医院,二甲,综合医院,
铁道部永济电机厂职工医院,山西省,公立医院,二甲,综合医院,https://www.meipian.cn
文水县人民医院,山西省,公立医院,二甲,综合医院,
闻喜县人民医院,山西省,公立医院,二甲,综合医院,
武警8650部队医院,山西省,公立医院,二甲,综合医院,https://yyk.familydoctor.com.cn
五台县第一人民医院,山西省,公立医院,二甲,综合医院,https://www.pjyyy.com
襄汾县人民医院,山西省,公立医院,二甲,综合医院,
乡宁县人民医院,山西省,公立医院,二甲,综合医院,
襄垣县人民医院,山西省,公立医院,二甲,综合医院,
孝义市人民医院,山西省,公立医院,二甲,综合医院,
忻州市中心医院,山西省,公立医院,二甲,综合医院,
西山煤电古交矿区总医院,山西省,公立医院,二甲,综合医院,http://gujiaozongyuan.xsmd.com.cn
西山煤电集团有限责任公司古交矿区总医院东曲分院,山西省,公立医院,二甲,综合医院,
昔阳县人民医院,山西省,公立医院,二甲,综合医院,http://www.zhuangshengsheng.com
阳城县人民医院,山西省,公立医院,二甲,综合医院,
阳泉市第二人民医院,山西省,公立医院,二甲,综合医院,
阳泉市盂县人民医院,山西省,公立医院,二甲,综合医院,https://m.haodf.com
翼城县人民医院,山西省,公立医院,二甲,综合医院,
永济市人民医院,山西省,公立医院,二甲,综合医院,
右玉县人民医院,山西省,公立医院,二甲,综合医院,
原平市第一人民医院,山西省,公立医院,二甲,综合医院,https://www.yphospital.cn
原平县轩岗煤矿职工医院,山西省,公立医院,二甲,综合医院,https://www.yphospital.cn
垣曲县人民医院,山西省,公立医院,二甲,综合医院,
运城护理职业学院附属医院,山西省,公立医院,二甲,综合医院,
运城市第三医院,山西省,公立医院,二甲,综合医院,https://www.sxsycsdsyy.com
运城市绛县人民医院,山西省,公立医院,二甲,综合医院,http://www.jiangxian.gov.cn
运城市临猗县人民医院,山西省,公立医院,二甲,综合医院,
运城市夏县人民医院,山西省,公立医院,二甲,综合医院,https://www.ycsph.com
运城市盐湖区人民医院,山西省,公立医院,二甲,综合医院,https://m.jianke.com
榆社县人民医院,山西省,公立医院,二甲,综合医院,
泽州县人民医院,山西省,公立医院,二甲,综合医院,
中国辐射防护研究院附属医院,山西省,公立医院,二甲,综合医院,https://www.cirp.org.cn
中国人民解放军第517医院,山西省,公立医院,二甲,综合医院,
中国人民解放军第二八二医院,山西省,公立医院,二甲,综合医院,https://www.myzx.cn
中国人民解放军二八九医院,山西省,公立医院,二甲,综合医院,https://news.qq.com
中化二建集团医院,山西省,公立医院,二甲,综合医院,
中铁三局集团中心医院,山西省,公立医院,二甲,综合医院,http://www.cr12h.com.cn
中铁十二局集团有限公司中心医院,山西省,公立医院,二甲,综合医院,http://www.cr12h.com.cn
中铁十七局集团中心医院,山西省,公立医院,二甲,综合医院,
中阳县人民医院,山西省,公立医院,二甲,综合医院,http://www.sxzhongyang.gov.cn
左云县人民医院,山西省,公立医院,二甲,综合医院,
大同市第二轻工业局职工医院,山西省,公立医院,二甲,专科医院,https://dteyy.com
大同市第二人民医院,山西省,公立医院,二甲,专科医院,https://www.dteyy.com
大同市第四人民医院,山西省,公立医院,二甲,专科医院,https://www.dt.gov.cn
大同市中医院,山西省,公立医院,二甲,专科医院,https://www.datonghealth.cn
汾阳市中医院,山西省,公立医院,二甲,专科医院,http://www.sxsfyyy.com
高平市中医院,山西省,公立医院,二甲,专科医院,
恒伦口腔,山西省,公立医院,二甲,专科医院,https://www.harmonylong.com
洪洞县中中医院,山西省,公立医院,二甲,专科医院,http://www.hongtong.gov.cn
介休市中医院,山西省,公立医院,二甲,专科医院,
晋城市城区中医院,山西省,公立医院,二甲,专科医院,
晋中市榆次区中医院,山西省,公立医院,二甲,专科医院,
稷山县妇幼保健院,山西省,公立医院,二甲,专科医院,
稷山县中医院,山西省,公立医院,二甲,专科医院,
黎城县中医院,山西省,公立医院,二甲,专科医院,http://www.czszyy.com
临汾市第三人民医院,山西省,公立医院,二甲,专科医院,https://www.lfsrmyy.cn
临汾市尧都区中医骨伤科医院,山西省,公立医院,二甲,专科医院,https://www.ydqrmyy.com
临汾市肿瘤医院,山西省,公立医院,二甲,专科医院,
灵丘县中医院,山西省,公立医院,二甲,专科医院,http://www.dtlqzyy.cn
平定县中医医院,山西省,公立医院,二甲,专科医院,
山西省肛肠医院,山西省,公立医院,二甲,专科医院,https://www.youlai.cn
山西省运城同德医院,山西省,公立医院,二甲,专科医院,http://www.yctdyy.com
山西省中西医结合妇科医院,山西省,公立医院,二甲,专科医院,https://www.myzx.cn
寿阳县中医院,山西省,公立医院,二甲,专科医院,http://czszyy.com
朔州市中医院,山西省,公立医院,二甲,专科医院,
太谷县中医院,山西省,公立医院,二甲,专科医院,
天脊医院,山西省,公立医院,二甲,专科医院,https://www.tmsyy.com
襄汾县中医医院,山西省,公立医院,二甲,专科医院,
孝义市中医院,山西省,公立医院,二甲,专科医院,
新绛县中医院,山西省,公立医院,二甲,专科医院,
忻州市第二人民医院,山西省,公立医院,二甲,专科医院,
昔阳县中医院,山西省,公立医院,二甲,专科医院,https://www.xiyang.gov.cn
阳城县妇幼保健院,山西省,公立医院,二甲,专科医院,
阳城县肿瘤医院,山西省,公立医院,二甲,专科医院,
阳城县中医院,山西省,公立医院,二甲,专科医院,http://www.yczf.gov.cn
阳泉市妇幼保健医院,山西省,公立医院,二甲,专科医院,
阳泉市口腔医院,山西省,公立医院,二甲,专科医院,https://www.miaoshou.net
阳泉市盂县中医医院,山西省,公立医院,二甲,专科医院,
阳泉市中医医院,山西省,公立医院,二甲,专科医院,
垣曲县妇幼保健计划生育服务中心,山西省,公立医院,二甲,专科医院,http://www.yuanqu.gov.cn
泽州县妇幼保健院,山西省,公立医院,二甲,专科医院,
保德县人民医院,山西省,公立医院,二乙,综合医院,
长治市沁县人民医院,山西省,公立医院,二乙,综合医院,
大同市城区人民医院,山西省,公立医院,二乙,综合医院,https://www.dt.gov.cn
大同市南郊区人民医院,山西省,公立医院,二乙,综合医院,https://www.dtwyy.cn
大同市商业职工医院,山西省,公立医院,二乙,综合医院,https://www.dtwyy.cn
繁峙县第二人民医院,山西省,公立医院,二乙,综合医院,http://www.czsey.cn
繁峙县第一人民医院,山西省,公立医院,二乙,综合医院,
汾西县人民医院,山西省,公立医院,二乙,综合医院,
浮山县人民医院,山西省,公立医院,二乙,综合医院,https://www.yfsrmyy.cn
国营山西柴油机厂职工医院,山西省,公立医院,二乙,综合医院,http://engine.norincogroup.com.cn
怀仁市医疗集团人民医院,山西省,公立医院,二乙,综合医院,https://www.rhsrmyy.cn
浑源县人民医院,山西省,公立医院,二乙,综合医院,
霍州市矿务局中心医院,山西省,公立医院,二乙,综合医院,
经纬纺织机械厂职工医院,山西省,公立医院,二乙,综合医院,https://www.163.com
临汾临钢医院,山西省,公立医院,二乙,综合医院,
临汾市吉县人民医院,山西省,公立医院,二乙,综合医院,
临汾市隰县人民医院,山西省,公立医院,二乙,综合医院,
陵川县人民医院,山西省,公立医院,二乙,综合医院,
灵丘县人民医院,山西省,公立医院,二乙,综合医院,http://www.lqxyljt.com
吕梁市离石区人民医院,山西省,公立医院,二乙,综合医院,https://www.163.com
偏关县人民医院,山西省,公立医院,二乙,综合医院,https://www.sxsrmyy.com
平顺县人民医院,山西省,公立医院,二乙,综合医院,
普天通信电缆有限公司职工医院,山西省,公立医院,二乙,综合医院,http://www.potel-group.com
山西晋柴机械制造有限公司职工医院,山西省,公立医院,二乙,综合医院,
山西省第一建筑工程公司职工医院,山西省,公立医院,二乙,综合医院,https://www.sydyy.com
神池县人民医院,山西省,公立医院,二乙,综合医院,http://www.shenchi.gov.cn
朔州神头电建二公司医院,山西省,公立医院,二乙,综合医院,https://www.szsdyyc.com
太原市北城区中心医院,山西省,公立医院,二乙,综合医院,https://www.tyszxyy.com
太原市小店区人民医院,山西省,公立医院,二乙,综合医院,https://www.sxsrmyy.com
太原市迎泽区中心医院,山西省,公立医院,二乙,综合医院,https://www.yingze.gov.cn
屯留县人民医院,山西省,公立医院,二乙,综合医院,
王坪煤矿医院,山西省,公立医院,二乙,综合医院,
武乡县人民医院,山西省,公立医院,二乙,综合医院,
五寨县第一人民医院,山西省,公立医院,二乙,综合医院,
新绛县人民医院,山西省,公立医院,二乙,综合医院,
忻州市代县人民医院,山西省,公立医院,二乙,综合医院,
忻州云河医院,山西省,公立医院,二乙,综合医院,https://www.sxysfy.com
阳高县人民医院,山西省,公立医院,二乙,综合医院,https://www.meipian.cn
阳煤集团二矿医院,山西省,公立医院,二乙,综合医院,
阳泉固庄煤矿医院,山西省,公立医院,二乙,综合医院,
阳泉煤业集团有限责任公司第三医院,山西省,公立医院,二乙,综合医院,
阳泉市第四人民医院,山西省,公立医院,二乙,综合医院,https://dy.163.com
阳曲县人民医院,山西省,公立医院,二乙,综合医院,
郑州铁路分局长治北铁路医院,山西省,公立医院,二乙,综合医院,
左权县人民医院,山西省,公立医院,二乙,综合医院,
大同市第六人民医院,山西省,公立医院,二乙,专科医院,https://m.120ask.com
大同市社会精神病医院,山西省,公立医院,二乙,专科医院,http://www.dtadyy.cn
河津市骨科医院创伤急救中心,山西省,公立医院,二乙,专科医院,http://www.sxhj.gov.cn
霍州市中医院,山西省,公立医院,二乙,专科医院,
晋中市荣复军人精神病院,山西省,公立医院,二乙,专科医院,http://www.jzsrfjrjsby.com
吉县中医医院,山西省,公立医院,二乙,专科医院,
临汾市蒲县中医院,山西省,公立医院,二乙,专科医院,
临汾市荣军康复医院,山西省,公立医院,二乙,专科医院,https://www.youlai.cn
陵川县中医院,山西省,公立医院,二乙,专科医院,
灵石县中医院,山西省,公立医院,二乙,专科医院,http://www.lingshi.gov.cn
偏关县中医院,山西省,公立医院,二乙,专科医院,http://czszyy.com
山西省运城市盐湖区中医院,山西省,公立医院,二乙,专科医院,https://m.youlai.cn
太原市康复医院,山西省,公立医院,二乙,专科医院,https://www.tyhpyy.com
太原市小店区中医院,山西省,公立医院,二乙,专科医院,https://www.sxzyy.com
太原市杏花岭区中医院,山西省,公立医院,二乙,专科医院,https://www.myzx.cn
武乡县中医院,山西省,公立医院,二乙,专科医院,
乡宁县中医医院,山西省,公立医院,二乙,专科医院,http://www.xnxzyyy.cn
襄垣县中医院,山西省,公立医院,二乙,专科医院,https://yyk.familydoctor.com.cn
新绛县汾河骨科医院,山西省,公立医院,二乙,专科医院,
阳高县中医院,山西省,公立医院,二乙,专科医院,http://www.hnhyzyy.com
阳曲县中医院,山西省,公立医院,二乙,专科医院,https://www.sxyangqu.gov.cn
北大医疗潞安医院,山西省,私立医院,三甲,综合医院,https://www.lahospital.top
山西盈康一生总医院,山西省,私立医院,三甲,综合医院,
山西省荣军精神康宁医院,山西省,私立医院,三甲,专科医院,https://www.guahao.com
临汾今正元医院,山西省,私立医院,二甲,综合医院,
大同新和医院,山西省,私立医院,二甲,综合医院,https://www.meipian.cn
晋煤集团古书院矿医院,山西省,私立医院,二甲,综合医院,https://www.dayi.org.cn
太原华晋医院,山西省,私立医院,二甲,综合医院,https://www.hjgkyy.com
太原化学工业集团有限公司职工医院,山西省,私立医院,二甲,综合医院,https://www.163.com
太原市太航医院,山西省,私立医院,二甲,综合医院,
万荣县人民医院,山西省,私立医院,二甲,综合医院,http://www.wanrong.gov.cn
原平市轩岗矿务局医院,山西省,私立医院,二甲,综合医院,
大同爱尔眼科医院,山西省,私立医院,二甲,专科医院,http://0873.aierchina.com
山西益康脉管炎医院,山西省,私立医院,二甲,专科医院,
古交市中医院,山西省,私立医院,二甲,专科医院,https://www.sxgujiao.gov.cn
临汾明仁中西医结合眼科医院,山西省,私立医院,二甲,专科医院,http://lfaier0357.com
太原长城骨伤手外科医院,山西省,私立医院,二甲,专科医院,http://www.ccyy120.com
太原长城外科医院,山西省,私立医院,二甲,专科医院,http://www.ccyy120.com
太原侯丽萍风湿骨病中医医院,山西省,私立医院,二甲,专科医院,https://yyk.fh21.com.cn
保德新康医院,山西省,私立医院,二乙,综合医院,
大同康洁眼科医院,山西省,私立医院,二乙,综合医院,http://www.dtaeyk.com
稷山正身医院,山西省,私立医院,二乙,综合医院,
阳泉协和医院,山西省,私立医院,二乙,综合医院,http://www.ymzyy.cn
永济关铝医院,山西省,私立医院,二乙,综合医院,
大同朝聚安康眼科医院,山西省,私立医院,二乙,专科医院,https://www.163.com
侯马市神经精神病医院,山西省,私立医院,二乙,专科医院,https://news.ifeng.com
怀仁诺贝尔医院,山西省,私立医院,未定级,综合医院,https://www.meipian.cn
长治云峰医院,山西省,私立医院,未定级,专科医院,https://credit.changzhi.gov.cn
沧州市人民医院,河北省,公立医院,三甲,综合医院,https://www.czrmyy.com
沧州市中心医院,河北省,公立医院,三甲,综合医院,https://www.cz96120.com
河北北方学院附属第一医院,河北省,公立医院,三甲,综合医院,https://www.hbbfyfy.com
河北大学附属医院,河北省,公立医院,三甲,综合医院,http://www.hbdxfy.cn
河北工程大学附属医院,河北省,公立医院,三甲,综合医院,https://www.hbgdfy.com
河北医科大学第三医院,河北省,公立医院,三甲,综合医院,https://www.cthhmu.com
河北医科大学第一医院,河北省,公立医院,三甲,综合医院,https://www.jyyy.com.cn
衡水市人民医院,河北省,公立医院,三甲,综合医院,https://www.halixun.com
华北石油管理局总医院,河北省,公立医院,三甲,综合医院,http://www.hbsygljzyy.com
开滦总医院,河北省,公立医院,三甲,综合医院,http://www.klyy.com
秦皇岛市中医院,河北省,公立医院,三甲,综合医院,http://www.qhdzyy.com
石家庄市人民医院,河北省,公立医院,三甲,综合医院,https://www.sjzsdyyy.cn
唐山市工人医院,河北省,公立医院,三甲,综合医院,https://www.120.org.cn
保定市第二医院,河北省,公立医院,三甲,综合医院,https://www.bdeyy.com.cn
保定市第二中心医院,河北省,公立医院,三甲,综合医院,http://www.bdezx.cn
保定市第一中心医院,河北省,公立医院,三甲,综合医院,http://www.bddhospital.com.cn
承德市中心医院,河北省,公立医院,三甲,综合医院,
承德医学院附属医院,河北省,公立医院,三甲,综合医院,https://www.cyfy.cn
高新区第一人民医院,河北省,公立医院,三甲,综合医院,https://new.qq.com
哈励逊国际和平医院,河北省,公立医院,三甲,综合医院,https://www.halixun.com
邯郸市第一医院,河北省,公立医院,三甲,综合医院,https://www.hdsdyyy.com
邯郸市中心医院东区,河北省,公立医院,三甲,综合医院,https://www.hdzxyy.com
邯郸市中心医院西区,河北省,公立医院,三甲,综合医院,https://www.hdzxyy.com
河北省人民医院,河北省,公立医院,三甲,综合医院,https://www.hbpphosp.cn
河北医科大学第二医院,河北省,公立医院,三甲,综合医院,https://www.hb2h.com
河北医科大学第三医院湘江院区,河北省,公立医院,三甲,综合医院,
河北医科大学第三医院友谊院区,河北省,公立医院,三甲,综合医院,https://www.cthhmu.com
河北医科大学第四医院,河北省,公立医院,三甲,综合医院,https://www.hbydsy.com
河北医科大学附属邢台市人民医院,河北省,公立医院,三甲,综合医院,https://www.xtrmyy.cn
华北理工大学附属医院,河北省,公立医院,三甲,综合医院,https://www.myfy.com.cn
冀中能源峰峰集团邯郸医院,河北省,公立医院,三甲,综合医院,
冀中能源峰峰集团有限公司总医院,河北省,公立医院,三甲,综合医院,http://www.3011.net
冀中能源峰峰集团有限公司总医院北院区,河北省,公立医院,三甲,综合医院,http://www.3011.net
廊坊市人民医院,河北省,公立医院,三甲,综合医院,https://www.lfhospital.net
秦皇岛市第一医院,河北省,公立医院,三甲,综合医院,https://www.qhdsdyyy.com
石家庄市第一医院中心医院院区,河北省,公立医院,三甲,综合医院,
唐山市人民医院,河北省,公立医院,三甲,综合医院,http://www.tsrmyy.cn
武警河北总队医院,河北省,公立医院,三甲,综合医院,http://www.yhhis.com
张家口市第一医院,河北省,公立医院,三甲,综合医院,https://www.hbbfyfy.com
中国人民解放军第二八五医院,河北省,公立医院,三甲,综合医院,http://www.302hospital.com
中国人民解放军联勤保障部队第九八一医院,河北省,公立医院,三甲,综合医院,http://904yy.mil.cn
中国人民解放军联勤保障部队第九八〇医院,河北省,公立医院,三甲,综合医院,https://gschool.hebmu.edu.cn
中国人民解放军陆军第81集团军医院,河北省,公立医院,三甲,综合医院,
中国人民解放军陆军第82集团军医院,河北省,公立医院,三甲,综合医院,
中国石油中心医院,河北省,公立医院,三甲,综合医院,https://www.cnpc.com.cn
涿州市医院,河北省,公立医院,三甲,综合医院,http://www.zzshospital.cn
河北省儿童医院,河北省,公立医院,三甲,专科医院,https://www.hbpch.com
河北省精神卫生中心,河北省,公立医院,三甲,专科医院,https://www.hbs6yy.com
河北省中医院,河北省,公立医院,三甲,专科医院,https://www.hbszyy.cn
保定市第一中医院,河北省,公立医院,三甲,专科医院,
保定市妇幼保健院,河北省,公立医院,三甲,专科医院,
沧州市人民医院医专肿瘤院区,河北省,公立医院,三甲,专科医院,https://www.czrmyy.com
沧州市中心医院脑科医院,河北省,公立医院,三甲,专科医院,
沧州市中西医结合医院东院区,河北省,公立医院,三甲,专科医院,
沧州中西医结合医院,河北省,公立医院,三甲,专科医院,http://www.hbsczzxy.com
承德市中医院,河北省,公立医院,三甲,专科医院,https://www.cdszyy.cn
邯郸市中医院,河北省,公立医院,三甲,专科医院,http://www.hdszyy.com
河北省第六人民医院,河北省,公立医院,三甲,专科医院,https://www.hbs6yy.com
河北省眼科医院,河北省,公立医院,三甲,专科医院,https://www.eyehospital.com
衡水市中医医院,河北省,公立医院,三甲,专科医院,https://www.hsszyyy.com
廊坊市中医院,河北省,公立医院,三甲,专科医院,https://www.lfzyy.com
迁安市中医院,河北省,公立医院,三甲,专科医院,https://m.miaoshou.net
秦皇岛市妇幼保健院,河北省,公立医院,三甲,专科医院,https://www.qhdfy.com.cn
石家庄市第一医院,河北省,公立医院,三甲,专科医院,https://www.sjzsdyyy.cn
石家庄市妇产医院,河北省,公立医院,三甲,专科医院,https://www.sjzfcyy.com
石家庄市中医院,河北省,公立医院,三甲,专科医院,https://www.sjzzyy.com
唐山市妇幼保健院,河北省,公立医院,三甲,专科医院,http://www.tsfy.com
唐山市中医医院,河北省,公立医院,三甲,专科医院,http://www.tszyyw.com
文安县妇幼保健院,河北省,公立医院,三甲,专科医院,
涿州市结核病医院,河北省,公立医院,三甲,专科医院,
衡水市第四人民医院,河北省,公立医院,三乙,综合医院,http://www.hssiyuan.com
陆军军医大学士官学校附属医院,河北省,公立医院,三乙,综合医院,https://www.xqhospital.com.cn
中国人民解放军第二五六医院,河北省,公立医院,三乙,综合医院,
中国人民解放军联勤保障部队第九八二医院,河北省,公立医院,三乙,综合医院,
中国人民解放军四七二医院,河北省,公立医院,三乙,综合医院,
石家庄心脑血管病医院,河北省,公立医院,三乙,专科医院,
承德县医院,河北省,公立医院,二甲,综合医院,
清河县人民医院,河北省,公立医院,二甲,综合医院,
清河县中心医院,河北省,公立医院,二甲,综合医院,http://www.qhxzxyy.cn
青县人民医院,河北省,公立医院,二甲,综合医院,https://m.haodf.com
饶阳县人民医院,河北省,公立医院,二甲,综合医院,http://www.hebryxrmyy.cn
遵化市中医医院,河北省,公立医院,二甲,综合医院,
安国市医院,河北省,公立医院,二甲,综合医院,http://www.feijiehe321.com
安新县医院,河北省,公立医院,二甲,综合医院,
柏乡县人民医院,河北省,公立医院,二甲,综合医院,
保定高碑店医院,河北省,公立医院,二甲,综合医院,https://www.gbdsyy.com.cn
保定市第三中心医院,河北省,公立医院,二甲,综合医院,https://www.dayi.org.cn
保定市第五医院,河北省,公立医院,二甲,综合医院,http://www.bddwyy.cn
保定市蠡县医院,河北省,公立医院,二甲,综合医院,https://www.hblxzyyy.cn
保定市唐县人民医院,河北省,公立医院,二甲,综合医院,http://www.bqejnyy.com
保定市雄县医院,河北省,公立医院,二甲,综合医院,
保定市徐水区人民医院,河北省,公立医院,二甲,综合医院,https://www.xushuiyy.cn
霸州市第二医院,河北省,公立医院,二甲,综合医院,
北戴河医院,河北省,公立医院,二甲,综合医院,
泊头市医院,河北省,公立医院,二甲,综合医院,https://www.btsyy.com.cn
沧州市沧县人民医院,河北省,公立医院,二甲,综合医院,https://www.czrmyy.com
沧州市第十三化建医院,河北省,公立医院,二甲,综合医院,https://www.cz96120.com
沧州市青县第二人民医院,河北省,公立医院,二甲,综合医院,https://www.qingxianrenminyiyuan.com
沧州市献县人民医院,河北省,公立医院,二甲,综合医院,
昌黎县人民医院,河北省,公立医院,二甲,综合医院,
成安县人民医院,河北省,公立医院,二甲,综合医院,
承德钢铁集团有限公司总医院,河北省,公立医院,二甲,综合医院,https://www.cyfy.cn
承德市妇幼保健院,河北省,公立医院,二甲,综合医院,http://www.cdsfybjy.net
崇礼区人民医院,河北省,公立医院,二甲,综合医院,http://www.clqrmyy.com
磁县人民医院,河北省,公立医院,二甲,综合医院,https://www.cixianyiyuan.com
大厂回族自治县人民医院,河北省,公立医院,二甲,综合医院,
大城县医院,河北省,公立医院,二甲,综合医院,https://www.meipian.cn
大名县人民医院,河北省,公立医院,二甲,综合医院,http://www.dmxrmyy.com
定兴县医院,河北省,公立医院,二甲,综合医院,http://www.dxxyy.net
定州市第三医院,河北省,公立医院,二甲,综合医院,https://www.dzsrmyy.com
定州市第四医院,河北省,公立医院,二甲,综合医院,
定州市中医医院,河北省,公立医院,二甲,综合医院,
定州武警部队医院,河北省,公立医院,二甲,综合医院,
丰宁满族自治县医院,河北省,公立医院,二甲,综合医院,http://www.fnxyy.com
丰润区第二人民医院,河北省,公立医院,二甲,综合医院,
阜城县人民医院,河北省,公立医院,二甲,综合医院,
高碑店市医院,河北省,公立医院,二甲,综合医院,https://www.gbdsyy.com.cn
高阳县医院,河北省,公立医院,二甲,综合医院,https://www.haodf.com
广平县人民医院,河北省,公立医院,二甲,综合医院,
馆陶县人民医院,河北省,公立医院,二甲,综合医院,https://www.gtxrmyy.com
固安县人民医院,河北省,公立医院,二甲,综合医院,
邯郸电力医院,河北省,公立医院,二甲,综合医院,https://www.hdsdyyy.com
邯郸峰峰中心卫生院,河北省,公立医院,二甲,综合医院,
邯郸钢铁集团有限责任公司职工医院,河北省,公立医院,二甲,综合医院,http://www.hdhgyy.com
邯郸建工集团有限公司职工医院,河北省,公立医院,二甲,综合医院,
邯郸市第七医院,河北省,公立医院,二甲,综合医院,http://www.hdsdqyy.com
邯郸市第四医院,河北省,公立医院,二甲,综合医院,
邯郸市第五医院,河北省,公立医院,二甲,综合医院,
邯郸市纺织职工总医院,河北省,公立医院,二甲,综合医院,https://www.hdsdyyy.com
邯郸市肥乡区中心医院,河北省,公立医院,二甲,综合医院,
邯郸市邱县中心医院,河北省,公立医院,二甲,综合医院,
邯郸市人民医院,河北省,公立医院,二甲,综合医院,
邯郸市涉县医院,河北省,公立医院,二甲,综合医院,
邯郸市永年区第一医院,河北省,公立医院,二甲,综合医院,https://www.yndyyy.com
邯郸县第二医院,河北省,公立医院,二甲,综合医院,
邯矿集团总医院,河北省,公立医院,二甲,综合医院,
河北北方学院附属第三医院,河北省,公立医院,二甲,综合医院,
河北大学附属医院北院,河北省,公立医院,二甲,综合医院,
河北平泉市医院,河北省,公立医院,二甲,综合医院,
河北省大城县中心医院,河北省,公立医院,二甲,综合医院,
河北省定州市第七人民医院,河北省,公立医院,二甲,综合医院,
河北省故城县医院,河北省,公立医院,二甲,综合医院,http://www.hbsgcxyy.com
河北省秦皇岛市海港医院,河北省,公立医院,二甲,综合医院,
河北省秦皇岛市解放军第408医院,河北省,公立医院,二甲,综合医院,
河北职工医学院唐钢教学医院,河北省,公立医院,二甲,综合医院,
河间市人民医院,河北省,公立医院,二甲,综合医院,
衡水市第六人民医院,河北省,公立医院,二甲,综合医院,https://www.hssdlrmyy.com
衡水市景县人民医院,河北省,公立医院,二甲,综合医院,
衡水市路北医院,河北省,公立医院,二甲,综合医院,
华北煤炭医学院附属医院分院,河北省,公立医院,二甲,综合医院,
华北煤炭医学院附属医院路南分院,河北省,公立医院,二甲,综合医院,
华北石油第三综合服务处医院,河北省,公立医院,二甲,综合医院,
华北石油二部医院,河北省,公立医院,二甲,综合医院,
华北石油管理局井下作业公司医院,河北省,公立医院,二甲,综合医院,http://www.hbsygljzyy.com
华北石油廊坊矿区第一医院,河北省,公立医院,二甲,综合医院,
华北油田总医院霸州矿区医院,河北省,公立医院,二甲,综合医院,http://hyzyy.haoyisheng.com
华北制药厂职工医院,河北省,公立医院,二甲,综合医院,
怀来县人民医院,河北省,公立医院,二甲,综合医院,
黄骅市人民医院,河北省,公立医院,二甲,综合医院,
井陉县医院,河北省,公立医院,二甲,综合医院,http://www.jingxingxyy.com
晋州市人民医院,河北省,公立医院,二甲,综合医院,
鸡泽县医院,河北省,公立医院,二甲,综合医院,https://m.haodf.com
冀中能源井矿集团总医院,河北省,公立医院,二甲,综合医院,http://www.3011.net
巨鹿县医院,河北省,公立医院,二甲,综合医院,
开滦集团有限责任公司林西矿医院,河北省,公立医院,二甲,综合医院,
开滦集团有限责任公司吕家坨医院,河北省,公立医院,二甲,综合医院,http://www.klyy.com
开滦集团有限责任公司马家沟矿职工医院,河北省,公立医院,二甲,综合医院,
开滦集团有限责任公司钱家营矿分公司医院,河北省,公立医院,二甲,综合医院,http://www.klyy.com
开滦集团有限责任公司唐家庄矿医院,河北省,公立医院,二甲,综合医院,https://m.jianke.com
开滦总医院范各庄医院,河北省,公立医院,二甲,综合医院,
开滦总医院唐家庄矿职工医院,河北省,公立医院,二甲,综合医院,http://www.klyy.com
开滦总医院赵各庄医院,河北省,公立医院,二甲,综合医院,https://www.myzx.cn
康保县人民医院,河北省,公立医院,二甲,综合医院,
宽城满族自治县医院,河北省,公立医院,二甲,综合医院,
涞水县医院,河北省,公立医院,二甲,综合医院,
涞源县医院,河北省,公立医院,二甲,综合医院,
廊坊市建安医院,河北省,公立医院,二甲,综合医院,
廊坊武警学院医院,河北省,公立医院,二甲,综合医院,
乐亭县医院,河北省,公立医院,二甲,综合医院,
临城县人民医院,河北省,公立医院,二甲,综合医院,
灵寿县医院,河北省,公立医院,二甲,综合医院,
临西县人民医院,河北省,公立医院,二甲,综合医院,
临漳县医院,河北省,公立医院,二甲,综合医院,
隆化县医院,河北省,公立医院,二甲,综合医院,
隆尧县医院,河北省,公立医院,二甲,综合医院,
滦南县医院,河北省,公立医院,二甲,综合医院,
滦南县中医院,河北省,公立医院,二甲,综合医院,
滦平县医院,河北省,公立医院,二甲,综合医院,
滦州市人民医院,河北省,公立医院,二甲,综合医院,
卢龙县医院,河北省,公立医院,二甲,综合医院,
鹿泉市第二医院,河北省,公立医院,二甲,综合医院,
鹿泉市人民医院,河北省,公立医院,二甲,综合医院,
满城区人民医院,河北省,公立医院,二甲,综合医院,
孟村回族自治县医院,河北省,公立医院,二甲,综合医院,
南宫市人民医院,河北省,公立医院,二甲,综合医院,
南和县医院,河北省,公立医院,二甲,综合医院,
南皮县人民医院,河北省,公立医院,二甲,综合医院,
内丘县人民医院,河北省,公立医院,二甲,综合医院,
宁晋第二医院,河北省,公立医院,二甲,综合医院,
宁晋县第五医院,河北省,公立医院,二甲,综合医院,https://www.ningjin.gov.cn
宁晋县医院,河北省,公立医院,二甲,综合医院,
平乡县医院,河北省,公立医院,二甲,综合医院,
迁安市人民医院,河北省,公立医院,二甲,综合医院,
迁西县人民医院,河北省,公立医院,二甲,综合医院,
青龙满族自治县医院,河北省,公立医院,二甲,综合医院,
秦皇岛港口医院,河北省,公立医院,二甲,综合医院,
秦皇岛军工医院,河北省,公立医院,二甲,综合医院,
秦皇岛市第九医院,河北省,公立医院,二甲,综合医院,
秦皇岛市抚宁区人民医院,河北省,公立医院,二甲,综合医院,
秦皇岛市工人医院,河北省,公立医院,二甲,综合医院,
秦皇岛市海港医院,河北省,公立医院,二甲,综合医院,
秦皇岛市山海关区创伤外科中心,河北省,公立医院,二甲,综合医院,
秦皇岛耀华玻璃集团公司医院,河北省,公立医院,二甲,综合医院,
曲阳县第二中心医院,河北省,公立医院,二甲,综合医院,
曲阳县人民医院,河北省,公立医院,二甲,综合医院,
曲周县医院,河北省,公立医院,二甲,综合医院,
任丘市人民医院,河北省,公立医院,二甲,综合医院,
容城县人民医院,河北省,公立医院,二甲,综合医院,
三河市燕郊人民医院,河北省,公立医院,二甲,综合医院,
三河市医院,河北省,公立医院,二甲,综合医院,
沙河市人民医院,河北省,公立医院,二甲,综合医院,
尚义县医院,河北省,公立医院,二甲,综合医院,
深泽县医院,河北省,公立医院,二甲,综合医院,http://www.shenze.gov.cn
深州市医院,河北省,公立医院,二甲,综合医院,http://www.hbszsyy.cn
十八局医院,河北省,公立医院,二甲,综合医院,
石家庄市第二医院,河北省,公立医院,二甲,综合医院,http://www.sjzsdeyy.com
石家庄市第三棉纺织厂职工医院,河北省,公立医院,二甲,综合医院,
石家庄市藁城区廉州医院,河北省,公立医院,二甲,综合医院,http://www.gc.gov.cn
石家庄市藁城区人民医院,河北省,公立医院,二甲,综合医院,
石家庄市井陉矿区医院,河北省,公立医院,二甲,综合医院,
石家庄市栾城人民医院,河北省,公立医院,二甲,综合医院,https://www.sjzslcrmyy.com
石家庄市桥西区医院,河北省,公立医院,二甲,综合医院,
石家庄市赵县妇幼保健院,河北省,公立医院,二甲,综合医院,
石家庄友谊医院,河北省,公立医院,二甲,综合医院,
石油物探局职工中心医院,河北省,公立医院,二甲,综合医院,
首钢矿山医院,河北省,公立医院,二甲,综合医院,
顺平县医院,河北省,公立医院,二甲,综合医院,https://www.spxyy.net
唐海县医院,河北省,公立医院,二甲,综合医院,
唐山二十二冶医院,河北省,公立医院,二甲,综合医院,
唐山钢铁集团有限公司医院,河北省,公立医院,二甲,综合医院,
唐山机车车辆厂医院,河北省,公立医院,二甲,综合医院,
唐山三友集团有限公司职工医院,河北省,公立医院,二甲,综合医院,
唐山市第九医院,河北省,公立医院,二甲,综合医院,
唐山市第三医院,河北省,公立医院,二甲,综合医院,
唐山市丰润区人民医院,河北省,公立医院,二甲,综合医院,
唐山市工人医院集团第一医院,河北省,公立医院,二甲,综合医院,
唐山市古冶区医院,河北省,公立医院,二甲,综合医院,
唐山市开平区医院,河北省,公立医院,二甲,综合医院,
唐山市滦县人民医院,河北省,公立医院,二甲,综合医院,
唐山市新区医院,河北省,公立医院,二甲,综合医院,
唐山铁路中心医院,河北省,公立医院,二甲,综合医院,
铜城人民医院,河北省,公立医院,二甲,综合医院,
望都县医院,河北省,公立医院,二甲,综合医院,
围场县医院,河北省,公立医院,二甲,综合医院,
魏县人民医院,河北省,公立医院,二甲,综合医院,
文安县医院,河北省,公立医院,二甲,综合医院,
武安市第一人民医院,河北省,公立医院,二甲,综合医院,
武警8640部队医院,河北省,公立医院,二甲,综合医院,
无极县医院,河北省,公立医院,二甲,综合医院,
五矿邯邢职工总医院,河北省,公立医院,二甲,综合医院,
武强县医院,河北省,公立医院,二甲,综合医院,
吴桥县第二医院,河北省,公立医院,二甲,综合医院,
吴桥县人民医院,河北省,公立医院,二甲,综合医院,
兴隆县人民医院,河北省,公立医院,二甲,综合医院,
邢台市桥东区医院,河北省,公立医院,二甲,综合医院,
邢台市任县医院,河北省,公立医院,二甲,综合医院,
邢台市威县人民医院,河北省,公立医院,二甲,综合医院,
邢台县医院,河北省,公立医院,二甲,综合医院,
邢台医专第一附属医院,河北省,公立医院,二甲,综合医院,
行唐县人民医院,河北省,公立医院,二甲,综合医院,
新河县人民医院,河北省,公立医院,二甲,综合医院,
辛集市第二医院,河北省,公立医院,二甲,综合医院,
辛集市第一医院,河北省,公立医院,二甲,综合医院,
新乐市医院,河北省,公立医院,二甲,综合医院,
新兴铸管集团有限责任公司医院,河北省,公立医院,二甲,综合医院,
新兴铸管职工医院,河北省,公立医院,二甲,综合医院,
唐山市古冶区中医医院,河北省,公立医院,二甲,专科医院,
安国市中医院,河北省,公立医院,二甲,专科医院,
保定恒兴中西医结合医院,河北省,公立医院,二甲,专科医院,
保定市儿童医院,河北省,公立医院,二甲,专科医院,
保定市蠡县中医医院,河北省,公立医院,二甲,专科医院,
保定市清苑区妇幼保健院,河北省,公立医院,二甲,专科医院,
保定市唐县中医院,河北省,公立医院,二甲,专科医院,
保定市徐水区妇幼保健院,河北省,公立医院,二甲,专科医院,
保定市徐水区中医医院,河北省,公立医院,二甲,专科医院,
保定市中医院,河北省,公立医院,二甲,专科医院,
霸州市中医院,河北省,公立医院,二甲,专科医院,
北京军区北戴河疗养院,河北省,公立医院,二甲,专科医院,
泊头市中医医院,河北省,公立医院,二甲,专科医院,
沧州市传染病医院,河北省,公立医院,二甲,专科医院,
沧州市献县中医院,河北省,公立医院,二甲,专科医院,
沧州眼科医院,河北省,公立医院,二甲,专科医院,
昌黎县中医院,河北省,公立医院,二甲,专科医院,
成安县中医院,河北省,公立医院,二甲,专科医院,
承德市精神康复中心,河北省,公立医院,二甲,专科医院,
承德县中医院,河北省,公立医院,二甲,专科医院,
大城县中医院,河北省,公立医院,二甲,专科医院,
大名县妇幼保健院,河北省,公立医院,二甲,专科医院,
大名县中医医院,河北省,公立医院,二甲,专科医院,
定州市妇幼保健院,河北省,公立医院,二甲,专科医院,
东光县中医医院,河北省,公立医院,二甲,专科医院,
丰宁县中医院,河北省,公立医院,二甲,专科医院,
抚宁县中医院,河北省,公立医院,二甲,专科医院,
高阳县中医院,河北省,公立医院,二甲,专科医院,
高邑县中医院,河北省,公立医院,二甲,专科医院,
馆陶县中医院,河北省,公立医院,二甲,专科医院,
邯郸市磁县妇幼保健院,河北省,公立医院,二甲,专科医院,
邯郸市磁县中医院,河北省,公立医院,二甲,专科医院,
邯郸市第六医院,河北省,公立医院,二甲,专科医院,
邯郸市邱县中医院,河北省,公立医院,二甲,专科医院,
邯郸市涉县中医院,河北省,公立医院,二甲,专科医院,
邯郸市魏县中医院,河北省,公立医院,二甲,专科医院,
邯郸市眼科医院,河北省,公立医院,二甲,专科医院,
邯郸市永年区中医院,河北省,公立医院,二甲,专科医院,
邯钢烧伤治疗中心,河北省,公立医院,二甲,专科医院,
河北省大厂县中医院,河北省,公立医院,二甲,专科医院,
河北省老年病医院,河北省,公立医院,二甲,专科医院,
衡水市第三人民医院,河北省,公立医院,二甲,专科医院,
衡水市桃城区妇幼保健院,河北省,公立医院,二甲,专科医院,
怀来县中医院,河北省,公立医院,二甲,专科医院,
黄骅市中医医院,河北省,公立医院,二甲,专科医院,
井陉县中医院,河北省,公立医院,二甲,专科医院,
晋州市中医院,河北省,公立医院,二甲,专科医院,
冀州区中医院,河北省,公立医院,二甲,专科医院,
巨鹿县中医院,河北省,公立医院,二甲,专科医院,
宽城满族自治县中医院,河北省,公立医院,二甲,专科医院,
乐亭县中医医院,河北省,公立医院,二甲,专科医院,
临城县中医院,河北省,公立医院,二甲,专科医院,
灵寿县中西医结合医院,河北省,公立医院,二甲,专科医院,
隆化县中医院,河北省,公立医院,二甲,专科医院,
滦平县中医院,河北省,公立医院,二甲,专科医院,
滦州市中医医院,河北省,公立医院,二甲,专科医院,
卢龙县中医院,河北省,公立医院,二甲,专科医院,
孟村回族自治县中医院,河北省,公立医院,二甲,专科医院,
南宫市肿瘤医院,河北省,公立医院,二甲,专科医院,
南宫市中医院,河北省,公立医院,二甲,专科医院,
南皮县中医医院,河北省,公立医院,二甲,专科医院,
宁晋县中西医结合医院,河北省,公立医院,二甲,专科医院,
平泉市中医院,河北省,公立医院,二甲,专科医院,
平泉县精神病医院,河北省,公立医院,二甲,专科医院,https://www.pingquan.gov.cn
平山县中医院,河北省,公立医院,二甲,专科医院,https://www.hdszyy.cn
迁西县中医医院,河北省,公立医院,二甲,专科医院,
青龙县中医院,河北省,公立医院,二甲,专科医院,http://www.lxxzyyy.com
秦皇岛脑血管医院,河北省,公立医院,二甲,专科医院,
秦皇岛市山海关中医院,河北省,公立医院,二甲,专科医院,http://www.shgrmyy.com
曲阳县中医院,河北省,公立医院,二甲,专科医院,
曲周县中医院,河北省,公立医院,二甲,专科医院,
饶阳县中医院,河北省,公立医院,二甲,专科医院,
任丘市中医院,河北省,公立医院,二甲,专科医院,
容城县中医医院,河北省,公立医院,二甲,专科医院,
三河市妇幼保健院,河北省,公立医院,二甲,专科医院,
三河市中医院,河北省,公立医院,二甲,专科医院,
沙河市中医院,河北省,公立医院,二甲,专科医院,
深泽县中医院,河北省,公立医院,二甲,专科医院,
石家庄市藁城区中西医结合医院,河北省,公立医院,二甲,专科医院,
石家庄市赵县中医院,河北省,公立医院,二甲,专科医院,
唐山市第七医院,河北省,公立医院,二甲,专科医院,
唐山市丰南区中医院,河北省,公立医院,二甲,专科医院,
唐山市丰润区中医院,河北省,公立医院,二甲,专科医院,
唐山市眼科医院,河北省,公立医院,二甲,专科医院,
望都县中医医院,河北省,公立医院,二甲,专科医院,
万全县中医院,河北省,公立医院,二甲,专科医院,
文安县中医院,河北省,公立医院,二甲,专科医院,
武安市中医院,河北省,公立医院,二甲,专科医院,
无极县中医院,河北省,公立医院,二甲,专科医院,
武邑县中医院,河北省,公立医院,二甲,专科医院,
香河县中医院,河北省,公立医院,二甲,专科医院,
兴隆县中医院,河北省,公立医院,二甲,专科医院,
邢台市第二医院,河北省,公立医院,二甲,专科医院,
行唐县中医院,河北省,公立医院,二甲,专科医院,
辛集市中医院,河北省,公立医院,二甲,专科医院,
新乐市中医院,河北省,公立医院,二甲,专科医院,
元氏县中医院,河北省,公立医院,二甲,专科医院,
赞皇县中医院,河北省,公立医院,二甲,专科医院,
张北县中医院,河北省,公立医院,二甲,专科医院,
张家口市肺科医院,河北省,公立医院,二甲,专科医院,
张家口市妇幼保健院,河北省,公立医院,二甲,专科医院,
张家口市口腔病医院,河北省,公立医院,二甲,专科医院,
张家口市沙岭子医院,河北省,公立医院,二甲,专科医院,
张家口市蔚县中医院,河北省,公立医院,二甲,专科医院,
涿鹿县中医院,河北省,公立医院,二甲,专科医院,
涿州市中医医院,河北省,公立医院,二甲,专科医院,
保定市第四医院,河北省,公立医院,二乙,综合医院,
保定市莲池区人民医院,河北省,公立医院,二乙,综合医院,
保定市新市区医院,河北省,公立医院,二乙,综合医院,
保定市易县医院,河北省,公立医院,二乙,综合医院,
泊头市第二医院,河北省,公立医院,二乙,综合医院,
沧州中捷医院,河北省,公立医院,二乙,综合医院,
承德市双滦区人民医院,河北省,公立医院,二乙,综合医院,
承德市双桥区医院,河北省,公立医院,二乙,综合医院,
阜平县医院,河北省,公立医院,二乙,综合医院,
高邑县医院,河北省,公立医院,二乙,综合医院,
广宗县医院,河北省,公立医院,二乙,综合医院,
沽源县人民医院,河北省,公立医院,二乙,综合医院,
海兴县医院,河北省,公立医院,二乙,综合医院,
邯郸陶瓷集团总公司职工医院,河北省,公立医院,二乙,综合医院,https://www.hdsdyyy.com
河北任丘华北石油油建医院,河北省,公立医院,二乙,综合医院,http://www.hbsygljzyy.com
河北省优抚医院,河北省,公立医院,二乙,综合医院,https://www.hebrjyy.cn
华北石油管理局第一机械厂医院,河北省,公立医院,二乙,综合医院,
南大港农场医院,河北省,公立医院,二乙,综合医院,https://new.qq.com
平山县人民医院,河北省,公立医院,二乙,综合医院,
平乡县第二医院,河北省,公立医院,二乙,综合医院,
石家庄第一棉纺织厂职工医院,河北省,公立医院,二乙,综合医院,
石家庄市桥东区医院,河北省,公立医院,二乙,综合医院,
石家庄市新华区医院,河北省,公立医院,二乙,综合医院,
香河县人民医院,河北省,公立医院,二乙,综合医院,
邢台市第四医院,河北省,公立医院,二乙,综合医院,
新乐市轻工医院,河北省,公立医院,二乙,综合医院,
永年区第二医院,河北省,公立医院,二乙,综合医院,
元氏县第二医院,河北省,公立医院,二乙,综合医院,
张家口市第五医院,河北省,公立医院,二乙,综合医院,
张家口市下花园煤矿医院,河北省,公立医院,二乙,综合医院,
正定县第二人民医院,河北省,公立医院,二乙,综合医院,
正定县第三人民医院,河北省,公立医院,二乙,综合医院,
保定市骨科医院,河北省,公立医院,二乙,专科医院,
磁县肿瘤医院,河北省,公立医院,二乙,专科医院,
定州市中医院,河北省,公立医院,二乙,专科医院,
邯郸市按摩医院,河北省,公立医院,二乙,专科医院,
河北红十字石家庄中西医结合医院,河北省,公立医院,二乙,专科医院,
三门峡武强中医院,河北省,公立医院,二乙,专科医院,
沙河市第二医院,河北省,公立医院,二乙,专科医院,
石家庄市第一眼科医院,河北省,公立医院,二乙,专科医院,
唐山市第五医院,河北省,公立医院,二乙,专科医院,
香河县气管炎哮喘医院,河北省,公立医院,二乙,专科医院,
阳原县中医院,河北省,公立医院,二乙,专科医院,
正定县中医院,河北省,公立医院,二乙,专科医院,
怀安县医院,河北省,公立医院,二丙,综合医院,
馆陶县康复医院,河北省,公立医院,二丙,专科医院,
秦皇岛华夏医院,河北省,公立医院,一级,综合医院,
河北燕达医院,河北省,私立医院,三甲,综合医院,
河北医科大学以岭医院,河北省,私立医院,三甲,综合医院,
京东誉美中西医结合肾病医院,河北省,私立医院,三甲,专科医院,
河北友爱医院,河北省,私立医院,二甲,综合医院,http://www.hebyouai.com
京东中美医院,河北省,私立医院,二甲,综合医院,https://www.zmyy.cn
石家庄平安医院,河北省,私立医院,二甲,综合医院,
遵化坤桐医院,河北省,私立医院,二甲,综合医院,https://zhktyy.cn
沧州市和平医院,河北省,私立医院,二甲,综合医院,
曲阳仁济医院,河北省,私立医院,二甲,综合医院,
石家庄长城医院,河北省,私立医院,二甲,综合医院,
石家庄瑞德医院,河北省,私立医院,二甲,综合医院,
唐山车城医院,河北省,私立医院,二甲,综合医院,
唐山马耐医院,河北省,私立医院,二甲,综合医院,
邢台西郊医院,河北省,私立医院,二甲,综合医院,
张家口仁爱医院,河北省,私立医院,二甲,综合医院,
河北中医肝病医院,河北省,私立医院,二甲,专科医院,
石家庄爱尔眼科医院,河北省,私立医院,二甲,专科医院,
石家庄和协口腔医院,河北省,私立医院,二甲,专科医院,
长城心脑血管病医院,河北省,私立医院,二甲,专科医院,
河北东方中西医结合医院,河北省,私立医院,二甲,专科医院,
河北钢铁集团邯钢职工医院,河北省,私立医院,二甲,专科医院,
衡水心血管病医院,河北省,私立医院,二甲,专科医院,
黄骅市中西医结合医院,河北省,私立医院,二甲,专科医院,
任丘市肿瘤医院,河北省,私立医院,二甲,专科医院,
石家庄微创外科医院,河北省,私立医院,二甲,专科医院,
华北石油油建医院,河北省,私立医院,二乙,综合医院,
滦南县京东医院,河北省,私立医院,二乙,综合医院,
秦皇岛柳江医院,河北省,私立医院,二乙,综合医院,
曲阳县第二医院,河北省,私立医院,二乙,综合医院,
三河东杉医院,河北省,私立医院,二乙,综合医院,
石家庄飞机场医院,河北省,私立医院,二乙,综合医院,http://www.hpyy.mil.cn
唐山市利明医院,河北省,私立医院,二乙,综合医院,
正定县中医研究所附属医院,河北省,私立医院,二乙,综合医院,
石家庄市友谊烧伤医院,河北省,私立医院,二乙,专科医院,https://www.chunyuyisheng.com
正定县燕赵医院,河北省,私立医院,一甲,综合医院,
河北蕴育中西医结合医院,河北省,私立医院,未定级,专科医院,http://www.hebeifuke.com
唐山五官医院,河北省,私立医院,未定级,专科医院,https://www.tsdwyy.cn
青海大学附属医院,青海省,公立医院,三甲,综合医院,https://www.qhuah.com
青海省第五人民医院,青海省,公立医院,三甲,综合医院,https://qhzlyy.com
青海红十字医院,青海省,公立医院,三甲,综合医院,https://www.youlai.cn
青海省藏医院,青海省,公立医院,三甲,综合医院,http://tibethosp.com
西宁市第一人民医院,青海省,公立医院,三甲,综合医院,http://www.xndyyljt.com
中国人民解放军联勤保障部队第九四一医院,青海省,公立医院,三甲,综合医院,
青海省第三人民医院,青海省,公立医院,三甲,专科医院,
青海省第四人民医院,青海省,公立医院,三甲,专科医院,https://www.qh4yy.com.cn
青海省妇女儿童医院,青海省,公立医院,三甲,专科医院,https://www.qhsfnetyy.cn
青海省妇幼保健院,青海省,公立医院,三甲,专科医院,https://www.qhfybjy.com
青海省心脑血管病专科医院,青海省,公立医院,三甲,专科医院,http://www.qhheart.com
青海省心血管病专科医院,青海省,公立医院,三甲,专科医院,http://qhheart.com
青海省中医院,青海省,公立医院,三甲,专科医院,http://www.qhzyy.com.cn
格尔木市人民医院,青海省,公立医院,三乙,综合医院,
海西州人民医院,青海省,公立医院,三乙,综合医院,
互助县人民医院,青海省,公立医院,三乙,综合医院,
解放军第二二医院,青海省,公立医院,三乙,综合医院,
青海省爱民医院,青海省,公立医院,三乙,综合医院,
青海省海南藏族自治州人民医院,青海省,公立医院,三乙,综合医院,
青海省交通医院,青海省,公立医院,三乙,综合医院,
西宁市第二人民医院,青海省,公立医院,三乙,综合医院,https://www.xnsdermyy.com
西宁市第三人民医院,青海省,公立医院,三乙,综合医院,
称多县人民医院,青海省,公立医院,二甲,综合医院,
大通县第一人民医院,青海省,公立医院,二甲,综合医院,
贵德县人民医院,青海省,公立医院,二甲,综合医院,
贵南县人民医院,青海省,公立医院,二甲,综合医院,https://www.qnzrmyy.com
贵南县藏医院,青海省,公立医院,二甲,综合医院,http://www.tibethosp.com
果洛藏族自治州医院,青海省,公立医院,二甲,综合医院,
海北州藏医院,青海省,公立医院,二甲,综合医院,http://tibethosp.com
海东市第一人民医院,青海省,公立医院,二甲,综合医院,
海西州蒙藏医医院,青海省,公立医院,二甲,综合医院,https://wsjkw.haixi.gov.cn
海晏县人民医院,青海省,公立医院,二甲,综合医院,
河南蒙古自治县蒙藏医院,青海省,公立医院,二甲,综合医院,https://www.gjmyy.cn
化隆县人民医院,青海省,公立医院,二甲,综合医院,
黄南州人民医院,青海省,公立医院,二甲,综合医院,
湟源县人民医院,青海省,公立医院,二甲,综合医院,
湟中县第二人民医院,青海省,公立医院,二甲,综合医院,https://www.xnsdermyy.com
湟中县第一人民医院,青海省,公立医院,二甲,综合医院,
茫崖石棉矿医院,青海省,公立医院,二甲,综合医院,
茫崖石棉矿职工医院,青海省,公立医院,二甲,综合医院,https://www.163.com
玛沁县人民医院,青海省,公立医院,二甲,综合医院,
祁连县人民医院,青海省,公立医院,二甲,综合医院,
青海大通红十字医院,青海省,公立医院,二甲,综合医院,
青海黄南尖扎县人民医院,青海省,公立医院,二甲,综合医院,
青海民和县第二人民医院,青海省,公立医院,二甲,综合医院,
青海省海西州乌兰县蒙医医院,青海省,公立医院,二甲,综合医院,
乌兰县人民医院,青海省,公立医院,二甲,综合医院,
兴海县藏医院,青海省,公立医院,二甲,综合医院,
西宁市湟中县藏医院,青海省,公立医院,二甲,综合医院,
循化县人民医院,青海省,公立医院,二甲,综合医院,
玉树市八一医院,青海省,公立医院,二甲,综合医院,
玉树藏族自治州人民医院,青海省,公立医院,二甲,综合医院,
泽库县人民医院,青海省,公立医院,二甲,综合医院,
泽库县藏医院,青海省,公立医院,二甲,综合医院,
中国水利水电第四工程局西宁中心医院,青海省,公立医院,二甲,综合医院,
青海省康复医院,青海省,公立医院,二甲,专科医院,
共和县中医院,青海省,公立医院,二甲,专科医院,
海东市乐都区中医院,青海省,公立医院,二甲,专科医院,
湟中县中医院,青海省,公立医院,二甲,专科医院,http://www.qhzyy.com.cn
互助县中医院,青海省,公立医院,二甲,专科医院,
民和县中医院,青海省,公立医院,二甲,专科医院,
青海省高原医学科学研究所,青海省,公立医院,二甲,专科医院,
青海省海南州同德县藏医院,青海省,公立医院,二甲,专科医院,
天峻县藏医医院,青海省,公立医院,二甲,专科医院,https://yyk.familydoctor.com.cn
西宁市城北区中医院,青海省,公立医院,二甲,专科医院,
西宁市中医院,青海省,公立医院,二甲,专科医院,
称多县藏医院,青海省,公立医院,二乙,综合医院,https://www.xzzzqzyy.com
都兰县蒙藏医院,青海省,公立医院,二乙,综合医院,https://www.gjmyy.cn
都兰县人民医院,青海省,公立医院,二乙,综合医院,http://www.dulan.gov.cn
尖扎县人民医院,青海省,公立医院,二乙,综合医院,
青海省果洛藏族自治州久治县人民医院,青海省,公立医院,二乙,综合医院,http://www.jiuzhixian.gov.cn
天峻县人民医院,青海省,公立医院,二乙,综合医院,
同德县人民医院,青海省,公立医院,二乙,综合医院,http://yctdyy.com
兴海县人民医院,青海省,公立医院,二乙,综合医院,https://www.miaoshou.net
西宁市回族医院,青海省,公立医院,二乙,综合医院,
治多县藏医院,青海省,公立医院,二乙,专科医院,https://www.xzzzqzyy.com
久治县人民医院,青海省,公立医院,二丙,综合医院,http://m.lxrmyy.cn
青海仁济医院,青海省,私立医院,三乙,综合医院,https://www.dayi.org.cn
青海省康乐医院,青海省,私立医院,三乙,综合医院,https://www.mktijian.cn
青海省兴华医院,青海省,私立医院,二甲,综合医院,
大通民康骨科医院,青海省,私立医院,二甲,专科医院,
青海久美藏医院,青海省,私立医院,二甲,专科医院,http://www.tibethosp.com
西宁恒生骨伤专科医院,青海省,私立医院,二甲,专科医院,
西宁现代妇产医院,青海省,私立医院,二甲,专科医院,http://www.6251111.com
都兰县慈善医院,青海省,私立医院,二乙,综合医院,http://www.dulan.gov.cn
贵南草业公司医院,青海省,私立医院,二乙,综合医院,https://www.kaiyang.gov.cn
共和县博爱医院,青海省,私立医院,二丙,综合医院,https://www3.ha.org.hk
昆明市第一人民医院,云南省,公立医院,三甲,综合医院,https://www.kmsdyrmyy.com
昆明市延安医院,云南省,公立医院,三甲,综合医院,https://www.kmyayy.com
云南省第三人民医院,云南省,公立医院,三甲,综合医院,
云南省第一人民医院,云南省,公立医院,三甲,综合医院,http://www.ypfph.com
玉溪市人民医院,云南省,公立医院,三甲,综合医院,http://www.yxhospital.com
昭通市第一人民医院,云南省,公立医院,三甲,综合医院,https://www.ztsdyrmyy.com
保山市人民医院,云南省,公立医院,三甲,综合医院,http://www.ynbsyy.com
楚雄彝族自治州人民医院,云南省,公立医院,三甲,综合医院,https://www.cxzrmyy.com
大理白族自治州人民医院,云南省,公立医院,三甲,综合医院,
大理大学第一附属医院,云南省,公立医院,三甲,综合医院,
红河州滇南中心医院,云南省,公立医院,三甲,综合医院,https://www.hhzyy.com
红河州第一人民医院,云南省,公立医院,三甲,综合医院,https://www.hhzyy.com
昆明医科大学第一附属医院,云南省,公立医院,三甲,综合医院,https://www.ydyy.cn
普洱市人民医院,云南省,公立医院,三甲,综合医院,https://www.pesrmyy.com
曲靖市第二人民医院,云南省,公立医院,三甲,综合医院,https://www.qjeyy.cn
曲靖市第一人民医院,云南省,公立医院,三甲,综合医院,https://www.qjyyy.com
武警云南总队医院,云南省,公立医院,三甲,综合医院,https://www.sud.cn
西双版纳傣族自治州人民医院,云南省,公立医院,三甲,综合医院,
云南省第二人民医院,云南省,公立医院,三甲,综合医院,
中国人民解放军联勤保障部队第九二〇医院,云南省,公立医院,三甲,综合医院,
中国人民解放军联勤保障部队九二六医院,云南省,公立医院,三甲,综合医院,
红河哈尼族彝族自治州第三人民医院,云南省,公立医院,三甲,专科医院,
红河州第二人民医院,云南省,公立医院,三甲,专科医院,
云南省阜外心血管病医院,云南省,公立医院,三甲,专科医院,http://www.ynfwyy.com
云南省肿瘤医院,云南省,公立医院,三甲,专科医院,
保山市中医医院,云南省,公立医院,三甲,专科医院,
楚雄州中医院,云南省,公立医院,三甲,专科医院,http://www.cxzzyyy.cn
大理白族自治州中医医院,云南省,公立医院,三甲,专科医院,https://www.dlzzyyy.com
昆明市第三人民医院,云南省,公立医院,三甲,专科医院,http://www.kmsdsrmyy.com
昆明市儿童医院,云南省,公立医院,三甲,专科医院,https://www.etyy.cn
昆明市妇幼保健院,云南省,公立医院,三甲,专科医院,
昆明市中医医院,云南省,公立医院,三甲,专科医院,https://www.kmszy.com
昆明医科大学第二附属医院,云南省,公立医院,三甲,专科医院,https://www.kyfey.com
普洱市中医医院,云南省,公立医院,三甲,专科医院,https://peszyyy.com
曲靖市中医医院,云南省,公立医院,三甲,专科医院,https://www.qjszyy.com
云南省妇幼保健院,云南省,公立医院,三甲,专科医院,http://www.ynfybj.com
云南省昭通市中医医院,云南省,公立医院,三甲,专科医院,https://www.ztszyyy.com
云南省中医医院,云南省,公立医院,三甲,专科医院,https://www.yn-tcm-hospital.com
玉溪市中医医院,云南省,公立医院,三甲,专科医院,http://www.yxszyyy.cn
德宏州人民医院,云南省,公立医院,三乙,综合医院,https://www.dhzyy.com
红河州第三人民医院,云南省,公立医院,三乙,综合医院,https://www.hh3y.com
昆明市第二人民医院,云南省,公立医院,三乙,综合医院,http://www.kmsdermyy.com
昆明市第四人民医院,云南省,公立医院,三乙,综合医院,https://www.kmszy.com
昆明市东川区第二人民医院,云南省,公立医院,三乙,综合医院,https://www.kmsdcqrmyy.com
丽江市人民医院,云南省,公立医院,三乙,综合医院,
怒江州人民医院,云南省,公立医院,三乙,综合医院,https://www.njzrmyy.com
文山州人民医院,云南省,公立医院,三乙,综合医院,http://www.wszrmyy.com
西双版纳农垦医院,云南省,公立医院,三乙,综合医院,
云南省临沧市人民医院,云南省,公立医院,三乙,综合医院,https://www.lcrmyy.com
云南中医药大学第二附属医院,云南省,公立医院,三乙,综合医院,https://www.ynzyydxdefsyy.com
中国人民解放军陆军第七十五集团军医院,云南省,公立医院,三乙,综合医院,
云南省传染病专科医院,云南省,公立医院,三乙,专科医院,https://www.ynaidscare.com
云南省文山壮族苗族自治州中医医院,云南省,公立医院,三乙,专科医院,http://www.wszzyyy.cn
楚雄市人民医院,云南省,公立医院,二甲,综合医院,https://www.cxsrmyy.cn
建水县人民医院,云南省,公立医院,二甲,综合医院,
开远市人民医院,云南省,公立医院,二甲,综合医院,http://www.gjrmyy.com
普洱市思茅区人民医院,云南省,公立医院,二甲,综合医院,https://www.smqrmyy.com
安宁市人民医院,云南省,公立医院,二甲,综合医院,http://www.ansrmyy.com
保山安利医院,云南省,公立医院,二甲,综合医院,http://www.bsalyy.com
保山市第二人民医院,云南省,公立医院,二甲,综合医院,
宾川县人民医院,云南省,公立医院,二甲,综合医院,
昌宁县人民医院,云南省,公立医院,二甲,综合医院,
呈贡区人民医院,云南省,公立医院,二甲,综合医院,https://www.kmscgqrmyy.cn
澄江县人民医院,云南省,公立医院,二甲,综合医院,
大关县人民医院,云南省,公立医院,二甲,综合医院,https://www.dgxrmyy.net
大理市第二人民医院,云南省,公立医院,二甲,综合医院,
大理市第一人民医院,云南省,公立医院,二甲,综合医院,
大理医学院附属医院专家医疗中心,云南省,公立医院,二甲,综合医院,
大姚县人民医院,云南省,公立医院,二甲,综合医院,
德宏州第二人民医院,云南省,公立医院,二甲,综合医院,https://www.dhzyy.com
德宏州中医医院,云南省,公立医院,二甲,综合医院,https://www.dhzyy.com
凤庆县人民医院,云南省,公立医院,二甲,综合医院,
富民县人民医院,云南省,公立医院,二甲,综合医院,http://www.fcrmyy.cn
富源县人民医院,云南省,公立医院,二甲,综合医院,
广南县人民医院,云南省,公立医院,二甲,综合医院,http://www.gnxyy.cn
河口县人民医院,云南省,公立医院,二甲,综合医院,https://www.dysrmyy.com
鹤庆县人民医院,云南省,公立医院,二甲,综合医院,http://www.hqxxyy.cn
红河州第四人民医院,云南省,公立医院,二甲,综合医院,https://www.hhzyy.com
华宁县人民医院,云南省,公立医院,二甲,综合医院,
华坪县人民医院,云南省,公立医院,二甲,综合医院,
江川县人民医院,云南省,公立医院,二甲,综合医院,
建水县第二人民医院,云南省,公立医院,二甲,综合医院,https://www.hh2yy.com
景东县人民医院,云南省,公立医院,二甲,综合医院,
金平县人民医院,云南省,公立医院,二甲,综合医院,
昆明市东川区第一人民医院,云南省,公立医院,二甲,综合医院,https://www.kmsdcqrmyy.com
昆明市经开人民医院,云南省,公立医院,二甲,综合医院,https://www.kmsjkrmyy.com
昆明市晋宁区第二人民医院,云南省,公立医院,二甲,综合医院,http://kmsdermyy.com
昆明市盘龙区人民医院,云南省,公立医院,二甲,综合医院,https://www.kmplqhospital.org.cn
昆明市五华区人民医院,云南省,公立医院,二甲,综合医院,
昆明市西山区人民医院,云南省,公立医院,二甲,综合医院,https://www.xsqrmyy.net
澜沧县第一人民医院,云南省,公立医院,二甲,综合医院,https://www.lcxdyrmyy.com
兰坪县人民医院,云南省,公立医院,二甲,综合医院,https://www.lanping.gov.cn
梁河县人民医院,云南省,公立医院,二甲,综合医院,
临沧市第二人民医院,云南省,公立医院,二甲,综合医院,
临沧市云县人民医院,云南省,公立医院,二甲,综合医院,https://www.yxrmyy.cn
陇川县人民医院,云南省,公立医院,二甲,综合医院,
龙陵县人民医院,云南省,公立医院,二甲,综合医院,
禄丰县人民医院,云南省,公立医院,二甲,综合医院,https://www.lfxrmyy.com
陆良县人民医院,云南省,公立医院,二甲,综合医院,http://llxzyyy.cn
罗平县人民医院,云南省,公立医院,二甲,综合医院,http://www.lpxzyy.cn
禄劝县第一人民医院,云南省,公立医院,二甲,综合医院,
泸西县人民医院,云南省,公立医院,二甲,综合医院,
绿春县人民医院,云南省,公立医院,二甲,综合医院,http://www.lcxrmyy.cc
马关县人民医院,云南省,公立医院,二甲,综合医院,http://mgxrmyy.com.cn
马龙县人民医院,云南省,公立医院,二甲,综合医院,http://www.mlqyy.com
勐海县人民医院,云南省,公立医院,二甲,综合医院,https://www.mhxrmyy.cn
勐腊县勐醒农场医院,云南省,公立医院,二甲,综合医院,
勐腊县人民医院,云南省,公立医院,二甲,综合医院,
蒙自市人民医院,云南省,公立医院,二甲,综合医院,
墨江县人民医院,云南省,公立医院,二甲,综合医院,https://www.mjxph.cn
宁洱哈尼族彝族自治县人民医院,云南省,公立医院,二甲,综合医院,
屏边县人民医院,云南省,公立医院,二甲,综合医院,http://www.spxrmyy.cn
普洱县人民医院,云南省,公立医院,二甲,综合医院,https://www.pesrmyy.com
巧家县人民医院,云南省,公立医院,二甲,综合医院,http://www.qiaojia.gov.cn
丘北县人民医院,云南省,公立医院,二甲,综合医院,https://www.qbxrmyy.cn
曲靖市第三人民医院,云南省,公立医院,二甲,综合医院,https://qj3yy.com
曲靖市第五人民医院,云南省,公立医院,二甲,综合医院,
曲靖市麒麟区人民医院,云南省,公立医院,二甲,综合医院,https://www.qjqlqrmyy.cn
曲靖市沾益区人民医院,云南省,公立医院,二甲,综合医院,http://www.zyrmyyw.com
瑞丽市人民医院,云南省,公立医院,二甲,综合医院,
施甸县人民医院,云南省,公立医院,二甲,综合医院,
石林县人民医院,云南省,公立医院,二甲,综合医院,https://www.slxzyy.com
石屏县人民医院,云南省,公立医院,二甲,综合医院,
双柏县人民医院,云南省,公立医院,二甲,综合医院,
水富县人民医院,云南省,公立医院,二甲,综合医院,
思茅区人民医院,云南省,公立医院,二甲,综合医院,https://www.smqrmyy.com
嵩明县人民医院,云南省,公立医院,二甲,综合医院,https://www.kmsdyrmyy.com
通海县人民医院,云南省,公立医院,二甲,综合医院,
巍山县人民医院,云南省,公立医院,二甲,综合医院,http://www.wsxrmyy.com
祥云县人民医院,云南省,公立医院,二甲,综合医院,
新平县人民医院,云南省,公立医院,二甲,综合医院,https://www.xpxyy.cn
寻甸回族自治县第一人民医院,云南省,公立医院,二甲,综合医院,https://www.xdxrmyy.com.cn
寻甸县第一人民医院,云南省,公立医院,二甲,综合医院,https://www.xdxrmyy.com.cn
漾濞县人民医院,云南省,公立医院,二甲,综合医院,
盐津县人民医院,云南省,公立医院,二甲,综合医院,
砚山县人民医院,云南省,公立医院,二甲,综合医院,
姚安县人民医院,云南省,公立医院,二甲,综合医院,https://www.yaxrmyy.cn
宜良县第一人民医院,云南省,公立医院,二甲,综合医院,http://www.ylxdyrmyy.com
易门县人民医院,云南省,公立医院,二甲,综合医院,
盈江县人民医院,云南省,公立医院,二甲,综合医院,
永德县人民医院,云南省,公立医院,二甲,综合医院,
永仁县人民医院,云南省,公立医院,二甲,综合医院,http://www.yr.gov.cn
永善县人民医院,云南省,公立医院,二甲,综合医院,http://www.ynys.gov.cn
永胜县人民医院,云南省,公立医院,二甲,综合医院,https://www.miaoshou.net
元江县人民医院,云南省,公立医院,二甲,综合医院,
元谋县人民医院,云南省,公立医院,二甲,综合医院,
元阳县人民医院,云南省,公立医院,二甲,综合医院,
云南北方光学电子集团有限公司医院,云南省,公立医院,二甲,综合医院,https://www.meipian.cn
云南省景东彝族自治县人民医院,云南省,公立医院,二甲,综合医院,
云南省邮电医院,云南省,公立医院,二甲,综合医院,http://www.ynfwyy.com
云南锡古屯医院,云南省,公立医院,二甲,综合医院,http://ynfwyy.com
玉溪市第三人民医院,云南省,公立医院,二甲,综合医院,
昭通北方医院,云南省,公立医院,二甲,综合医院,https://www.ztszyyy.com
昭通监狱医院,云南省,公立医院,二甲,综合医院,http://jyzxyy.gd.gov.cn
昭通市第二人民医院,云南省,公立医院,二甲,综合医院,
镇雄县人民医院,云南省,公立医院,二甲,综合医院,https://www.zxxrmyy.cn
中国人民解放军第六十七中心医院,云南省,公立医院,二甲,综合医院,http://www.hjzyy.mil.cn
中国人民解放军第四七八医院,云南省,公立医院,二甲,综合医院,
中国人民解放军第五三三医院,云南省,公立医院,二甲,综合医院,
中国人民解放军联勤保障部队九二七医院,云南省,公立医院,二甲,综合医院,http://www.924yy.mil.cn
澄江县中医院,云南省,公立医院,二甲,专科医院,http://1073595.1024sj.com
楚雄州妇幼保健院,云南省,公立医院,二甲,专科医院,https://www.cxzfybjy.com
大理市中医医院,云南省,公立医院,二甲,专科医院,https://www.dlzzyyy.com
凤庆县中医院,云南省,公立医院,二甲,专科医院,
富源县中医院,云南省,公立医院,二甲,专科医院,
红河州妇幼保健院,云南省,公立医院,二甲,专科医院,
红河州个旧市中医医院,云南省,公立医院,二甲,专科医院,
景东县中医院,云南省,公立医院,二甲,专科医院,https://www.163.com
昆明重阳老年病医院,云南省,公立医院,二甲,专科医院,
昆明市东川区中医院,云南省,公立医院,二甲,专科医院,https://www.jianshu.com
昆明市盘龙区中医院,云南省,公立医院,二甲,专科医院,
陆良县中医院,云南省,公立医院,二甲,专科医院,http://llxzyyy.cn
泸西县中医院,云南省,公立医院,二甲,专科医院,
马龙县中医医院,云南省,公立医院,二甲,专科医院,http://www.mlxzyyy.com
勐海县中医医院,云南省,公立医院,二甲,专科医院,http://www.mhxzyyy.cn
弥渡县中医院,云南省,公立医院,二甲,专科医院,https://www.midu.gov.cn
弥勒市中医医院,云南省,公立医院,二甲,专科医院,http://www.mlszyyy.com
牟定县中医医院,云南省,公立医院,二甲,专科医院,http://www.mdx.gov.cn
南华县中医院,云南省,公立医院,二甲,专科医院,https://www.dayi.org.cn
丘北县中医院,云南省,公立医院,二甲,专科医院,https://www.163.com
施甸县中医医院,云南省,公立医院,二甲,专科医院,http://www.sdxzyy.com
师宗县中医医院,云南省,公立医院,二甲,专科医院,https://szxzyy.com
腾冲市中医医院,云南省,公立医院,二甲,专科医院,https://www.tcszyyy.com
通海县中医院,云南省,公立医院,二甲,专科医院,https://www.thxyy.cn
威信县中医医院,云南省,公立医院,二甲,专科医院,https://www.douyin.com
寻甸县中医院,云南省,公立医院,二甲,专科医院,http://www.xdxzyyy.com
姚安县中医医院,云南省,公立医院,二甲,专科医院,http://www.yaxzyyy.com
宜良县脑病康复医院,云南省,公立医院,二甲,专科医院,
宜良县中医院,云南省,公立医院,二甲,专科医院,
永善县中医院,云南省,公立医院,二甲,专科医院,
云南省老年病医院,云南省,公立医院,二甲,专科医院,https://www.ynslnbyy.com
云南省荣誉军人康复医院,云南省,公立医院,二甲,专科医院,http://www.hbsrjyy.com
云南省中西医结合医院,云南省,公立医院,二甲,专科医院,
成都军区昆明总医院曲靖分院,云南省,公立医院,二乙,综合医院,https://www.meipian.cn
楚雄州广通医院,云南省,公立医院,二乙,综合医院,
福贡县人民医院,云南省,公立医院,二乙,综合医院,
富宁县人民医院,云南省,公立医院,二乙,综合医院,
个旧市第二人民医院,云南省,公立医院,二乙,综合医院,http://www.gjrmyy.com
红河县人民医院,云南省,公立医院,二乙,综合医院,
会泽县人民医院,云南省,公立医院,二乙,综合医院,
剑川县人民医院,云南省,公立医院,二乙,综合医院,
江城县人民医院,云南省,公立医院,二乙,综合医院,
景谷傣族彝族自治县人民医院,云南省,公立医院,二乙,综合医院,http://www.jgrmyy.com
景洪市东风农场医院,云南省,公立医院,二乙,综合医院,
景洪市橄榄坝医院,云南省,公立医院,二乙,综合医院,
景洪市景洪农场医院,云南省,公立医院,二乙,综合医院,
景洪市勐养医院,云南省,公立医院,二乙,综合医院,https://www.douyin.com
景洪市人民医院,云南省,公立医院,二乙,综合医院,http://www.jhsrmyy.com
晋宁区人民医院,云南省,公立医院,二乙,综合医院,
昆明西仪医院,云南省,公立医院,二乙,综合医院,http://qjyz.ynbys.cn
芒市人民医院,云南省,公立医院,二乙,综合医院,https://www.dhzyy.com
孟定农场医院,云南省,公立医院,二乙,综合医院,http://theworldmedicalcenter.com
勐腊县第二人民医院,云南省,公立医院,二乙,综合医院,
孟连县人民医院,云南省,公立医院,二乙,综合医院,
弥渡县人民医院,云南省,公立医院,二乙,综合医院,
牟定县人民医院,云南省,公立医院,二乙,综合医院,
瑞丽市第二人民医院,云南省,公立医院,二乙,综合医院,https://www.ynshhyy.com
师宗县人民医院,云南省,公立医院,二乙,综合医院,https://www.szxrmyy.cn
畹町经济开发区人民医院,云南省,公立医院,二乙,综合医院,http://sykfqyy.com
威信县人民医院,云南省,公立医院,二乙,综合医院,
文山市人民医院,云南省,公立医院,二乙,综合医院,http://www.wssrmyy.net
武定县人民医院,云南省,公立医院,二乙,综合医院,
西畴县人民医院,云南省,公立医院,二乙,综合医院,
西盟县人民医院,云南省,公立医院,二乙,综合医院,
宣威市人民医院,云南省,公立医院,二乙,综合医院,https://xwsdyrmyy.com
彝良县人民医院,云南省,公立医院,二乙,综合医院,http://www.ylxyy.com.cn
一平浪煤矿职工医院,云南省,公立医院,二乙,综合医院,
永平县人民医院,云南省,公立医院,二乙,综合医院,http://www.ypx.gov.cn
云南省监狱管理局中心医院,云南省,公立医院,二乙,综合医院,http://ynjy.yn.gov.cn
云南省田坝煤矿职工医院,云南省,公立医院,二乙,综合医院,http://www.daosh.com
镇康县人民医院,云南省,公立医院,二乙,综合医院,https://www.zkxzyyy.com
镇沅彝族哈尼族拉祜族自治县人民医院,云南省,公立医院,二乙,综合医院,
保山市妇幼保健院,云南省,公立医院,二乙,专科医院,
宾川县中医院,云南省,公立医院,二乙,专科医院,
楚雄市中医医院,云南省,公立医院,二乙,专科医院,
大关县中医院,云南省,公立医院,二乙,专科医院,
大理白族自治州妇幼保健院,云南省,公立医院,二乙,专科医院,https://www.dali.gov.cn
大理州妇幼保健院,云南省,公立医院,二乙,专科医院,
大理州祥云县中医院,云南省,公立医院,二乙,专科医院,
大姚县中医医院,云南省,公立医院,二乙,专科医院,
会泽县中医院,云南省,公立医院,二乙,专科医院,https://www.meipian.cn
剑川县中医院,云南省,公立医院,二乙,专科医院,https://www.jianchuan.gov.cn
江川县中医医院,云南省,公立医院,二乙,专科医院,https://www.ynjc.gov.cn
丽江市妇幼保健院,云南省,公立医院,二乙,专科医院,
鲁甸县中医院,云南省,公立医院,二乙,专科医院,
禄丰县中医院,云南省,公立医院,二乙,专科医院,
禄劝彝族苗族自治县中医院,云南省,公立医院,二乙,专科医院,
勐腊县中医医院,云南省,公立医院,二乙,专科医院,
宁洱哈尼族彝族自治县中医院,云南省,公立医院,二乙,专科医院,
武定县中医院,云南省,公立医院,二乙,专科医院,
彝良县中医院,云南省,公立医院,二乙,专科医院,
盈江县中医院,云南省,公立医院,二乙,专科医院,
永平县中医院,云南省,公立医院,二乙,专科医院,
永仁县中医院,云南省,公立医院,二乙,专科医院,
元谋县中医医院,云南省,公立医院,二乙,专科医院,
云南黄家医圈中医肿瘤医院,云南省,公立医院,二乙,专科医院,
玉溪市妇幼保健院,云南省,公立医院,二乙,专科医院,
镇康县妇幼保健院,云南省,公立医院,二乙,专科医院,
国营西南仪器厂职工医院,云南省,公立医院,二丙,综合医院,
昆明机床厂职工医院,云南省,公立医院,二丙,综合医院,
云南光学仪器厂职工医院,云南省,公立医院,二丙,综合医院,
昆明同仁医院,云南省,私立医院,三甲,综合医院,
昆明市城南老年病医院,云南省,私立医院,三甲,专科医院,
云南圣约翰医院,云南省,私立医院,三乙,专科医院,
昌宁天和医院,云南省,私立医院,二甲,综合医院,
楚雄万和医院,云南省,私立医院,二甲,综合医院,
昆明普济医院,云南省,私立医院,二甲,综合医院,
兰坪万和医院,云南省,私立医院,二甲,综合医院,
巧家县仁安医院,云南省,私立医院,二甲,综合医院,
师宗现代医院,云南省,私立医院,二甲,综合医院,
通海秀山医院,云南省,私立医院,二甲,综合医院,
五华保健医院,云南省,私立医院,二甲,综合医院,
宣威云峰医院,云南省,私立医院,二甲,综合医院,
永胜县永大医院,云南省,私立医院,二甲,综合医院,
云南国济医院,云南省,私立医院,二甲,综合医院,
云县敬康医院,云南省,私立医院,二甲,综合医院,
楚雄现代妇产医院,云南省,私立医院,二甲,专科医院,
耿马孟康中医医院,云南省,私立医院,二甲,专科医院,
昆明东大肛肠医院,云南省,私立医院,二甲,专科医院,
保山仁济医院,云南省,私立医院,二乙,综合医院,
和美家医院,云南省,私立医院,二乙,综合医院,
江川弘益医院,云南省,私立医院,二乙,综合医院,
昆明中山医院,云南省,私立医院,二乙,综合医院,
陇川和康医院,云南省,私立医院,二乙,综合医院,
普洱万和医院,云南省,私立医院,二乙,综合医院,
师宗仁和医院,云南省,私立医院,二乙,综合医院,
永善县民康医院,云南省,私立医院,二乙,综合医院,
云南协和医院,云南省,私立医院,二乙,综合医院,
云县凯达医院,云南省,私立医院,二乙,综合医院,
玉溪广慈医院,云南省,私立医院,二乙,综合医院,
玉溪万和医院,云南省,私立医院,二乙,综合医院,
新平金创骨伤科医院,云南省,私立医院,二乙,专科医院,
云南平安中西医结合医院,云南省,私立医院,二乙,专科医院,
云南新世纪中西医结合医院,云南省,私立医院,二乙,专科医院,
云南怡园康复医院,云南省,私立医院,二乙,专科医院,
元江县民族医院,云南省,私立医院,二丙,综合医院,
红河肛肠病医院,云南省,私立医院,未定级,专科医院,
昆明美奥口腔盘龙万宏国际口腔门诊部,云南省,私立医院,未定级,专科医院,
巴中市中心医院,四川省,公立医院,三甲,综合医院,https://www.scbz120.cn
成都市第六人民医院,四川省,公立医院,三甲,综合医院,https://www.cd6hospital.cn
成都市第七人民医院,四川省,公立医院,三甲,综合医院,https://www.cd7yy.com
成都市第三人民医院,四川省,公立医院,三甲,综合医院,https://www.cd3hospital.com
成都市妇女儿童中心医院,四川省,公立医院,三甲,综合医院,https://www.wcch.cn
成都市郫都区人民医院,四川省,公立医院,三甲,综合医院,http://pdqrmyy.cn
成都市双流区中医医院,四川省,公立医院,三甲,综合医院,https://www.cdslyyy.com
成都市温江区人民医院,四川省,公立医院,三甲,综合医院,https://www.wj120.com.cn
成都市新都区人民医院,四川省,公立医院,三甲,综合医院,https://www.xdqrmyy.com
成都西区医院,四川省,公立医院,三甲,综合医院,
成都医学院第一附属医院,四川省,公立医院,三甲,综合医院,https://www.cyfyy.cn
川北医学院附属医院,四川省,公立医院,三甲,综合医院,https://www.hospital-nsmc.com.cn
德阳市人民医院,四川省,公立医院,三甲,综合医院,https://www.dy120.net
都江堰市人民医院,四川省,公立医院,三甲,综合医院,http://www.djyylzx.com
广安市人民医院,四川省,公立医院,三甲,综合医院,https://www.gasrmyy.com
广元市中心医院,四川省,公立医院,三甲,综合医院,https://www.myzx.cn
核工业四一六医院,四川省,公立医院,三甲,综合医院,https://mip.mfk.com
简阳市人民医院,四川省,公立医院,三甲,综合医院,https://www.jy120.cn
金堂县第一人民医院,四川省,公立医院,三甲,综合医院,https://www.jintangyy.com
九〇三医院,四川省,公立医院,三甲,综合医院,https://www.903yy.com.cn
凉山彝族自治州第一人民医院,四川省,公立医院,三甲,综合医院,
泸州市人民医院,四川省,公立医院,三甲,综合医院,http://www.lzsry.com
泸州市中医医院,四川省,公立医院,三甲,综合医院,http://www.lzszyyy.com
眉山市人民医院,四川省,公立医院,三甲,综合医院,https://www.mssrmyy.cn
绵阳市第三人民医院,四川省,公立医院,三甲,综合医院,http://www.scmy120.com
绵阳市中心医院,四川省,公立医院,三甲,综合医院,https://www.myzxyy.com
绵阳市中医医院,四川省,公立医院,三甲,综合医院,http://www.myzyy.com
内江市第二人民医院,四川省,公立医院,三甲,综合医院,https://www.njs2yy.com
内江市第一人民医院,四川省,公立医院,三甲,综合医院,https://www.njyy.com.cn
攀枝花学院附属医院,四川省,公立医院,三甲,综合医院,
彭州市人民医院,四川省,公立医院,三甲,综合医院,
三六三医院,四川省,公立医院,三甲,综合医院,https://www.363120.com
三台县人民医院,四川省,公立医院,三甲,综合医院,http://www.stxyy.com
什邡市人民医院,四川省,公立医院,三甲,综合医院,http://www.sf120.net.cn
四川大学华西第二医院,四川省,公立医院,三甲,综合医院,https://www.motherchildren.com
四川大学华西医院,四川省,公立医院,三甲,综合医院,https://www.wchscu.cn
四川绵阳四0四医院,四川省,公立医院,三甲,综合医院,https://www.scmy404.com
四川省第四人民医院,四川省,公立医院,三甲,综合医院,https://www.scsdsrmyy.cn
四川省科学城医院,四川省,公立医院,三甲,综合医院,https://www.kxc120.cn
四川省医学科学院·四川省人民医院,四川省,公立医院,三甲,综合医院,https://www.samsph.com
遂宁市中心医院,四川省,公立医院,三甲,综合医院,
遂宁市中医院,四川省,公立医院,三甲,综合医院,http://www.snszyy.com
西昌市人民医院,四川省,公立医院,三甲,综合医院,http://www.xcsyy.com.cn
西南医科大学附属医院,四川省,公立医院,三甲,综合医院,https://www.ahswmu.cn
雅安市人民医院,四川省,公立医院,三甲,综合医院,https://www.163.com
宜宾市第二人民医院,四川省,公立医院,三甲,综合医院,http://www.yb120.cn
岳池县人民医院,四川省,公立医院,三甲,综合医院,http://www.ycxrmyy.net
中江县人民医院,四川省,公立医院,三甲,综合医院,http://www.zjx120.com
自贡市第三人民医院,四川省,公立医院,三甲,综合医院,https://www.zgsyy.cn
自贡市第四人民医院,四川省,公立医院,三甲,综合医院,https://www.zg120.cn
自贡市第一人民医院,四川省,公立医院,三甲,综合医院,https://www.zgno1hos.com.cn
阿坝藏族羌族自治州人民医院,四川省,公立医院,三甲,综合医院,
成都大学附属医院,四川省,公立医院,三甲,综合医院,https://cdfy120.cdu.edu.cn
成都市第二人民医院,四川省,公立医院,三甲,综合医院,https://www.cd2120.com
成都市第五人民医院,四川省,公立医院,三甲,综合医院,https://www.cd5120.com
成都市第一人民医院,四川省,公立医院,三甲,综合医院,https://www.cdzxy.com
成都市第一人民医院北区,四川省,公立医院,三甲,综合医院,
成都市妇女儿童中心医院太升南路院区,四川省,公立医院,三甲,综合医院,https://www.wcch.cn
成都医学院第二附属医院,四川省,公立医院,三甲,综合医院,https://m.cd2120.com
成都中医药大学附属医院,四川省,公立医院,三甲,综合医院,http://www.sctcm120.com
成飞医院,四川省,公立医院,三甲,综合医院,https://www.cfyy.net
川北医学院附属嘉陵医院,四川省,公立医院,三甲,综合医院,
达州市第一人民医院,四川省,公立医院,三甲,综合医院,http://www.dzdjw.gov.cn
达州市中心医院,四川省,公立医院,三甲,综合医院,https://www.dzcch.com
甘孜藏族自治州人民医院,四川省,公立医院,三甲,综合医院,http://www.gzzrmyy.com
广元市第一人民医院,四川省,公立医院,三甲,综合医院,
乐山市人民医院,四川省,公立医院,三甲,综合医院,https://www.leshan-hospital.com.cn
凉山彝族自治州第二人民医院,四川省,公立医院,三甲,综合医院,https://www.lszeyy.cn
南充市中心医院,四川省,公立医院,三甲,综合医院,https://www.nc120.cn
攀枝花钢铁集团公司职工总医院,四川省,公立医院,三甲,综合医院,
四川大学华西第四医院,四川省,公立医院,三甲,综合医院,http://www.hxsiyuan.cn
四川大学华西天府医院,四川省,公立医院,三甲,综合医院,https://www.wctfh.cn
四川大学华西医院资阳医院,四川省,公立医院,三甲,综合医院,https://www.sczy120.com
四川华西普济医院,四川省,公立医院,三甲,综合医院,https://www.wchscu.cn
四川军大医学研究所附属医院,四川省,公立医院,三甲,综合医院,
四川绵阳四〇四医院,四川省,公立医院,三甲,综合医院,https://www.scmy404.com
四川省人民医院城东病区,四川省,公立医院,三甲,综合医院,https://www.samsph.com
遂宁市中心医院河东分部,四川省,公立医院,三甲,综合医院,
武警四川省总队成都医院,四川省,公立医院,三甲,综合医院,https://cdwjw.chengdu.gov.cn
武警四川总队医院,四川省,公立医院,三甲,综合医院,https://www.chunyuyisheng.com
宜宾市第一人民医院,四川省,公立医院,三甲,综合医院,
中国人民解放军第四五二医院,四川省,公立医院,三甲,综合医院,https://www.youlai.cn
中国人民解放军西部战区总医院,四川省,公立医院,三甲,综合医院,http://xn120.mil.cn
资阳市第一人民医院老区,四川省,公立医院,三甲,综合医院,https://www.zysrmyy.com
资阳市人民医院,四川省,公立医院,三甲,综合医院,https://www.zysrmyy.com
成都肛肠专科医院,四川省,公立医院,三甲,专科医院,https://www.cdgcyy.com
乐山市市中区妇幼保健院,四川省,公立医院,三甲,专科医院,http://szqfybjy.leshan.cn
乐山市中医医院,四川省,公立医院,三甲,专科医院,
眉山市中医医院,四川省,公立医院,三甲,专科医院,https://www.mstcm.com.cn
攀枝花市妇幼保健院,四川省,公立医院,三甲,专科医院,
彭州市妇幼保健院,四川省,公立医院,三甲,专科医院,
四川大学华西口腔医院,四川省,公立医院,三甲,专科医院,https://www.hxkq.org
四川省第二中医医院,四川省,公立医院,三甲,专科医院,https://www.sc2zyy.com
四川省骨科医院,四川省,公立医院,三甲,专科医院,https://www.scsgkyy.com
四川省肿瘤医院,四川省,公立医院,三甲,专科医院,https://www.sichuancancer.org
西南医科大学附属口腔医院,四川省,公立医院,三甲,专科医院,http://www.xnykdkq.com
西南医科大学附属中医医院,四川省,公立医院,三甲,专科医院,https://www.swmctcm.com
自贡市妇幼保健院,四川省,公立医院,三甲,专科医院,https://www.zgsfybjy.cn
自贡市中医医院,四川省,公立医院,三甲,专科医院,https://www.zgszyyy.cn
成都市第四人民医院,四川省,公立医院,三甲,专科医院,https://www.cd-psychologist.com
成都市妇女儿童中心医院东城根街院区,四川省,公立医院,三甲,专科医院,https://yyk.familydoctor.com.cn
成都市妇女儿童中心医院实业街分部,四川省,公立医院,三甲,专科医院,https://www.wcch.cn
达州市中西医结合医院,四川省,公立医院,三甲,专科医院,https://www.dz2yy.com
广元市精神卫生中心,四川省,公立医院,三甲,专科医院,https://www.gysdsrmyy.cn
广元市中医院,四川省,公立医院,三甲,专科医院,https://www.gyszyy.net
内江市中医医院,四川省,公立医院,三甲,专科医院,https://www.njszyy.com
内江市中医医院东区,四川省,公立医院,三甲,专科医院,
四川省妇幼保健院,四川省,公立医院,三甲,专科医院,https://www.fybj.net
四川省中西医结合医院,四川省,公立医院,三甲,专科医院,http://www.scszxy.com
雅安市第四人民医院,四川省,公立医院,三甲,专科医院,https://www.yasdsrmyy.com
雅安市中医院,四川省,公立医院,三甲,专科医院,https://www.scsyaszyyy.com
自贡市第五人民医院,四川省,公立医院,三甲,专科医院,https://www.zgmhc.cn
资阳市第四人民医院,四川省,公立医院,三甲,专科医院,https://www.zydsyy120.com
成都市龙泉驿区第一人民医院,四川省,公立医院,三乙,综合医院,http://www.cdlqyyy.cn
成都市天府新区人民医院,四川省,公立医院,三乙,综合医院,http://www.tfxqrmyy.com
大邑县人民医院,四川省,公立医院,三乙,综合医院,http://www.sccddyxrmyy.cn
德昌县人民医院,四川省,公立医院,三乙,综合医院,https://www.lsdcxrmyy.com
合江县人民医院,四川省,公立医院,三乙,综合医院,https://www.hjxry.com
合江县中医医院,四川省,公立医院,三乙,综合医院,http://www.hjxzyyy.com
江油市第二人民医院,四川省,公立医院,三乙,综合医院,https://www.163.com
江油市人民医院,四川省,公立医院,三乙,综合医院,https://www.scjysrmyy.com
金堂县第二人民医院,四川省,公立医院,三乙,综合医院,
泸县人民医院,四川省,公立医院,三乙,综合医院,https://www.sclxrmyy.com.cn
绵竹市人民医院,四川省,公立医院,三乙,综合医院,https://www.mzsrmyy.com
南充市高坪区人民医院,四川省,公立医院,三乙,综合医院,http://www.ncwy120.com
蓬安县人民医院,四川省,公立医院,三乙,综合医院,
邛崃市医疗中心医院,四川省,公立医院,三乙,综合医院,http://www.qls120.com
荣县人民医院,四川省,公立医院,三乙,综合医院,https://www.zgrxrmyy.com
射洪市人民医院,四川省,公立医院,三乙,综合医院,https://www.shehong120.com
什邡市中医医院,四川省,公立医院,三乙,综合医院,https://sfszyy365.com
遂宁市第一人民医院,四川省,公立医院,三乙,综合医院,https://www.snyyy.cn
西充县人民医院,四川省,公立医院,三乙,综合医院,http://www.xichongrmyy.com
宣汉县人民医院,四川省,公立医院,三乙,综合医院,https://www.xhhosp.com
叙永县人民医院,四川省,公立医院,三乙,综合医院,https://www.xyxrmyy.com.cn
宜宾市第三人民医院,四川省,公立医院,三乙,综合医院,
仪陇县人民医院,四川省,公立医院,三乙,综合医院,
营山县人民医院,四川省,公立医院,三乙,综合医院,http://www.ysrmyywz.com
安岳县人民医院,四川省,公立医院,三乙,综合医院,http://www.ayxrmyy.com.cn
苍溪县第二人民医院,四川省,公立医院,三乙,综合医院,http://www.cxeyy.cn
苍溪县人民医院,四川省,公立医院,三乙,综合医院,http://www.cxxrmyy.com
成都市青白江区人民医院,四川省,公立医院,三乙,综合医院,https://www.qbjqrmyy.com
成都市双流区第一人民医院,四川省,公立医院,三乙,综合医院,https://www.cdslyyy.com
崇州市人民医院,四川省,公立医院,三乙,综合医院,https://www.xn--gmqr3i68juyaffp44fww1e.cn
达州市达川区人民医院,四川省,公立医院,三乙,综合医院,https://www.xyy120.cn
大竹县人民医院,四川省,公立医院,三乙,综合医院,https://www.scdz120.com
德阳市第二人民医院,四川省,公立医院,三乙,综合医院,https://www.zgdy120.com
都江堰市医疗中心,四川省,公立医院,三乙,综合医院,http://www.djyylzx.com
峨眉山市人民医院,四川省,公立医院,三乙,综合医院,https://www.emsrmyy.com
广汉市人民医院,四川省,公立医院,三乙,综合医院,https://www.ghsrmyy.com
古蔺县人民医院,四川省,公立医院,三乙,综合医院,http://www.glxrmyy.com.cn
解放军第42中心医院,四川省,公立医院,三乙,综合医院,https://www.meipian.cn
阆中市人民医院,四川省,公立医院,三乙,综合医院,https://www.lz120.com
乐山市市中区人民医院,四川省,公立医院,三乙,综合医院,https://www.lssszqrmyy.cn
乐至县人民医院,四川省,公立医院,三乙,综合医院,https://www.lzxrmyy.com
邻水县人民医院,四川省,公立医院,三乙,综合医院,https://www.lsxrmyy.cn
隆昌市人民医院,四川省,公立医院,三乙,综合医院,https://www.lcsrmyy.cn
绵阳市安州区人民医院,四川省,公立医院,三乙,综合医院,http://www.mysazqrmyy.cn
绵阳市人民医院,四川省,公立医院,三乙,综合医院,
南部县人民医院,四川省,公立医院,三乙,综合医院,https://www.nbrmyy.com
南充市第五人民医院,四川省,公立医院,三乙,综合医院,http://www.ncwy120.com
攀枝花市第二人民医院,四川省,公立医院,三乙,综合医院,
平昌县人民医院,四川省,公立医院,三乙,综合医院,https://www.pcrmy.com
蒲江县人民医院,四川省,公立医院,三乙,综合医院,
仁寿县人民医院,四川省,公立医院,三乙,综合医院,http://www.rsxrmyy.com
射洪县人民医院,四川省,公立医院,三乙,综合医院,https://www.shehong120.com
石棉县人民医院,四川省,公立医院,三乙,综合医院,https://www.smxrmyy.com
四川大学华西医院西藏成办分院,四川省,公立医院,三乙,综合医院,https://www.tcd120.com
四川省渠县人民医院,四川省,公立医院,三乙,综合医院,http://www.scqxrmyy.com
通江县人民医院,四川省,公立医院,三乙,综合医院,https://www.tjxrmyy.cn
汶川县人民医院,四川省,公立医院,三乙,综合医院,https://www.wcxrmyyjt.com
盐亭县人民医院,四川省,公立医院,三乙,综合医院,https://www.yanting120.com
中国人民解放军成都军区机关医院,四川省,公立医院,三乙,综合医院,https://www.cdpayy.cn
资中县人民医院,四川省,公立医院,三乙,综合医院,https://www.zzrmyy120.com
成都第一骨科医院,四川省,公立医院,三乙,专科医院,https://www.oneguke120.cn
成都市金牛区妇幼保健院,四川省,公立医院,三乙,专科医院,http://www.cdjnbjy.com
成都市温江区妇幼保健院,四川省,公立医院,三乙,专科医院,http://wjfy120.com
都江堰市妇幼保健院,四川省,公立医院,三乙,专科医院,
眉山市妇幼保健院,四川省,公立医院,三乙,专科医院,https://www.msfybj.com
南充市身心医院,四川省,公立医院,三乙,专科医院,https://www.nc120.cn
宜宾市第四人民医院,四川省,公立医院,三乙,专科医院,https://www.ybsdsrmyy.com
安岳县中医医院,四川省,公立医院,三乙,专科医院,https://www.ayxzyyy.com
苍溪县中医医院,四川省,公立医院,三乙,专科医院,
成都市青白江区妇幼保健院,四川省,公立医院,三乙,专科医院,https://www.qbjqfybjy.com
成都市双流区妇幼保健院,四川省,公立医院,三乙,专科医院,
成都市新都区妇幼保健院,四川省,公立医院,三乙,专科医院,https://www.xdqfby.com
成都市新都区中医医院,四川省,公立医院,三乙,专科医院,https://www.xdzyy.net
崇州市妇幼保健院,四川省,公立医院,三乙,专科医院,http://www.czbjy.com
大邑县妇幼保健院,四川省,公立医院,三乙,专科医院,http://www.dybjy120.com
达州市精神卫生中心,四川省,公立医院,三乙,专科医院,http://www.dzsmkyy.com
德阳市旌阳区妇幼保健计划生育服务中心,四川省,公立医院,三乙,专科医院,http://www.deyangbjy.cn
都江堰市中医医院,四川省,公立医院,三乙,专科医院,https://www.djyszyy.com
峨眉山市中医医院,四川省,公立医院,三乙,专科医院,https://www.ems120.cn
江油市中医医院,四川省,公立医院,三乙,专科医院,https://www.jyzyy.com
简阳市中医医院,四川省,公立医院,三乙,专科医院,https://www.jyzy120.cn
乐山市市中区中医医院,四川省,公立医院,三乙,专科医院,http://www.lsszq.gov.cn
凉山州妇幼保健计划生育服务中心,四川省,公立医院,三乙,专科医院,https://www.lsz.gov.cn
凉山州中西医结合医院,四川省,公立医院,三乙,专科医院,https://www.lszzxy.com
隆昌市中医院,四川省,公立医院,三乙,专科医院,https://www.lczhongyi.com
绵阳市妇幼保健院,四川省,公立医院,三乙,专科医院,http://www.mysfybjy.com
绵阳市骨科医院,四川省,公立医院,三乙,专科医院,https://www.mysgkyy.com
绵阳市骨科医院城北院区,四川省,公立医院,三乙,专科医院,
南充市中医院,四川省,公立医院,三乙,专科医院,
彭州市中医医院,四川省,公立医院,三乙,专科医院,
郫都区中医医院,四川省,公立医院,三乙,专科医院,https://www.pdqzyyy.com
仁寿县中医院,四川省,公立医院,三乙,专科医院,
三台县中医院,四川省,公立医院,三乙,专科医院,https://www.haodf.com
射洪县中医院,四川省,公立医院,三乙,专科医院,https://www.shxzyy.com
双流区中医医院,四川省,公立医院,三乙,专科医院,
四川省八一康复中心,四川省,公立医院,三乙,专科医院,https://www.81kf.cn
资阳市新区残疾儿童康复中心,四川省,公立医院,三乙,专科医院,http://zycanlian.org.cn
资阳市中医院,四川省,公立医院,三乙,专科医院,https://www.sczyzyy.cn
广元市第三人民医院,四川省,公立医院,三丙,综合医院,http://www.gyhospital.cn
成都市武侯区人民医院,四川省,公立医院,二甲,综合医院,http://www.cdwhyy.com
成都市新津区人民医院,四川省,公立医院,二甲,综合医院,https://www.xjx120.com
德阳市罗江区人民医院,四川省,公立医院,二甲,综合医院,https://www.ljqrmyy.cn
电子科技大学医院（清水河校区）,四川省,公立医院,二甲,综合医院,https://www.hospital.uestc.edu.cn
广元市朝天区人民医院,四川省,公立医院,二甲,综合医院,http://www.ctrmyy.cn
攀钢集团成都医院,四川省,公立医院,二甲,综合医院,https://www.pgjtcdyy.com
四川省革命伤残军人医院,四川省,公立医院,二甲,综合医院,http://www.scrjyy.com
西充县中医医院,四川省,公立医院,二甲,综合医院,https://www.xcxzyyy.cn
中国五冶集团有限公司医院,四川省,公立医院,二甲,综合医院,http://www.wyyy120.cn
资阳市雁江区人民医院,四川省,公立医院,二甲,综合医院,https://www.zysyjqrmyy.com
阿坝县人民医院,四川省,公立医院,二甲,综合医院,
阿坝州藏医院,四川省,公立医院,二甲,综合医院,
安岳县第三人民医院,四川省,公立医院,二甲,综合医院,
布拖县人民医院,四川省,公立医院,二甲,综合医院,https://www.douyin.com
长宁县人民医院,四川省,公立医院,二甲,综合医院,
成都航天医院,四川省,公立医院,二甲,综合医院,https://www.hkzyy.com.cn
成都军区联勤部机关医院,四川省,公立医院,二甲,综合医院,https://www.cdpayy.cn
成都市第十一人民医院,四川省,公立医院,二甲,综合医院,
成都市郫都区第二人民医院,四川省,公立医院,二甲,综合医院,https://www.px2yy.com
成都市青羊区第三人民医院,四川省,公立医院,二甲,综合医院,https://m.cd3hospital.com
成都市武侯区第三人民医院,四川省,公立医院,二甲,综合医院,http://www.whq120.com
成都市新都区第二人民医院,四川省,公立医院,二甲,综合医院,https://www.xdqdermyy.com
成都体育学院附属体育医院,四川省,公立医院,二甲,综合医院,https://ctfy1958.cdsu.edu.cn
成都无缝钢管厂职工医院,四川省,公立医院,二甲,综合医院,http://www.bgyy598.com
崇州市第二人民医院,四川省,公立医院,二甲,综合医院,
丹棱县人民医院,四川省,公立医院,二甲,综合医院,
大英县人民医院,四川省,公立医院,二甲,综合医院,
大邑县第二人民医院,四川省,公立医院,二甲,综合医院,
德阳市第六人民医院,四川省,公立医院,二甲,综合医院,https://www.dylyy.com
德阳市第五人民医院,四川省,公立医院,二甲,综合医院,http://www.dywuyuan.com
都江堰市第二人民医院,四川省,公立医院,二甲,综合医院,
峨边彝族自治县人民医院,四川省,公立医院,二甲,综合医院,https://www.ebrmyy.com
富顺县人民医院,四川省,公立医院,二甲,综合医院,https://www.fsx120.cn
甘洛县人民医院,四川省,公立医院,二甲,综合医院,http://www.glxrmyy.cn
甘孜藏族自治州藏医院,四川省,公立医院,二甲,综合医院,http://www.gzzrmyy.com
广安市广安区人民医院,四川省,公立医院,二甲,综合医院,
广旺矿务局职工总医院,四川省,公立医院,二甲,综合医院,https://www.bidchance.com
广元市第七人民医院,四川省,公立医院,二甲,综合医院,http://gy120.sc.cn
广元市昭化区人民医院,四川省,公立医院,二甲,综合医院,
汉源县人民医院,四川省,公立医院,二甲,综合医院,http://www.scsyashyxrmyy.cn
黑水县人民医院,四川省,公立医院,二甲,综合医院,
洪雅县人民医院,四川省,公立医院,二甲,综合医院,http://www.mshyxrmyy.com
华蓥市人民医院,四川省,公立医院,二甲,综合医院,https://www.hysrmyy120.com
会东县人民医院,四川省,公立医院,二甲,综合医院,
会理县人民医院,四川省,公立医院,二甲,综合医院,https://www.huilirmyy.cn
夹江县人民医院,四川省,公立医院,二甲,综合医院,https://www.jjxrmyy.cn
江安县人民医院,四川省,公立医院,二甲,综合医院,
剑阁县人民医院,四川省,公立医院,二甲,综合医院,https://www.jgrmyy.cn
江油市第四人民医院,四川省,公立医院,二甲,综合医院,https://www.jy4yy.com
简阳市第二人民医院,四川省,公立医院,二甲,综合医院,http://www.jysdermyy.com
井研县人民医院,四川省,公立医院,二甲,综合医院,
九寨沟县人民医院,四川省,公立医院,二甲,综合医院,
筠连县人民医院,四川省,公立医院,二甲,综合医院,
开江县人民医院,四川省,公立医院,二甲,综合医院,http://www.sckjxrmyy.com
雷波县人民医院,四川省,公立医院,二甲,综合医院,https://www.haodf.com
乐山市第四人民医院,四川省,公立医院,二甲,综合医院,
乐山市五通桥区人民医院,四川省,公立医院,二甲,综合医院,http://www.wtqqrmyy.com
凉山州第一人民医院马道分院,四川省,公立医院,二甲,综合医院,https://www.lsz120.cn
泸定县人民医院,四川省,公立医院,二甲,综合医院,https://www.163.com
罗江县人民医院,四川省,公立医院,二甲,综合医院,https://www.ljqrmyy.cn
泸州市纳溪区人民医院,四川省,公立医院,二甲,综合医院,https://nxqry.com
马边彝族自治县人民医院,四川省,公立医院,二甲,综合医院,http://www.mbrmyy.com
茂县人民医院,四川省,公立医院,二甲,综合医院,
眉山市彭山区人民医院,四川省,公立医院,二甲,综合医院,
冕宁县人民医院,四川省,公立医院,二甲,综合医院,https://www.mnx120.com
绵阳高新区医院,四川省,公立医院,二甲,综合医院,
绵阳市肿瘤医院,四川省,公立医院,二甲,综合医院,https://www.myszlyy.cn
米易县人民医院,四川省,公立医院,二甲,综合医院,https://www.myxrmyy.com
沐川县人民医院,四川省,公立医院,二甲,综合医院,https://www.mcxrmyy.cn
内江市第六人民医院,四川省,公立医院,二甲,综合医院,https://www.nj6yy.com
内江市市中区人民医院,四川省,公立医院,二甲,综合医院,https://www.nj3yy.com
宁南县人民医院,四川省,公立医院,二甲,综合医院,http://www.nnxrmyy.com
攀枝花钢铁集团公司职工总医院密地院区,四川省,公立医院,二甲,综合医院,
攀枝花钢铁有限责任公司密地职工医院,四川省,公立医院,二甲,综合医院,
攀枝花煤业集团总医院,四川省,公立医院,二甲,综合医院,
攀枝花市仁和区人民医院,四川省,公立医院,二甲,综合医院,
平昌县第二人民医院,四川省,公立医院,二甲,综合医院,http://www.pcsh1953.cn
屏山县人民医院,四川省,公立医院,二甲,综合医院,
犍为县人民医院,四川省,公立医院,二甲,综合医院,
青川县人民医院,四川省,公立医院,二甲,综合医院,
青神县人民医院,四川省,公立医院,二甲,综合医院,
荣经县人民医院,四川省,公立医院,二甲,综合医院,
沙湾区人民医院,四川省,公立医院,二甲,综合医院,https://www.swqrmyy.cn
什邡市第二人民医院,四川省,公立医院,二甲,综合医院,https://www.zgdy120.com
水电部第七工程局职工医院,四川省,公立医院,二甲,综合医院,http://news.bidchance.com
四川省201医院,四川省,公立医院,二甲,综合医院,https://www.wchscu.cn
四川省第五人民医院,四川省,公立医院,二甲,综合医院,http://www.scswyy.com
四川省监狱管理局中心医院,四川省,公立医院,二甲,综合医院,https://jyglj.sc.gov.cn
四川省建筑医院,四川省,公立医院,二甲,综合医院,https://www.scsjzyy.com.cn
四川省交通运输厅公路局医院,四川省,公立医院,二甲,综合医院,https://www.scjttglyy.com
四川省科学城医院分院,四川省,公立医院,二甲,综合医院,https://www.kxc120.cn
四川省林业中心医院,四川省,公立医院,二甲,综合医院,https://www.scly120.com
四川省人民医院金牛医院,四川省,公立医院,二甲,综合医院,http://www.scjn120.com
四川省司法警官总医院,四川省,公立医院,二甲,综合医院,
四川省医学科学院附属医院,四川省,公立医院,二甲,综合医院,https://www.samsph.com
四川省岳池县第四人民医院,四川省,公立医院,二甲,综合医院,http://www.ycxrmyy.net
遂宁市安居区人民医院,四川省,公立医院,二甲,综合医院,https://www.snajrmyy.com
遂宁市第三人民医院,四川省,公立医院,二甲,综合医院,https://www.sncsyy.cn
旺苍县煤铁厂医院,四川省,公立医院,二甲,综合医院,
旺苍县人民医院,四川省,公立医院,二甲,综合医院,https://www.wangcang120.com
万源市中心医院,四川省,公立医院,二甲,综合医院,http://www.wyszxyy.com
威远县人民医院,四川省,公立医院,二甲,综合医院,http://www.njwyrmyy.com
武警四川省消防总队医院,四川省,公立医院,二甲,综合医院,https://www.chunyuyisheng.com
武胜县人民医院,四川省,公立医院,二甲,综合医院,
西昌卫星发射中心医院,四川省,公立医院,二甲,综合医院,https://www.meipian.cn
新津县人民医院,四川省,公立医院,二甲,综合医院,https://www.xjx120.com
雅安市第二人民医院,四川省,公立医院,二甲,综合医院,http://www.yaeyy.com
雅安职业技术学院附属医院,四川省,公立医院,二甲,综合医院,https://www.yzyfy-120.com
雅江县人民医院,四川省,公立医院,二甲,综合医院,http://www.yajiang.gov.cn
盐源县人民医院,四川省,公立医院,二甲,综合医院,
宜宾市第五人民医院,四川省,公立医院,二甲,综合医院,https://www.yb5yy.cn
宜宾市高县人民医院,四川省,公立医院,二甲,综合医院,
宜宾市工人医院,四川省,公立医院,二甲,综合医院,
宜宾市珙县人民医院,四川省,公立医院,二甲,综合医院,
宜宾市叙州区人民医院,四川省,公立医院,二甲,综合医院,http://www.ybxrmyy.com
荥经县人民医院,四川省,公立医院,二甲,综合医院,
越西县第一人民医院,四川省,公立医院,二甲,综合医院,
昭觉县人民医院,四川省,公立医院,二甲,综合医院,
中国人民解放军第五十一医院,四川省,公立医院,二甲,综合医院,
中国人民解放军联勤保障部队九四五医院,四川省,公立医院,二甲,综合医院,http://www.924yy.mil.cn
中国水力水电第十工程局职工医院,四川省,公立医院,二甲,综合医院,
中国水利水电第五工程局医院,四川省,公立医院,二甲,综合医院,https://ent.jobmd.cn
中铁二局集团中心医院,四川省,公立医院,二甲,综合医院,http://www.ztej120.com
自贡市第六医院,四川省,公立医院,二甲,综合医院,https://www.zgsyy.cn
梓潼县红十字医院,四川省,公立医院,二甲,综合医院,
梓潼县人民医院,四川省,公立医院,二甲,综合医院,http://www.myztxyy.com
资阳市第三人民医院,四川省,公立医院,二甲,综合医院,https://yyk.fh21.com.cn
成都儿童专科医院,四川省,公立医院,二甲,专科医院,https://www.cdet-hospital.cn
成都市新津区妇幼保健计划生育服务中心,四川省,公立医院,二甲,专科医院,https://www.pxfybjy.cn
绵竹市妇幼保健计划生育服务中心,四川省,公立医院,二甲,专科医院,https://www.163.com
西昌市妇幼保健院（西昌市妇女儿童医院）,四川省,公立医院,二甲,专科医院,http://www.xcfck.com
西充县妇幼保健计划生育服务中心,四川省,公立医院,二甲,专科医院,https://www.ncsxcxfybjy.cn
成都骨科医院,四川省,公立医院,二甲,专科医院,http://www.cdgkyy.com.cn
成都市成华区人民医院,四川省,公立医院,二甲,专科医院,https://m.jianke.com
成都市金牛区中医院,四川省,公立医院,二甲,专科医院,http://www.sctcm120.com
成都市龙泉驿区中医院,四川省,公立医院,二甲,专科医院,https://www.lqzyy.com
成都市青白江区中医院,四川省,公立医院,二甲,专科医院,
成都市青羊区中医医院,四川省,公立医院,二甲,专科医院,https://www.qy-zy.com
成都市温江区第三人民医院,四川省,公立医院,二甲,专科医院,http://www.wjqdsyy.com
成都中山骨科医院,四川省,公立医院,二甲,专科医院,
成都中医药大学附属第二医院,四川省,公立医院,二甲,专科医院,https://www.xdzyy.net
崇州市中医院,四川省,公立医院,二甲,专科医院,https://www.dayi.org.cn
大英县中医医院,四川省,公立医院,二甲,专科医院,
大邑县骨科医院,四川省,公立医院,二甲,专科医院,https://www.dyxgkyy.com
达州市达川区中医医院,四川省,公立医院,二甲,专科医院,http://www.dxzyy.com
达州市渠县中医院,四川省,公立医院,二甲,专科医院,https://www.scqxzyy.com
达州市通川区中医院,四川省,公立医院,二甲,专科医院,
大竹县中医院,四川省,公立医院,二甲,专科医院,https://www.dzxzyy.com.cn
德阳市旌阳区人民医院,四川省,公立医院,二甲,专科医院,http://www.jy120.cc
德阳市旌阳区中医院,四川省,公立医院,二甲,专科医院,http://www.jy120.cc
德阳市中西医结合医院,四川省,公立医院,二甲,专科医院,https://www.dyszxyjhyy.com
都江堰市第三人民医院,四川省,公立医院,二甲,专科医院,
富顺县妇幼保健院,四川省,公立医院,二甲,专科医院,
富顺县中医院,四川省,公立医院,二甲,专科医院,https://www.fsxzyyy.cn
高县中医医院,四川省,公立医院,二甲,专科医院,https://www.ybsgxzyy.com
广汉市骨伤医院,四川省,公立医院,二甲,专科医院,http://ghgkyy.net
广汉市中医医院,四川省,公立医院,二甲,专科医院,http://ghszyyy.com
广元市利州区中医院,四川省,公立医院,二甲,专科医院,http://www.gylzqzyy.com
洪雅县中医院,四川省,公立医院,二甲,专科医院,
夹江老年病专科医院,四川省,公立医院,二甲,专科医院,https://www.haodf.com
江安县中医医院,四川省,公立医院,二甲,专科医院,https://www.jaxzyyy.com
简阳市妇幼保健院,四川省,公立医院,二甲,专科医院,http://www.jysfybjy.com.cn
金堂县中医院,四川省,公立医院,二甲,专科医院,https://www.jtxzyyy.com
开江县中医院,四川省,公立医院,二甲,专科医院,https://www.kjxzyy.cn
阆中市妇幼保健院,四川省,公立医院,二甲,专科医院,
阆中市中医医院,四川省,公立医院,二甲,专科医院,https://www.lzzyyy.com
乐山市精神卫生中心,四川省,公立医院,二甲,专科医院,https://www.lssjswszx.cn
乐山市五通桥区中医院,四川省,公立医院,二甲,专科医院,
邻水县中医医院,四川省,公立医院,二甲,专科医院,https://lsxzyyy.com
泸州市泸县中医医院,四川省,公立医院,二甲,专科医院,
绵阳市安县中医院,四川省,公立医院,二甲,专科医院,https://www.azqzyy.com
绵阳市肛肠病医院,四川省,公立医院,二甲,专科医院,http://www.my8yy.com
南部县妇幼保健院,四川省,公立医院,二甲,专科医院,https://www.nbxfybjy.cn
南部县中医院,四川省,公立医院,二甲,专科医院,http://www.nbzyy.com
南江县中医医院,四川省,公立医院,二甲,专科医院,http://www.njxzyy.cn
宁南县中医院,四川省,公立医院,二甲,专科医院,
蓬安县中医院,四川省,公立医院,二甲,专科医院,
彭州市第四人民医院,四川省,公立医院,二甲,专科医院,
郫都区骨科医院,四川省,公立医院,二甲,专科医院,
平昌县中医医院,四川省,公立医院,二甲,专科医院,https://pcxzyyy.com
犍为县妇幼保健院,四川省,公立医院,二甲,专科医院,
犍为县中医院,四川省,公立医院,二甲,专科医院,https://www.qwxzyy.com
青川县中医医院,四川省,公立医院,二甲,专科医院,https://www.qcxzyyy.cn
青神县中医医院,四川省,公立医院,二甲,专科医院,
邛崃市医疗中心医院中医院院区,四川省,公立医院,二甲,专科医院,
仁寿县妇幼保健院,四川省,公立医院,二甲,专科医院,
三台县中医骨科医院,四川省,公立医院,二甲,专科医院,
石棉县中医医院,四川省,公立医院,二甲,专科医院,
四川省复员退伍军人医院,四川省,公立医院,二甲,专科医院,http://www.scstyjryy.com
四川省乐至县中医医院,四川省,公立医院,二甲,专科医院,http://www.lzzhongyi.com
遂宁市船山区妇幼保健院,四川省,公立医院,二甲,专科医院,https://www.sncsfy.com
遂宁市民康医院,四川省,公立医院,二甲,专科医院,
铁道部第二工程局职业病防治院,四川省,公立医院,二甲,专科医院,http://www.ahzfy.com
通江县妇幼保健院,四川省,公立医院,二甲,专科医院,http://www.tjbjy.cn
旺苍县中医院,四川省,公立医院,二甲,专科医院,https://www.wcxzyyy.cn
万源市中医院,四川省,公立医院,二甲,专科医院,http://www.wyszxyy.com
威远县中医院,四川省,公立医院,二甲,专科医院,http://www.njwyzyy.com
武胜县中医医院,四川省,公立医院,二甲,专科医院,
西昌市中医院,四川省,公立医院,二甲,专科医院,
兴文县中医院,四川省,公立医院,二甲,专科医院,
宣汉县中医院,四川省,公立医院,二甲,专科医院,
盐亭县肿瘤医院,四川省,公立医院,二甲,专科医院,
盐亭县中医院,四川省,公立医院,二甲,专科医院,
宜宾市翠屏区妇幼保健院,四川省,公立医院,二甲,专科医院,
宜宾市第二中医医院,四川省,公立医院,二甲,专科医院,
宜宾市第二中医院江北分院,四川省,公立医院,二甲,专科医院,
宜宾市妇幼保健院,四川省,公立医院,二甲,专科医院,
宜宾市珙县中医院,四川省,公立医院,二甲,专科医院,
宜宾市南溪区中医医院,四川省,公立医院,二甲,专科医院,
宜宾市叙州区中医医院,四川省,公立医院,二甲,专科医院,
仪陇县妇幼保健院,四川省,公立医院,二甲,专科医院,https://www.ylxfybjy.com
仪陇县中医医院,四川省,公立医院,二甲,专科医院,http://www.ylxzyy.com
岳池县中医院,四川省,公立医院,二甲,专科医院,http://www.ycxzyyy.cn
自贡市大安区妇幼保健院,四川省,公立医院,二甲,专科医院,https://www.zgsfybjy.cn
自贡市贡井区中医院,四川省,公立医院,二甲,专科医院,
自贡市荣县中医院,四川省,公立医院,二甲,专科医院,https://www.rxzyyy.com
自贡市自流井区中医院,四川省,公立医院,二甲,专科医院,
梓潼县中医院,四川省,公立医院,二甲,专科医院,http://www.myztxyy.com
资中县中医院,四川省,公立医院,二甲,专科医院,http://www.zzxzyyy.cn
乐山市沙湾区人民医院,四川省,公立医院,二乙,综合医院,https://www.swqrmyy.cn
四川省南充卫生学校附属医院,四川省,公立医院,二乙,综合医院,http://hospital.ncwsxx.com
阿坝藏族羌族自治州理县人民医院,四川省,公立医院,二乙,综合医院,https://www.youlai.cn
白玉县人民医院,四川省,公立医院,二乙,综合医院,
宝兴县人民医院,四川省,公立医院,二乙,综合医院,
巴中市恩阳区人民医院,四川省,公立医院,二乙,综合医院,http://www.eyq120.com
巴州区第二人民医院,四川省,公立医院,二乙,综合医院,https://www.bzqeryy.com
北川羌族自治县人民医院,四川省,公立医院,二乙,综合医院,
北川县人民医院,四川省,公立医院,二乙,综合医院,
成都钢铁厂职工医院,四川省,公立医院,二乙,综合医院,https://new.qq.com
成都金沙医院,四川省,公立医院,二乙,综合医院,http://www.jinsha120.com
成都市阿坝州林业中心医院,四川省,公立医院,二乙,综合医院,http://www.abz120.com
成都市龙泉驿区第二人民医院,四川省,公立医院,二乙,综合医院,http://lqeyy.cn
成都市温江区红十字会医院,四川省,公立医院,二乙,综合医院,http://www.chengduredcross.cn
成都市武侯区第五人民医院,四川省,公立医院,二乙,综合医院,https://www.cd5120.com
川北监狱医院,四川省,公立医院,二乙,综合医院,https://www.nsmc.edu.cn
川化集团公司医院,四川省,公立医院,二乙,综合医院,https://www.81kf.cn
川煤集团广能总医院,四川省,公立医院,二乙,综合医院,https://www.douyin.com
道孚县人民医院,四川省,公立医院,二乙,综合医院,
达州市达川区和平医院,四川省,公立医院,二乙,综合医院,
达州市达川区利民医院,四川省,公立医院,二乙,综合医院,
达州职业技术学院附属医院,四川省,公立医院,二乙,综合医院,https://fsyy.dzvtc.edu.cn
达竹煤电集团公司医院,四川省,公立医院,二乙,综合医院,https://www.scdz120.com
德格县人民医院,四川省,公立医院,二乙,综合医院,http://www.dege.gov.cn
得荣县人民医院,四川省,公立医院,二乙,综合医院,https://www.zgrxrmyy.com
电子科技大学沙河校区医院,四川省,公立医院,二乙,综合医院,https://www.hospital.uestc.edu.cn
都江堰宏惠医院,四川省,公立医院,二乙,综合医院,
甘孜县人民医院,四川省,公立医院,二乙,综合医院,http://www.gzzrmyy.com
甘孜藏族自治州卫生学校附属医院,四川省,公立医院,二乙,综合医院,
广汉市第三人民医院,四川省,公立医院,二乙,综合医院,https://www.ghsrmyy.com
广能集团绿水洞医院,四川省,公立医院,二乙,综合医院,
广元监狱医院,四川省,公立医院,二乙,综合医院,
广元市利州区第二人民医院,四川省,公立医院,二乙,综合医院,http://www.gy120.sc.cn
广元市利州区人民医院,四川省,公立医院,二乙,综合医院,
广元市市中区人民医院,四川省,公立医院,二乙,综合医院,https://www.wangcang120.com
国营八二一厂职工医院,四川省,公立医院,二乙,综合医院,http://www.sxsrfjrdeyy.com
国营八一四厂职工医院,四川省,公立医院,二乙,综合医院,http://904yy.mil.cn
国营泸州化工厂职工医院,四川省,公立医院,二乙,综合医院,http://www.fzslyy.com
国营石油管理局川南矿区职工医院,四川省,公立医院,二乙,综合医院,
会理县第二人民医院,四川省,公立医院,二乙,综合医院,
会理县会川医院,四川省,公立医院,二乙,综合医院,https://www.huilirmyy.cn
金川县人民医院,四川省,公立医院,二乙,综合医院,
金堂县第三人民医院,四川省,公立医院,二乙,综合医院,http://www.jtxsyy.com
金阳县人民医院,四川省,公立医院,二乙,综合医院,https://www.scsjyxrmyy.cn
九龙县人民医院,四川省,公立医院,二乙,综合医院,
康定市人民医院,四川省,公立医院,二乙,综合医院,http://www.gzzrmyy.com
阆中中山医院,四川省,公立医院,二乙,综合医院,
炉霍县人民医院,四川省,公立医院,二乙,综合医院,https://www.lsdcxrmyy.com
芦山县人民医院,四川省,公立医院,二乙,综合医院,http://www.yalsxyy.com
泸天化工集团有限责任公司职工医院,四川省,公立医院,二乙,综合医院,https://www.lutianhua-group.com
泸州市龙马潭区泸化医院,四川省,公立医院,二乙,综合医院,
泸州市泸县第二人民医院,四川省,公立医院,二乙,综合医院,https://www.lxery.com
泸州市纳溪区护国红十字医院,四川省,公立医院,二乙,综合医院,
美姑县人民医院,四川省,公立医院,二乙,综合医院,
绵阳经开区松垭人民医院,四川省,公立医院,二乙,综合医院,http://www.mynry.com
绵阳市安县第二人民医院,四川省,公立医院,二乙,综合医院,
绵阳市游仙区第二人民医院,四川省,公立医院,二乙,综合医院,https://news.sina.cn
绵阳市游仙区人民医院,四川省,公立医院,二乙,综合医院,https://m.jianke.com
绵竹市第二人民医院,四川省,公立医院,二乙,综合医院,https://www.zgdy120.com
南充市第三人民医院,四川省,公立医院,二乙,综合医院,https://www.myzx.cn
内江市椑木第一医院,四川省,公立医院,二乙,综合医院,
内江市第四人民医院,四川省,公立医院,二乙,综合医院,https://www.njyy.com.cn
攀钢西昌医院,四川省,公立医院,二乙,综合医院,
攀西监狱医院,四川省,公立医院,二乙,综合医院,https://www.163.com
攀枝花市中心医院仁和分院,四川省,公立医院,二乙,综合医院,
普格县人民医院,四川省,公立医院,二乙,综合医院,https://www.scpgyy.com
荞窝监狱医院,四川省,公立医院,二乙,综合医院,http://jyzxyy.gd.gov.cn
色达县人民医院,四川省,公立医院,二乙,综合医院,http://lsdcxrmyy.com
石渠县人民医院,四川省,公立医院,二乙,综合医院,http://www.scqxrmyy.com
四川川投长城特殊钢公司第三钢厂职工医院,四川省,公立医院,二乙,综合医院,
四川川投长城特殊钢公司第四钢厂职工医院,四川省,公立医院,二乙,综合医院,
四川华西公司职工医院,四川省,公立医院,二乙,综合医院,http://wchscu.cn
四川省阿坝监狱医院,四川省,公立医院,二乙,综合医院,
四川省雷马屏监狱医院,四川省,公立医院,二乙,综合医院,https://jyglj.sc.gov.cn
四川省凉山监狱医院,四川省,公立医院,二乙,综合医院,https://jyglj.sc.gov.cn
四川省南充市新华医院,四川省,公立医院,二乙,综合医院,https://www.xh1958.com
四川省若尔盖县藏医院,四川省,公立医院,二乙,综合医院,
四川石棉县川矿医院,四川省,公立医院,二乙,综合医院,
四川石油管理局川西南矿区职工医院,四川省,公立医院,二乙,综合医院,
遂宁安居新安医院,四川省,公立医院,二乙,综合医院,
遂宁市市中区人民医院,四川省,公立医院,二乙,综合医院,http://www.snszyy.com
铁道部第二勘测设计院医院,四川省,公立医院,二乙,综合医院,
万源市第二人民医院,四川省,公立医院,二乙,综合医院,http://www.wyszxyy.com
五通桥盐化医院,四川省,公立医院,二乙,综合医院,
乡城县人民医院,四川省,公立医院,二乙,综合医院,http://xcxrmyy.net
喜德县人民医院,四川省,公立医院,二乙,综合医院,
溪洛渡工程坝区医院,四川省,公立医院,二乙,综合医院,
西南医科大学附属医院石油分院,四川省,公立医院,二乙,综合医院,
兴文县人民医院晏阳分院,四川省,公立医院,二乙,综合医院,
宣汉县第二人民医院,四川省,公立医院,二乙,综合医院,http://www.xhdeyy.com
宣汉县第三人民医院,四川省,公立医院,二乙,综合医院,http://www.xuanhan.gov.cn
盐边县人民医院,四川省,公立医院,二乙,综合医院,
宜宾市南溪区第二人民医院,四川省,公立医院,二乙,综合医院,
中国人民解放军第5701厂医院,四川省,公立医院,二乙,综合医院,
中江县第四人民医院,四川省,公立医院,二乙,综合医院,
自贡七六四医院,四川省,公立医院,二乙,综合医院,
自贡市第七人民医院,四川省,公立医院,二乙,综合医院,
自贡市东方医院,四川省,公立医院,二乙,综合医院,
自贡市光大医院,四川省,公立医院,二乙,综合医院,
自贡市鸿鹤医院,四川省,公立医院,二乙,综合医院,
自贡市沿滩区人民医院,四川省,公立医院,二乙,综合医院,
自贡市张家坝医院,四川省,公立医院,二乙,综合医院,
自贡市自流井区第二人民医院,四川省,公立医院,二乙,综合医院,
乐山市市中区肿瘤医院,四川省,公立医院,二乙,专科医院,
阿坝藏族羌族自治州茂县中医院,四川省,公立医院,二乙,专科医院,
北川羌族自治县中医院,四川省,公立医院,二乙,专科医院,
成都市温江区中医院,四川省,公立医院,二乙,专科医院,
成都中医药大学第三附属医院,四川省,公立医院,二乙,专科医院,
达州口腔专科医院,四川省,公立医院,二乙,专科医院,
达州市民康医院大竹分院,四川省,公立医院,二乙,专科医院,
达州市生殖专科医院,四川省,公立医院,二乙,专科医院,
德昌县中医院,四川省,公立医院,二乙,专科医院,https://www.dcxzyyy.com
都江堰市市骨伤专科医院,四川省,公立医院,二乙,专科医院,
都江堰市中医骨科专科医院,四川省,公立医院,二乙,专科医院,
峨边彝族自治县中医医院,四川省,公立医院,二乙,专科医院,http://www.eb.gov.cn
峨眉山市妇幼保健院,四川省,公立医院,二乙,专科医院,https://www.embjy.com
广安市精神病院,四川省,公立医院,二乙,专科医院,http://gaqrmyy.com
广汉市精神病医院,四川省,公立医院,二乙,专科医院,https://www.guanghan.gov.cn
广元市朝天区中医医院,四川省,公立医院,二乙,专科医院,https://www.163.com
广元市元坝区中医院,四川省,公立医院,二乙,专科医院,https://www.gyszyy.net
古蔺县中医院,四川省,公立医院,二乙,专科医院,https://www.163.com
夹江县中医院,四川省,公立医院,二乙,专科医院,https://scsjjxzyyy.cn
江油市骨科医院,四川省,公立医院,二乙,专科医院,https://yyk.fh21.com.cn
江油市老年病医院,四川省,公立医院,二乙,专科医院,http://www.scjylnb.cn
井研县中医医院,四川省,公立医院,二乙,专科医院,https://jyxzyyy.com
锦江区中医医院,四川省,公立医院,二乙,专科医院,https://www.cd2120.com
金堂县精神病医院,四川省,公立医院,二乙,专科医院,http://www.jtak.cc
筠连县中医院,四川省,公立医院,二乙,专科医院,https://www.douyin.com
乐山骨科医院,四川省,公立医院,二乙,专科医院,https://www.163.com
乐山市第二精神病医院,四川省,公立医院,二乙,专科医院,
乐山市精神病院,四川省,公立医院,二乙,专科医院,http://www.lssjsbyy.com
隆昌市第二人民医院,四川省,公立医院,二乙,专科医院,http://www.lcsjsbyy.com
泸定县中医院,四川省,公立医院,二乙,专科医院,http://www.luding.gov.cn
炉霍县妇幼保健院,四川省,公立医院,二乙,专科医院,
泸县康复医院,四川省,公立医院,二乙,专科医院,
泸州市精神病医院,四川省,公立医院,二乙,专科医院,
泸州市龙马潭区中医院,四川省,公立医院,二乙,专科医院,https://m.jianke.com
泸州市纳溪区中医医院,四川省,公立医院,二乙,专科医院,
马边彝族自治县中医院,四川省,公立医院,二乙,专科医院,https://dy.163.com
冕宁县中医医院,四川省,公立医院,二乙,专科医院,https://www.mnx120.com
绵阳市涪城区妇幼保健院,四川省,公立医院,二乙,专科医院,https://www.mysfcqfybjy.com
绵竹市精神病医院,四川省,公立医院,二乙,专科医院,
南充市第三中医院,四川省,公立医院,二乙,专科医院,https://www.163.com
南充市高坪区第二中医医院,四川省,公立医院,二乙,专科医院,
南充市高坪区中医医院,四川省,公立医院,二乙,专科医院,http://www.ncgpzyyy.com
南溪县中医院,四川省,公立医院,二乙,专科医院,https://www.ybszyy.com.cn
攀枝花第四人民医院,四川省,公立医院,二乙,专科医院,
平武县中医院,四川省,公立医院,二乙,专科医院,https://www.pcxzyyy.com
天全县中医院,四川省,公立医院,二乙,专科医院,
汶川县中医医院,四川省,公立医院,二乙,专科医院,https://www.wcxzyyysc.com
西昌口腔医院,四川省,公立医院,二乙,专科医院,
叙永县中医医院,四川省,公立医院,二乙,专科医院,
盐边县中医院,四川省,公立医院,二乙,专科医院,
盐亭康复医院,四川省,公立医院,二乙,专科医院,
宜宾骨科医院,四川省,公立医院,二乙,专科医院,https://www.163.com
荥经县中西医结合医院,四川省,公立医院,二乙,专科医院,
岳池县精神病院,四川省,公立医院,二乙,专科医院,http://www.ycxrmyy.net
中江县中医院,四川省,公立医院,二乙,专科医院,https://www.zjxjjzx.cn
自贡市大安区人民医院,四川省,公立医院,二乙,专科医院,
合江县神臂城镇卫生院,四川省,公立医院,未定级,综合医院,https://www.163.com
四川大学华西医院上锦医院,四川省,私立医院,三甲,综合医院,http://sj.cd120.com
四川友谊医院,四川省,私立医院,三甲,综合医院,
攀枝花市第三人民医院,四川省,私立医院,三甲,专科医院,http://www.pzhsyy.org
成都新华医院,四川省,私立医院,三乙,综合医院,https://www.xh1958.com
四川宝石花医院,四川省,私立医院,三乙,综合医院,http://www.scbshyy.com
爱尔眼科成都,四川省,私立医院,三乙,专科医院,https://www.aier028.com
成都东区爱尔眼科医院,四川省,私立医院,三乙,专科医院,https://aiereast.com
成都市锦江区妇幼保健院,四川省,私立医院,三乙,专科医院,https://www.youlai.cn
乐山老年病专科医院,四川省,私立医院,三乙,专科医院,https://www.lslnb.com
成都双楠医院,四川省,私立医院,二甲,综合医院,https://www.cdsnyy.cn
成都誉美医院,四川省,私立医院,二甲,综合医院,https://m.meb.com
荣县新城医院,四川省,私立医院,二甲,综合医院,http://www.rxxcyy.com
西南兵工成都医院,四川省,私立医院,二甲,综合医院,http://www.bgyy598.com
巴中回风医院,四川省,私立医院,二甲,综合医院,
成都长江医院,四川省,私立医院,二甲,综合医院,http://www.cdcj120.com
成都九星医院,四川省,私立医院,二甲,综合医院,
成都平安医院,四川省,私立医院,二甲,综合医院,http://www.cdkqnm.com
绵阳富临医院,四川省,私立医院,二甲,综合医院,
南充市东方医院,四川省,私立医院,二甲,综合医院,https://www.kq36.cn
彭州同一医院,四川省,私立医院,二甲,综合医院,
什邡宏达医院,四川省,私立医院,二甲,综合医院,https://new.qq.com
四川电力医院,四川省,私立医院,二甲,综合医院,https://www.hchina.com
通江新区医院,四川省,私立医院,二甲,综合医院,https://www.tjxxqrmyy.com
自贡高新医院,四川省,私立医院,二甲,综合医院,https://www.zggxyy.cn
成都高新高鹏疼痛病医院,四川省,私立医院,二甲,专科医院,
成都锦江大观医院,四川省,私立医院,二甲,专科医院,http://www.cddaguan.com
成都武侯成双医院,四川省,私立医院,二甲,专科医院,https://m.cdsnyy120.com
大邑县中医院,四川省,私立医院,二甲,专科医院,
广安正康医院,四川省,私立医院,二甲,专科医院,http://www.gasfybjy.cn
眉山骨科医院,四川省,私立医院,二甲,专科医院,https://www.mstcm.com.cn
眉山肿瘤医院,四川省,私立医院,二甲,专科医院,http://mszlyy.cn
绵阳耳鼻喉医院,四川省,私立医院,二甲,专科医院,https://m.haodf.com
彭州北海道同位素检测医院,四川省,私立医院,二甲,专科医院,
四川奥斯迪康骨医院,四川省,私立医院,二甲,专科医院,
四川何氏骨科医院,四川省,私立医院,二甲,专科医院,
西昌王氏骨科专科医院,四川省,私立医院,二甲,专科医院,
西昌现代妇产医院,四川省,私立医院,二甲,专科医院,http://www.xcfck.com
眉山蕴缨妇产医院,四川省,私立医院,二乙,综合医院,
成都济宏医院,四川省,私立医院,二乙,综合医院,http://www.hjtbianque.cn
成都市东区医院,四川省,私立医院,二乙,综合医院,https://www.cdcdyy.com
成都五块石医院,四川省,私立医院,二乙,综合医院,https://www.kq36.cn
达川市达川区新桥医院,四川省,私立医院,二乙,综合医院,
达州华西妇科医院,四川省,私立医院,二乙,综合医院,https://www.wchscu.cn
达州济民医院,四川省,私立医院,二乙,综合医院,
达州市通川区红十字医院,四川省,私立医院,二乙,综合医院,
达州伍青妇科医院,四川省,私立医院,二乙,综合医院,
广安福源医院,四川省,私立医院,二乙,综合医院,
广元八二一医院,四川省,私立医院,二乙,综合医院,
广元湘康医院,四川省,私立医院,二乙,综合医院,http://www.gyxkyy.cn
广元协和医院,四川省,私立医院,二乙,综合医院,
阆中名城医院,四川省,私立医院,二乙,综合医院,
雷波永康医院,四川省,私立医院,二乙,综合医院,http://www.lsckhospital.com
邻水东方医院,四川省,私立医院,二乙,综合医院,https://lsxzyyy.com
隆昌新友好医院,四川省,私立医院,二乙,综合医院,https://www.lcsrmyy.cn
泸州健国医院,四川省,私立医院,二乙,综合医院,
泸州江阳区实邻医院,四川省,私立医院,二乙,综合医院,https://jiangyang.gov.cn
泸州纳溪康桥医院,四川省,私立医院,二乙,综合医院,http://www.luzhoushinaxiquzhongyiyiyuan.com
绵阳佰信医院,四川省,私立医院,二乙,综合医院,https://www.163.com
绵阳协和医院,四川省,私立医院,二乙,综合医院,
绵阳西区医院,四川省,私立医院,二乙,综合医院,http://www.myzyy.com
南充百姓医院,四川省,私立医院,二乙,综合医院,https://www.dayi.org.cn
南江惠民医院,四川省,私立医院,二乙,综合医院,
蓬安县博爱医院,四川省,私立医院,二乙,综合医院,
蓬溪县天仁医院,四川省,私立医院,二乙,综合医院,https://www.pengxi.gov.cn
四川省南充市营山同仁医院,四川省,私立医院,二乙,综合医院,
武胜博爱医院,四川省,私立医院,二乙,综合医院,http://wsba120.com
五心权健医院,四川省,私立医院,二乙,综合医院,
西充县红十字府南医院,四川省,私立医院,二乙,综合医院,http://www.ncxz.org
宣汉县济康医院,四川省,私立医院,二乙,综合医院,http://www.xhdeyy.com
雅安红十字医院,四川省,私立医院,二乙,综合医院,http://www.yaredcross.com
宜宾南山医院,四川省,私立医院,二乙,综合医院,https://www.163.com
宜宾蜀南医院,四川省,私立医院,二乙,综合医院,
仪陇仁和胃肠医院,四川省,私立医院,二乙,综合医院,
岳池红十字川东医院,四川省,私立医院,二乙,综合医院,
梓潼县太康医院,四川省,私立医院,二乙,综合医院,
安岳康馨妇女儿童医院,四川省,私立医院,二乙,专科医院,
巴中平昌耳鼻喉专科医院,四川省,私立医院,二乙,专科医院,
达州博大康复医院,四川省,私立医院,二乙,专科医院,
达州新阳光专科医院,四川省,私立医院,二乙,专科医院,
广元万江眼科医院,四川省,私立医院,二乙,专科医院,
夹江康复专科医院,四川省,私立医院,二乙,专科医院,
江油同仁糖尿病医院,四川省,私立医院,二乙,专科医院,
金堂黄氏中西医骨科医院,四川省,私立医院,二乙,专科医院,
泸州爱瑞眼科医院,四川省,私立医院,二乙,专科医院,https://dy.163.com
绵阳万江眼科医院,四川省,私立医院,二乙,专科医院,http://www.wjykyy.com
南部肛肠专科医院,四川省,私立医院,二乙,专科医院,https://www.meipian.cn
蓬溪县中医医院,四川省,私立医院,二乙,专科医院,
青神康达骨科医院,四川省,私立医院,二乙,专科医院,https://www.scqs.gov.cn
通川骨伤医院,四川省,私立医院,二乙,专科医院,https://dy.163.com
宜宾川南体育骨科医院,四川省,私立医院,二乙,专科医院,https://www.rngkyy.cn
宜宾正健医院,四川省,私立医院,二乙,专科医院,http://www.ybzjyy.com
自贡爱尔眼科医院,四川省,私立医院,二乙,专科医院,
自贡妇产科医院,四川省,私立医院,二乙,专科医院,https://yyk.familydoctor.com.cn
资阳爱尔眼科医院,四川省,私立医院,二乙,专科医院,http://www.zyaier.com
资阳毛氏骨科医院,四川省,私立医院,二乙,专科医院,
成都川蜀血管病医院,四川省,私立医院,二丙,专科医院,http://www.abxgb.com
成都京东方医院,四川省,私立医院,未定级,综合医院,https://www.cdboehospital.com
泸州福欣医院,四川省,私立医院,未定级,综合医院,
成都华佑戒毒医院,四川省,私立医院,未定级,专科医院,http://www.ihuayou.com
成都西囡妇科医院,四川省,私立医院,未定级,专科医院,https://www.cdxnfk.com
